แพ็กเกจ,ระดับ,ประเภท (Pricebook),ประเภท (เว็บ),ขนาด,รายการ,หน่วย,ราคาบนเว็บ ก่อน VAT,ราคา Pricebook ก่อน VAT,รับประกัน,การดูแล,เอกสาร,รวม,ไม่รวม,สถานะ
Basic Clean,C1,ติดผนัง,wall,"9,000-18,000","ล้างแอร์ติดผนัง 9,000-18,000 BTU",เครื่อง,700,650,30 วัน,ไม่มี Service Care,ใบรับมอบงานแบบย่อ + ตรวจ Function/Drain/Error,"Precheck, ป้องกันพื้นที่, ล้าง FCU/CDU ตามจุดที่เข้าถึงได้, ประกอบและทดสอบ Function/Drain/Error",ไม่รวมซ่อม อะไหล่ เติมสารทำความเย็น ระบบไฟต้นทาง งานสูง และรายการนอก QTN,Active
Basic Clean,C2,ติดผนัง,wall,"9,000-18,000","ล้างแอร์ติดผนัง 9,000-18,000 BTU",เครื่อง,1700,1700,30 วัน,ไม่มี Service Care,ใบรับมอบงานแบบย่อ + บันทึกชิ้นส่วนที่ถอด,รวม C1 และถอดล้างเฉพาะ Blower/Drain Pan/ชิ้นส่วนที่ระบุและเข้าถึงได้อย่างปลอดภัย,"ไม่รวม Motor, PCB, ถอด Coil, เปิดวงจรสารทำความเย็น งานโครงสร้าง และรายการนอก QTN",Derived: C1 + C2 standard add-on
Basic Clean,C1,ติดผนัง,wall,"19,000-24,000","ล้างแอร์ติดผนัง 19,000-24,000 BTU",เครื่อง,700,700,30 วัน,ไม่มี Service Care,ใบรับมอบงานแบบย่อ + ตรวจ Function/Drain/Error,"Precheck, ป้องกันพื้นที่, ล้าง FCU/CDU ตามจุดที่เข้าถึงได้, ประกอบและทดสอบ Function/Drain/Error",ไม่รวมซ่อม อะไหล่ เติมสารทำความเย็น ระบบไฟต้นทาง งานสูง และรายการนอก QTN,Active
Basic Clean,C2,ติดผนัง,wall,"19,000-24,000","ล้างแอร์ติดผนัง 19,000-24,000 BTU",เครื่อง,1800,1750,30 วัน,ไม่มี Service Care,ใบรับมอบงานแบบย่อ + บันทึกชิ้นส่วนที่ถอด,รวม C1 และถอดล้างเฉพาะ Blower/Drain Pan/ชิ้นส่วนที่ระบุและเข้าถึงได้อย่างปลอดภัย,"ไม่รวม Motor, PCB, ถอด Coil, เปิดวงจรสารทำความเย็น งานโครงสร้าง และรายการนอก QTN",Derived: C1 + C2 standard add-on
Basic Clean,C1,ติดผนัง,wall,"25,000-36,000","ล้างแอร์ติดผนัง 25,000-36,000 BTU",เครื่อง,900,850,30 วัน,ไม่มี Service Care,ใบรับมอบงานแบบย่อ + ตรวจ Function/Drain/Error,"Precheck, ป้องกันพื้นที่, ล้าง FCU/CDU ตามจุดที่เข้าถึงได้, ประกอบและทดสอบ Function/Drain/Error",ไม่รวมซ่อม อะไหล่ เติมสารทำความเย็น ระบบไฟต้นทาง งานสูง และรายการนอก QTN,Active
Basic Clean,C2,ติดผนัง,wall,"25,000-36,000","ล้างแอร์ติดผนัง 25,000-36,000 BTU",เครื่อง,1900,1900,30 วัน,ไม่มี Service Care,ใบรับมอบงานแบบย่อ + บันทึกชิ้นส่วนที่ถอด,รวม C1 และถอดล้างเฉพาะ Blower/Drain Pan/ชิ้นส่วนที่ระบุและเข้าถึงได้อย่างปลอดภัย,"ไม่รวม Motor, PCB, ถอด Coil, เปิดวงจรสารทำความเย็น งานโครงสร้าง และรายการนอก QTN",Derived: C1 + C2 standard add-on
Basic Clean,C1,ติดผนัง,wall,"37,000-60,000","ล้างแอร์ติดผนัง 37,000-60,000 BTU",เครื่อง,1100,1050,30 วัน,ไม่มี Service Care,ใบรับมอบงานแบบย่อ + ตรวจ Function/Drain/Error,"Precheck, ป้องกันพื้นที่, ล้าง FCU/CDU ตามจุดที่เข้าถึงได้, ประกอบและทดสอบ Function/Drain/Error",ไม่รวมซ่อม อะไหล่ เติมสารทำความเย็น ระบบไฟต้นทาง งานสูง และรายการนอก QTN,Active
Basic Clean,C2,ติดผนัง,wall,"37,000-60,000","ล้างแอร์ติดผนัง 37,000-60,000 BTU",เครื่อง,2100,2100,30 วัน,ไม่มี Service Care,ใบรับมอบงานแบบย่อ + บันทึกชิ้นส่วนที่ถอด,รวม C1 และถอดล้างเฉพาะ Blower/Drain Pan/ชิ้นส่วนที่ระบุและเข้าถึงได้อย่างปลอดภัย,"ไม่รวม Motor, PCB, ถอด Coil, เปิดวงจรสารทำความเย็น งานโครงสร้าง และรายการนอก QTN",Derived: C1 + C2 standard add-on
Basic Clean,C1,แขวนใต้ฝ้า,ceiling,"<=24,000","ล้างแอร์แขวนใต้ฝ้า ไม่เกิน 24,000 BTU",เครื่อง,1100,1050,30 วัน,ไม่มี Service Care,ใบรับมอบงานแบบย่อ + ตรวจ Function/Drain/Error,"Precheck, ป้องกันพื้นที่, ล้าง FCU/CDU ตามจุดที่เข้าถึงได้, ประกอบและทดสอบ Function/Drain/Error",ไม่รวมซ่อม อะไหล่ เติมสารทำความเย็น ระบบไฟต้นทาง งานสูง และรายการนอก QTN,Active
Basic Clean,C2,แขวนใต้ฝ้า,ceiling,"<=24,000","ล้างแอร์แขวนใต้ฝ้า ไม่เกิน 24,000 BTU",เครื่อง,2500,2450,30 วัน,ไม่มี Service Care,ใบรับมอบงานแบบย่อ + บันทึกชิ้นส่วนที่ถอด,รวม C1 และถอดล้างเฉพาะ Blower/Drain Pan/ชิ้นส่วนที่ระบุและเข้าถึงได้อย่างปลอดภัย,"ไม่รวม Motor, PCB, ถอด Coil, เปิดวงจรสารทำความเย็น งานโครงสร้าง และรายการนอก QTN",Derived: C1 + C2 standard add-on
Basic Clean,C1,แขวนใต้ฝ้า,ceiling,"25,000-36,000","ล้างแอร์แขวนใต้ฝ้า 25,000-36,000 BTU",เครื่อง,1200,1200,30 วัน,ไม่มี Service Care,ใบรับมอบงานแบบย่อ + ตรวจ Function/Drain/Error,"Precheck, ป้องกันพื้นที่, ล้าง FCU/CDU ตามจุดที่เข้าถึงได้, ประกอบและทดสอบ Function/Drain/Error",ไม่รวมซ่อม อะไหล่ เติมสารทำความเย็น ระบบไฟต้นทาง งานสูง และรายการนอก QTN,Active
Basic Clean,C2,แขวนใต้ฝ้า,ceiling,"25,000-36,000","ล้างแอร์แขวนใต้ฝ้า 25,000-36,000 BTU",เครื่อง,2600,2600,30 วัน,ไม่มี Service Care,ใบรับมอบงานแบบย่อ + บันทึกชิ้นส่วนที่ถอด,รวม C1 และถอดล้างเฉพาะ Blower/Drain Pan/ชิ้นส่วนที่ระบุและเข้าถึงได้อย่างปลอดภัย,"ไม่รวม Motor, PCB, ถอด Coil, เปิดวงจรสารทำความเย็น งานโครงสร้าง และรายการนอก QTN",Derived: C1 + C2 standard add-on
Basic Clean,C1,แขวนใต้ฝ้า,ceiling,"37,000-48,000","ล้างแอร์แขวนใต้ฝ้า 37,000-48,000 BTU",เครื่อง,1400,1350,30 วัน,ไม่มี Service Care,ใบรับมอบงานแบบย่อ + ตรวจ Function/Drain/Error,"Precheck, ป้องกันพื้นที่, ล้าง FCU/CDU ตามจุดที่เข้าถึงได้, ประกอบและทดสอบ Function/Drain/Error",ไม่รวมซ่อม อะไหล่ เติมสารทำความเย็น ระบบไฟต้นทาง งานสูง และรายการนอก QTN,Active
Basic Clean,C2,แขวนใต้ฝ้า,ceiling,"37,000-48,000","ล้างแอร์แขวนใต้ฝ้า 37,000-48,000 BTU",เครื่อง,2800,2750,30 วัน,ไม่มี Service Care,ใบรับมอบงานแบบย่อ + บันทึกชิ้นส่วนที่ถอด,รวม C1 และถอดล้างเฉพาะ Blower/Drain Pan/ชิ้นส่วนที่ระบุและเข้าถึงได้อย่างปลอดภัย,"ไม่รวม Motor, PCB, ถอด Coil, เปิดวงจรสารทำความเย็น งานโครงสร้าง และรายการนอก QTN",Derived: C1 + C2 standard add-on
Basic Clean,C1,แขวนใต้ฝ้า,ceiling,"49,000-60,000","ล้างแอร์แขวนใต้ฝ้า 49,000-60,000 BTU",เครื่อง,1500,1500,30 วัน,ไม่มี Service Care,ใบรับมอบงานแบบย่อ + ตรวจ Function/Drain/Error,"Precheck, ป้องกันพื้นที่, ล้าง FCU/CDU ตามจุดที่เข้าถึงได้, ประกอบและทดสอบ Function/Drain/Error",ไม่รวมซ่อม อะไหล่ เติมสารทำความเย็น ระบบไฟต้นทาง งานสูง และรายการนอก QTN,Active
Basic Clean,C2,แขวนใต้ฝ้า,ceiling,"49,000-60,000","ล้างแอร์แขวนใต้ฝ้า 49,000-60,000 BTU",เครื่อง,2900,2900,30 วัน,ไม่มี Service Care,ใบรับมอบงานแบบย่อ + บันทึกชิ้นส่วนที่ถอด,รวม C1 และถอดล้างเฉพาะ Blower/Drain Pan/ชิ้นส่วนที่ระบุและเข้าถึงได้อย่างปลอดภัย,"ไม่รวม Motor, PCB, ถอด Coil, เปิดวงจรสารทำความเย็น งานโครงสร้าง และรายการนอก QTN",Derived: C1 + C2 standard add-on
Basic Clean,C1,ตั้งพื้น/ตั้งตู้,floor,"<=24,000","ล้างแอร์ตั้งพื้น/ตั้งตู้ ไม่เกิน 24,000 BTU",เครื่อง,1100,1050,30 วัน,ไม่มี Service Care,ใบรับมอบงานแบบย่อ + ตรวจ Function/Drain/Error,"Precheck, ป้องกันพื้นที่, ล้าง FCU/CDU ตามจุดที่เข้าถึงได้, ประกอบและทดสอบ Function/Drain/Error",ไม่รวมซ่อม อะไหล่ เติมสารทำความเย็น ระบบไฟต้นทาง งานสูง และรายการนอก QTN,Active
Basic Clean,C2,ตั้งพื้น/ตั้งตู้,floor,"<=24,000","ล้างแอร์ตั้งพื้น/ตั้งตู้ ไม่เกิน 24,000 BTU",เครื่อง,2500,2450,30 วัน,ไม่มี Service Care,ใบรับมอบงานแบบย่อ + บันทึกชิ้นส่วนที่ถอด,รวม C1 และถอดล้างเฉพาะ Blower/Drain Pan/ชิ้นส่วนที่ระบุและเข้าถึงได้อย่างปลอดภัย,"ไม่รวม Motor, PCB, ถอด Coil, เปิดวงจรสารทำความเย็น งานโครงสร้าง และรายการนอก QTN",Derived: C1 + C2 standard add-on
Basic Clean,C1,ตั้งพื้น/ตั้งตู้,floor,"25,000-36,000","ล้างแอร์ตั้งพื้น/ตั้งตู้ 25,000-36,000 BTU",เครื่อง,1200,1200,30 วัน,ไม่มี Service Care,ใบรับมอบงานแบบย่อ + ตรวจ Function/Drain/Error,"Precheck, ป้องกันพื้นที่, ล้าง FCU/CDU ตามจุดที่เข้าถึงได้, ประกอบและทดสอบ Function/Drain/Error",ไม่รวมซ่อม อะไหล่ เติมสารทำความเย็น ระบบไฟต้นทาง งานสูง และรายการนอก QTN,Active
Basic Clean,C2,ตั้งพื้น/ตั้งตู้,floor,"25,000-36,000","ล้างแอร์ตั้งพื้น/ตั้งตู้ 25,000-36,000 BTU",เครื่อง,2600,2600,30 วัน,ไม่มี Service Care,ใบรับมอบงานแบบย่อ + บันทึกชิ้นส่วนที่ถอด,รวม C1 และถอดล้างเฉพาะ Blower/Drain Pan/ชิ้นส่วนที่ระบุและเข้าถึงได้อย่างปลอดภัย,"ไม่รวม Motor, PCB, ถอด Coil, เปิดวงจรสารทำความเย็น งานโครงสร้าง และรายการนอก QTN",Derived: C1 + C2 standard add-on
Basic Clean,C1,ตั้งพื้น/ตั้งตู้,floor,"37,000-48,000","ล้างแอร์ตั้งพื้น/ตั้งตู้ 37,000-48,000 BTU",เครื่อง,1400,1350,30 วัน,ไม่มี Service Care,ใบรับมอบงานแบบย่อ + ตรวจ Function/Drain/Error,"Precheck, ป้องกันพื้นที่, ล้าง FCU/CDU ตามจุดที่เข้าถึงได้, ประกอบและทดสอบ Function/Drain/Error",ไม่รวมซ่อม อะไหล่ เติมสารทำความเย็น ระบบไฟต้นทาง งานสูง และรายการนอก QTN,Active
Basic Clean,C2,ตั้งพื้น/ตั้งตู้,floor,"37,000-48,000","ล้างแอร์ตั้งพื้น/ตั้งตู้ 37,000-48,000 BTU",เครื่อง,2800,2750,30 วัน,ไม่มี Service Care,ใบรับมอบงานแบบย่อ + บันทึกชิ้นส่วนที่ถอด,รวม C1 และถอดล้างเฉพาะ Blower/Drain Pan/ชิ้นส่วนที่ระบุและเข้าถึงได้อย่างปลอดภัย,"ไม่รวม Motor, PCB, ถอด Coil, เปิดวงจรสารทำความเย็น งานโครงสร้าง และรายการนอก QTN",Derived: C1 + C2 standard add-on
Basic Clean,C1,ตั้งพื้น/ตั้งตู้,floor,"49,000-60,000","ล้างแอร์ตั้งพื้น/ตั้งตู้ 49,000-60,000 BTU",เครื่อง,1500,1500,30 วัน,ไม่มี Service Care,ใบรับมอบงานแบบย่อ + ตรวจ Function/Drain/Error,"Precheck, ป้องกันพื้นที่, ล้าง FCU/CDU ตามจุดที่เข้าถึงได้, ประกอบและทดสอบ Function/Drain/Error",ไม่รวมซ่อม อะไหล่ เติมสารทำความเย็น ระบบไฟต้นทาง งานสูง และรายการนอก QTN,Active
Basic Clean,C2,ตั้งพื้น/ตั้งตู้,floor,"49,000-60,000","ล้างแอร์ตั้งพื้น/ตั้งตู้ 49,000-60,000 BTU",เครื่อง,2900,2900,30 วัน,ไม่มี Service Care,ใบรับมอบงานแบบย่อ + บันทึกชิ้นส่วนที่ถอด,รวม C1 และถอดล้างเฉพาะ Blower/Drain Pan/ชิ้นส่วนที่ระบุและเข้าถึงได้อย่างปลอดภัย,"ไม่รวม Motor, PCB, ถอด Coil, เปิดวงจรสารทำความเย็น งานโครงสร้าง และรายการนอก QTN",Derived: C1 + C2 standard add-on
Basic Clean,C1,สี่ทิศทาง,cassette,"<=24,000","ล้างแอร์สี่ทิศทาง ไม่เกิน 24,000 BTU",เครื่อง,1300,1250,30 วัน,ไม่มี Service Care,ใบรับมอบงานแบบย่อ + ตรวจ Function/Drain/Error,"Precheck, ป้องกันพื้นที่, ล้าง FCU/CDU ตามจุดที่เข้าถึงได้, ประกอบและทดสอบ Function/Drain/Error",ไม่รวมซ่อม อะไหล่ เติมสารทำความเย็น ระบบไฟต้นทาง งานสูง และรายการนอก QTN,Active
Basic Clean,C2,สี่ทิศทาง,cassette,"<=24,000","ล้างแอร์สี่ทิศทาง ไม่เกิน 24,000 BTU",เครื่อง,2900,2850,30 วัน,ไม่มี Service Care,ใบรับมอบงานแบบย่อ + บันทึกชิ้นส่วนที่ถอด,รวม C1 และถอดล้างเฉพาะ Blower/Drain Pan/ชิ้นส่วนที่ระบุและเข้าถึงได้อย่างปลอดภัย,"ไม่รวม Motor, PCB, ถอด Coil, เปิดวงจรสารทำความเย็น งานโครงสร้าง และรายการนอก QTN",Derived: C1 + C2 standard add-on
Basic Clean,C1,สี่ทิศทาง,cassette,"25,000-36,000","ล้างแอร์สี่ทิศทาง 25,000-36,000 BTU",เครื่อง,1400,1400,30 วัน,ไม่มี Service Care,ใบรับมอบงานแบบย่อ + ตรวจ Function/Drain/Error,"Precheck, ป้องกันพื้นที่, ล้าง FCU/CDU ตามจุดที่เข้าถึงได้, ประกอบและทดสอบ Function/Drain/Error",ไม่รวมซ่อม อะไหล่ เติมสารทำความเย็น ระบบไฟต้นทาง งานสูง และรายการนอก QTN,Active
Basic Clean,C2,สี่ทิศทาง,cassette,"25,000-36,000","ล้างแอร์สี่ทิศทาง 25,000-36,000 BTU",เครื่อง,3000,3000,30 วัน,ไม่มี Service Care,ใบรับมอบงานแบบย่อ + บันทึกชิ้นส่วนที่ถอด,รวม C1 และถอดล้างเฉพาะ Blower/Drain Pan/ชิ้นส่วนที่ระบุและเข้าถึงได้อย่างปลอดภัย,"ไม่รวม Motor, PCB, ถอด Coil, เปิดวงจรสารทำความเย็น งานโครงสร้าง และรายการนอก QTN",Derived: C1 + C2 standard add-on
Basic Clean,C1,สี่ทิศทาง,cassette,"37,000-48,000","ล้างแอร์สี่ทิศทาง 37,000-48,000 BTU",เครื่อง,1600,1550,30 วัน,ไม่มี Service Care,ใบรับมอบงานแบบย่อ + ตรวจ Function/Drain/Error,"Precheck, ป้องกันพื้นที่, ล้าง FCU/CDU ตามจุดที่เข้าถึงได้, ประกอบและทดสอบ Function/Drain/Error",ไม่รวมซ่อม อะไหล่ เติมสารทำความเย็น ระบบไฟต้นทาง งานสูง และรายการนอก QTN,Active
Basic Clean,C2,สี่ทิศทาง,cassette,"37,000-48,000","ล้างแอร์สี่ทิศทาง 37,000-48,000 BTU",เครื่อง,3200,3150,30 วัน,ไม่มี Service Care,ใบรับมอบงานแบบย่อ + บันทึกชิ้นส่วนที่ถอด,รวม C1 และถอดล้างเฉพาะ Blower/Drain Pan/ชิ้นส่วนที่ระบุและเข้าถึงได้อย่างปลอดภัย,"ไม่รวม Motor, PCB, ถอด Coil, เปิดวงจรสารทำความเย็น งานโครงสร้าง และรายการนอก QTN",Derived: C1 + C2 standard add-on
Basic Clean,C1,สี่ทิศทาง,cassette,"49,000-60,000","ล้างแอร์สี่ทิศทาง 49,000-60,000 BTU",เครื่อง,1700,1700,30 วัน,ไม่มี Service Care,ใบรับมอบงานแบบย่อ + ตรวจ Function/Drain/Error,"Precheck, ป้องกันพื้นที่, ล้าง FCU/CDU ตามจุดที่เข้าถึงได้, ประกอบและทดสอบ Function/Drain/Error",ไม่รวมซ่อม อะไหล่ เติมสารทำความเย็น ระบบไฟต้นทาง งานสูง และรายการนอก QTN,Active
Basic Clean,C2,สี่ทิศทาง,cassette,"49,000-60,000","ล้างแอร์สี่ทิศทาง 49,000-60,000 BTU",เครื่อง,3300,3300,30 วัน,ไม่มี Service Care,ใบรับมอบงานแบบย่อ + บันทึกชิ้นส่วนที่ถอด,รวม C1 และถอดล้างเฉพาะ Blower/Drain Pan/ชิ้นส่วนที่ระบุและเข้าถึงได้อย่างปลอดภัย,"ไม่รวม Motor, PCB, ถอด Coil, เปิดวงจรสารทำความเย็น งานโครงสร้าง และรายการนอก QTN",Derived: C1 + C2 standard add-on
Basic Clean,C1,ซ่อนในฝ้า/ต่อท่อลม,duct,"<=24,000","ล้างแอร์ซ่อนในฝ้า/ต่อท่อลม (Concealed/Duct Type) ไม่เกิน 24,000 BTU",เครื่อง,1400,1350,30 วัน,ไม่มี Service Care,ใบรับมอบงานแบบย่อ + ตรวจ Function/Drain/Error,ล้าง FCU/CDU ตาม Scope ที่เข้าถึงได้ ต้องมีช่อง Service เพียงพอ ตรวจตำแหน่ง Drain Pan/Pump/Blower ก่อนเริ่มงาน,ไม่รวมเปิด-ปิดฝ้า ล้างท่อลม/หัวจ่าย ถอดชิ้นส่วนที่ไม่มีช่องเข้าถึง และงานโครงสร้าง; หากไม่มีช่อง Service ต้อง Survey,Budget
Basic Clean,C2,ซ่อนในฝ้า/ต่อท่อลม,duct,"<=24,000","ล้างแอร์ซ่อนในฝ้า/ต่อท่อลม (Concealed/Duct Type) ไม่เกิน 24,000 BTU",เครื่อง,3200,3150,30 วัน,ไม่มี Service Care,ใบรับมอบงานแบบย่อ + บันทึกชิ้นส่วนที่ถอด,ล้าง FCU/CDU ตาม Scope ที่เข้าถึงได้ ต้องมีช่อง Service เพียงพอ ตรวจตำแหน่ง Drain Pan/Pump/Blower ก่อนเริ่มงาน,ไม่รวมเปิด-ปิดฝ้า ล้างท่อลม/หัวจ่าย ถอดชิ้นส่วนที่ไม่มีช่องเข้าถึง และงานโครงสร้าง; หากไม่มีช่อง Service ต้อง Survey,Survey
Basic Clean,C1,ซ่อนในฝ้า/ต่อท่อลม,duct,"25,000-36,000","ล้างแอร์ซ่อนในฝ้า/ต่อท่อลม (Concealed/Duct Type) 25,000-36,000 BTU",เครื่อง,1500,1500,30 วัน,ไม่มี Service Care,ใบรับมอบงานแบบย่อ + ตรวจ Function/Drain/Error,ล้าง FCU/CDU ตาม Scope ที่เข้าถึงได้ ต้องมีช่อง Service เพียงพอ ตรวจตำแหน่ง Drain Pan/Pump/Blower ก่อนเริ่มงาน,ไม่รวมเปิด-ปิดฝ้า ล้างท่อลม/หัวจ่าย ถอดชิ้นส่วนที่ไม่มีช่องเข้าถึง และงานโครงสร้าง; หากไม่มีช่อง Service ต้อง Survey,Budget
Basic Clean,C2,ซ่อนในฝ้า/ต่อท่อลม,duct,"25,000-36,000","ล้างแอร์ซ่อนในฝ้า/ต่อท่อลม (Concealed/Duct Type) 25,000-36,000 BTU",เครื่อง,3300,3300,30 วัน,ไม่มี Service Care,ใบรับมอบงานแบบย่อ + บันทึกชิ้นส่วนที่ถอด,ล้าง FCU/CDU ตาม Scope ที่เข้าถึงได้ ต้องมีช่อง Service เพียงพอ ตรวจตำแหน่ง Drain Pan/Pump/Blower ก่อนเริ่มงาน,ไม่รวมเปิด-ปิดฝ้า ล้างท่อลม/หัวจ่าย ถอดชิ้นส่วนที่ไม่มีช่องเข้าถึง และงานโครงสร้าง; หากไม่มีช่อง Service ต้อง Survey,Survey
Basic Clean,C1,ซ่อนในฝ้า/ต่อท่อลม,duct,"37,000-48,000","ล้างแอร์ซ่อนในฝ้า/ต่อท่อลม (Concealed/Duct Type) 37,000-48,000 BTU",เครื่อง,1700,1700,30 วัน,ไม่มี Service Care,ใบรับมอบงานแบบย่อ + ตรวจ Function/Drain/Error,ล้าง FCU/CDU ตาม Scope ที่เข้าถึงได้ ต้องมีช่อง Service เพียงพอ ตรวจตำแหน่ง Drain Pan/Pump/Blower ก่อนเริ่มงาน,ไม่รวมเปิด-ปิดฝ้า ล้างท่อลม/หัวจ่าย ถอดชิ้นส่วนที่ไม่มีช่องเข้าถึง และงานโครงสร้าง; หากไม่มีช่อง Service ต้อง Survey,Budget
Basic Clean,C2,ซ่อนในฝ้า/ต่อท่อลม,duct,"37,000-48,000","ล้างแอร์ซ่อนในฝ้า/ต่อท่อลม (Concealed/Duct Type) 37,000-48,000 BTU",เครื่อง,3500,3500,30 วัน,ไม่มี Service Care,ใบรับมอบงานแบบย่อ + บันทึกชิ้นส่วนที่ถอด,ล้าง FCU/CDU ตาม Scope ที่เข้าถึงได้ ต้องมีช่อง Service เพียงพอ ตรวจตำแหน่ง Drain Pan/Pump/Blower ก่อนเริ่มงาน,ไม่รวมเปิด-ปิดฝ้า ล้างท่อลม/หัวจ่าย ถอดชิ้นส่วนที่ไม่มีช่องเข้าถึง และงานโครงสร้าง; หากไม่มีช่อง Service ต้อง Survey,Survey
Basic Clean,C1,ซ่อนในฝ้า/ต่อท่อลม,duct,"49,000-60,000","ล้างแอร์ซ่อนในฝ้า/ต่อท่อลม (Concealed/Duct Type) 49,000-60,000 BTU",เครื่อง,1900,1900,30 วัน,ไม่มี Service Care,ใบรับมอบงานแบบย่อ + ตรวจ Function/Drain/Error,ล้าง FCU/CDU ตาม Scope ที่เข้าถึงได้ ต้องมีช่อง Service เพียงพอ ตรวจตำแหน่ง Drain Pan/Pump/Blower ก่อนเริ่มงาน,ไม่รวมเปิด-ปิดฝ้า ล้างท่อลม/หัวจ่าย ถอดชิ้นส่วนที่ไม่มีช่องเข้าถึง และงานโครงสร้าง; หากไม่มีช่อง Service ต้อง Survey,Budget
Basic Clean,C2,ซ่อนในฝ้า/ต่อท่อลม,duct,"49,000-60,000","ล้างแอร์ซ่อนในฝ้า/ต่อท่อลม (Concealed/Duct Type) 49,000-60,000 BTU",เครื่อง,3700,3700,30 วัน,ไม่มี Service Care,ใบรับมอบงานแบบย่อ + บันทึกชิ้นส่วนที่ถอด,ล้าง FCU/CDU ตาม Scope ที่เข้าถึงได้ ต้องมีช่อง Service เพียงพอ ตรวจตำแหน่ง Drain Pan/Pump/Blower ก่อนเริ่มงาน,ไม่รวมเปิด-ปิดฝ้า ล้างท่อลม/หัวจ่าย ถอดชิ้นส่วนที่ไม่มีช่องเข้าถึง และงานโครงสร้าง; หากไม่มีช่อง Service ต้อง Survey,Survey
Basic Clean,C1,AHU,,"<=100,000","ล้าง AHU ไม่เกิน 100,000 BTU",เครื่อง,3200,3200,30 วัน,ไม่มี Service Care,ใบรับมอบงานแบบย่อ + ตรวจ Function/Drain/Error,"Precheck, ป้องกันพื้นที่, ล้าง FCU/CDU ตามจุดที่เข้าถึงได้, ประกอบและทดสอบ Function/Drain/Error",ไม่รวมซ่อม อะไหล่ เติมสารทำความเย็น ระบบไฟต้นทาง งานสูง และรายการนอก QTN,Active
Basic Clean,C2,AHU,,"<=100,000","ล้าง AHU ไม่เกิน 100,000 BTU",เครื่อง,,,30 วัน,ไม่มี Service Care,ใบรับมอบงานแบบย่อ + บันทึกชิ้นส่วนที่ถอด,รวม C1 และถอดล้างเฉพาะ Blower/Drain Pan/ชิ้นส่วนที่ระบุและเข้าถึงได้อย่างปลอดภัย,"ไม่รวม Motor, PCB, ถอด Coil, เปิดวงจรสารทำความเย็น งานโครงสร้าง และรายการนอก QTN",Survey
Basic Clean,C1,AHU,,"100,001-200,000","ล้าง AHU 100,001-200,000 BTU",เครื่อง,4000,4000,30 วัน,ไม่มี Service Care,ใบรับมอบงานแบบย่อ + ตรวจ Function/Drain/Error,"Precheck, ป้องกันพื้นที่, ล้าง FCU/CDU ตามจุดที่เข้าถึงได้, ประกอบและทดสอบ Function/Drain/Error",ไม่รวมซ่อม อะไหล่ เติมสารทำความเย็น ระบบไฟต้นทาง งานสูง และรายการนอก QTN,Active
Basic Clean,C2,AHU,,"100,001-200,000","ล้าง AHU 100,001-200,000 BTU",เครื่อง,,,30 วัน,ไม่มี Service Care,ใบรับมอบงานแบบย่อ + บันทึกชิ้นส่วนที่ถอด,รวม C1 และถอดล้างเฉพาะ Blower/Drain Pan/ชิ้นส่วนที่ระบุและเข้าถึงได้อย่างปลอดภัย,"ไม่รวม Motor, PCB, ถอด Coil, เปิดวงจรสารทำความเย็น งานโครงสร้าง และรายการนอก QTN",Survey
Basic Clean,C1,AHU,,"200,001-300,000","ล้าง AHU 200,001-300,000 BTU",เครื่อง,5000,5000,30 วัน,ไม่มี Service Care,ใบรับมอบงานแบบย่อ + ตรวจ Function/Drain/Error,"Precheck, ป้องกันพื้นที่, ล้าง FCU/CDU ตามจุดที่เข้าถึงได้, ประกอบและทดสอบ Function/Drain/Error",ไม่รวมซ่อม อะไหล่ เติมสารทำความเย็น ระบบไฟต้นทาง งานสูง และรายการนอก QTN,Active
Basic Clean,C2,AHU,,"200,001-300,000","ล้าง AHU 200,001-300,000 BTU",เครื่อง,,,30 วัน,ไม่มี Service Care,ใบรับมอบงานแบบย่อ + บันทึกชิ้นส่วนที่ถอด,รวม C1 และถอดล้างเฉพาะ Blower/Drain Pan/ชิ้นส่วนที่ระบุและเข้าถึงได้อย่างปลอดภัย,"ไม่รวม Motor, PCB, ถอด Coil, เปิดวงจรสารทำความเย็น งานโครงสร้าง และรายการนอก QTN",Survey
Basic Clean,C1,AHU,,">300,000","ล้าง AHU มากกว่า 300,000 BTU",เครื่อง,,,30 วัน,ไม่มี Service Care,ใบรับมอบงานแบบย่อ + ตรวจ Function/Drain/Error,"Precheck, ป้องกันพื้นที่, ล้าง FCU/CDU ตามจุดที่เข้าถึงได้, ประกอบและทดสอบ Function/Drain/Error",ไม่รวมซ่อม อะไหล่ เติมสารทำความเย็น ระบบไฟต้นทาง งานสูง และรายการนอก QTN,Survey
Basic Clean,C2,AHU,,">300,000","ล้าง AHU มากกว่า 300,000 BTU",เครื่อง,,,30 วัน,ไม่มี Service Care,ใบรับมอบงานแบบย่อ + บันทึกชิ้นส่วนที่ถอด,รวม C1 และถอดล้างเฉพาะ Blower/Drain Pan/ชิ้นส่วนที่ระบุและเข้าถึงได้อย่างปลอดภัย,"ไม่รวม Motor, PCB, ถอด Coil, เปิดวงจรสารทำความเย็น งานโครงสร้าง และรายการนอก QTN",Survey
Standard Care,C1,ติดผนัง,wall,"9,000-18,000","ล้างแอร์ติดผนัง 9,000-18,000 BTU",เครื่อง,800,800,45 วัน,Service Care 90 วัน,Service Report + ภาพประกอบ + ค่าตรวจตาม Scope + Project Summary,"Precheck, ป้องกันพื้นที่, ล้าง FCU/CDU ตามจุดที่เข้าถึงได้, ประกอบและทดสอบ Function/Drain/Error",ไม่รวมซ่อม อะไหล่ เติมสารทำความเย็น ระบบไฟต้นทาง งานสูง และรายการนอก QTN,Active
Standard Care,C2,ติดผนัง,wall,"9,000-18,000","ล้างแอร์ติดผนัง 9,000-18,000 BTU",เครื่อง,1900,1850,45 วัน,Service Care 90 วัน,Service Report + ภาพประกอบ + ค่าตรวจ + Removed Component Record,รวม C1 และถอดล้างเฉพาะ Blower/Drain Pan/ชิ้นส่วนที่ระบุและเข้าถึงได้อย่างปลอดภัย,"ไม่รวม Motor, PCB, ถอด Coil, เปิดวงจรสารทำความเย็น งานโครงสร้าง และรายการนอก QTN",Derived: C1 + C2 standard add-on
Standard Care,C1,ติดผนัง,wall,"19,000-24,000","ล้างแอร์ติดผนัง 19,000-24,000 BTU",เครื่อง,900,850,45 วัน,Service Care 90 วัน,Service Report + ภาพประกอบ + ค่าตรวจตาม Scope + Project Summary,"Precheck, ป้องกันพื้นที่, ล้าง FCU/CDU ตามจุดที่เข้าถึงได้, ประกอบและทดสอบ Function/Drain/Error",ไม่รวมซ่อม อะไหล่ เติมสารทำความเย็น ระบบไฟต้นทาง งานสูง และรายการนอก QTN,Active
Standard Care,C2,ติดผนัง,wall,"19,000-24,000","ล้างแอร์ติดผนัง 19,000-24,000 BTU",เครื่อง,1900,1900,45 วัน,Service Care 90 วัน,Service Report + ภาพประกอบ + ค่าตรวจ + Removed Component Record,รวม C1 และถอดล้างเฉพาะ Blower/Drain Pan/ชิ้นส่วนที่ระบุและเข้าถึงได้อย่างปลอดภัย,"ไม่รวม Motor, PCB, ถอด Coil, เปิดวงจรสารทำความเย็น งานโครงสร้าง และรายการนอก QTN",Derived: C1 + C2 standard add-on
Standard Care,C1,ติดผนัง,wall,"25,000-36,000","ล้างแอร์ติดผนัง 25,000-36,000 BTU",เครื่อง,1000,1000,45 วัน,Service Care 90 วัน,Service Report + ภาพประกอบ + ค่าตรวจตาม Scope + Project Summary,"Precheck, ป้องกันพื้นที่, ล้าง FCU/CDU ตามจุดที่เข้าถึงได้, ประกอบและทดสอบ Function/Drain/Error",ไม่รวมซ่อม อะไหล่ เติมสารทำความเย็น ระบบไฟต้นทาง งานสูง และรายการนอก QTN,Active
Standard Care,C2,ติดผนัง,wall,"25,000-36,000","ล้างแอร์ติดผนัง 25,000-36,000 BTU",เครื่อง,2100,2050,45 วัน,Service Care 90 วัน,Service Report + ภาพประกอบ + ค่าตรวจ + Removed Component Record,รวม C1 และถอดล้างเฉพาะ Blower/Drain Pan/ชิ้นส่วนที่ระบุและเข้าถึงได้อย่างปลอดภัย,"ไม่รวม Motor, PCB, ถอด Coil, เปิดวงจรสารทำความเย็น งานโครงสร้าง และรายการนอก QTN",Derived: C1 + C2 standard add-on
Standard Care,C1,ติดผนัง,wall,"37,000-60,000","ล้างแอร์ติดผนัง 37,000-60,000 BTU",เครื่อง,1300,1250,45 วัน,Service Care 90 วัน,Service Report + ภาพประกอบ + ค่าตรวจตาม Scope + Project Summary,"Precheck, ป้องกันพื้นที่, ล้าง FCU/CDU ตามจุดที่เข้าถึงได้, ประกอบและทดสอบ Function/Drain/Error",ไม่รวมซ่อม อะไหล่ เติมสารทำความเย็น ระบบไฟต้นทาง งานสูง และรายการนอก QTN,Active
Standard Care,C2,ติดผนัง,wall,"37,000-60,000","ล้างแอร์ติดผนัง 37,000-60,000 BTU",เครื่อง,2300,2300,45 วัน,Service Care 90 วัน,Service Report + ภาพประกอบ + ค่าตรวจ + Removed Component Record,รวม C1 และถอดล้างเฉพาะ Blower/Drain Pan/ชิ้นส่วนที่ระบุและเข้าถึงได้อย่างปลอดภัย,"ไม่รวม Motor, PCB, ถอด Coil, เปิดวงจรสารทำความเย็น งานโครงสร้าง และรายการนอก QTN",Derived: C1 + C2 standard add-on
Standard Care,C1,แขวนใต้ฝ้า,ceiling,"<=24,000","ล้างแอร์แขวนใต้ฝ้า ไม่เกิน 24,000 BTU",เครื่อง,1300,1250,45 วัน,Service Care 90 วัน,Service Report + ภาพประกอบ + ค่าตรวจตาม Scope + Project Summary,"Precheck, ป้องกันพื้นที่, ล้าง FCU/CDU ตามจุดที่เข้าถึงได้, ประกอบและทดสอบ Function/Drain/Error",ไม่รวมซ่อม อะไหล่ เติมสารทำความเย็น ระบบไฟต้นทาง งานสูง และรายการนอก QTN,Active
Standard Care,C2,แขวนใต้ฝ้า,ceiling,"<=24,000","ล้างแอร์แขวนใต้ฝ้า ไม่เกิน 24,000 BTU",เครื่อง,2700,2650,45 วัน,Service Care 90 วัน,Service Report + ภาพประกอบ + ค่าตรวจ + Removed Component Record,รวม C1 และถอดล้างเฉพาะ Blower/Drain Pan/ชิ้นส่วนที่ระบุและเข้าถึงได้อย่างปลอดภัย,"ไม่รวม Motor, PCB, ถอด Coil, เปิดวงจรสารทำความเย็น งานโครงสร้าง และรายการนอก QTN",Derived: C1 + C2 standard add-on
Standard Care,C1,แขวนใต้ฝ้า,ceiling,"25,000-36,000","ล้างแอร์แขวนใต้ฝ้า 25,000-36,000 BTU",เครื่อง,1500,1450,45 วัน,Service Care 90 วัน,Service Report + ภาพประกอบ + ค่าตรวจตาม Scope + Project Summary,"Precheck, ป้องกันพื้นที่, ล้าง FCU/CDU ตามจุดที่เข้าถึงได้, ประกอบและทดสอบ Function/Drain/Error",ไม่รวมซ่อม อะไหล่ เติมสารทำความเย็น ระบบไฟต้นทาง งานสูง และรายการนอก QTN,Active
Standard Care,C2,แขวนใต้ฝ้า,ceiling,"25,000-36,000","ล้างแอร์แขวนใต้ฝ้า 25,000-36,000 BTU",เครื่อง,2900,2850,45 วัน,Service Care 90 วัน,Service Report + ภาพประกอบ + ค่าตรวจ + Removed Component Record,รวม C1 และถอดล้างเฉพาะ Blower/Drain Pan/ชิ้นส่วนที่ระบุและเข้าถึงได้อย่างปลอดภัย,"ไม่รวม Motor, PCB, ถอด Coil, เปิดวงจรสารทำความเย็น งานโครงสร้าง และรายการนอก QTN",Derived: C1 + C2 standard add-on
Standard Care,C1,แขวนใต้ฝ้า,ceiling,"37,000-48,000","ล้างแอร์แขวนใต้ฝ้า 37,000-48,000 BTU",เครื่อง,1700,1650,45 วัน,Service Care 90 วัน,Service Report + ภาพประกอบ + ค่าตรวจตาม Scope + Project Summary,"Precheck, ป้องกันพื้นที่, ล้าง FCU/CDU ตามจุดที่เข้าถึงได้, ประกอบและทดสอบ Function/Drain/Error",ไม่รวมซ่อม อะไหล่ เติมสารทำความเย็น ระบบไฟต้นทาง งานสูง และรายการนอก QTN,Active
Standard Care,C2,แขวนใต้ฝ้า,ceiling,"37,000-48,000","ล้างแอร์แขวนใต้ฝ้า 37,000-48,000 BTU",เครื่อง,3100,3050,45 วัน,Service Care 90 วัน,Service Report + ภาพประกอบ + ค่าตรวจ + Removed Component Record,รวม C1 และถอดล้างเฉพาะ Blower/Drain Pan/ชิ้นส่วนที่ระบุและเข้าถึงได้อย่างปลอดภัย,"ไม่รวม Motor, PCB, ถอด Coil, เปิดวงจรสารทำความเย็น งานโครงสร้าง และรายการนอก QTN",Derived: C1 + C2 standard add-on
Standard Care,C1,แขวนใต้ฝ้า,ceiling,"49,000-60,000","ล้างแอร์แขวนใต้ฝ้า 49,000-60,000 BTU",เครื่อง,1900,1850,45 วัน,Service Care 90 วัน,Service Report + ภาพประกอบ + ค่าตรวจตาม Scope + Project Summary,"Precheck, ป้องกันพื้นที่, ล้าง FCU/CDU ตามจุดที่เข้าถึงได้, ประกอบและทดสอบ Function/Drain/Error",ไม่รวมซ่อม อะไหล่ เติมสารทำความเย็น ระบบไฟต้นทาง งานสูง และรายการนอก QTN,Active
Standard Care,C2,แขวนใต้ฝ้า,ceiling,"49,000-60,000","ล้างแอร์แขวนใต้ฝ้า 49,000-60,000 BTU",เครื่อง,3300,3250,45 วัน,Service Care 90 วัน,Service Report + ภาพประกอบ + ค่าตรวจ + Removed Component Record,รวม C1 และถอดล้างเฉพาะ Blower/Drain Pan/ชิ้นส่วนที่ระบุและเข้าถึงได้อย่างปลอดภัย,"ไม่รวม Motor, PCB, ถอด Coil, เปิดวงจรสารทำความเย็น งานโครงสร้าง และรายการนอก QTN",Derived: C1 + C2 standard add-on
Standard Care,C1,ตั้งพื้น/ตั้งตู้,floor,"<=24,000","ล้างแอร์ตั้งพื้น/ตั้งตู้ ไม่เกิน 24,000 BTU",เครื่อง,1300,1250,45 วัน,Service Care 90 วัน,Service Report + ภาพประกอบ + ค่าตรวจตาม Scope + Project Summary,"Precheck, ป้องกันพื้นที่, ล้าง FCU/CDU ตามจุดที่เข้าถึงได้, ประกอบและทดสอบ Function/Drain/Error",ไม่รวมซ่อม อะไหล่ เติมสารทำความเย็น ระบบไฟต้นทาง งานสูง และรายการนอก QTN,Active
Standard Care,C2,ตั้งพื้น/ตั้งตู้,floor,"<=24,000","ล้างแอร์ตั้งพื้น/ตั้งตู้ ไม่เกิน 24,000 BTU",เครื่อง,2700,2650,45 วัน,Service Care 90 วัน,Service Report + ภาพประกอบ + ค่าตรวจ + Removed Component Record,รวม C1 และถอดล้างเฉพาะ Blower/Drain Pan/ชิ้นส่วนที่ระบุและเข้าถึงได้อย่างปลอดภัย,"ไม่รวม Motor, PCB, ถอด Coil, เปิดวงจรสารทำความเย็น งานโครงสร้าง และรายการนอก QTN",Derived: C1 + C2 standard add-on
Standard Care,C1,ตั้งพื้น/ตั้งตู้,floor,"25,000-36,000","ล้างแอร์ตั้งพื้น/ตั้งตู้ 25,000-36,000 BTU",เครื่อง,1500,1450,45 วัน,Service Care 90 วัน,Service Report + ภาพประกอบ + ค่าตรวจตาม Scope + Project Summary,"Precheck, ป้องกันพื้นที่, ล้าง FCU/CDU ตามจุดที่เข้าถึงได้, ประกอบและทดสอบ Function/Drain/Error",ไม่รวมซ่อม อะไหล่ เติมสารทำความเย็น ระบบไฟต้นทาง งานสูง และรายการนอก QTN,Active
Standard Care,C2,ตั้งพื้น/ตั้งตู้,floor,"25,000-36,000","ล้างแอร์ตั้งพื้น/ตั้งตู้ 25,000-36,000 BTU",เครื่อง,2900,2850,45 วัน,Service Care 90 วัน,Service Report + ภาพประกอบ + ค่าตรวจ + Removed Component Record,รวม C1 และถอดล้างเฉพาะ Blower/Drain Pan/ชิ้นส่วนที่ระบุและเข้าถึงได้อย่างปลอดภัย,"ไม่รวม Motor, PCB, ถอด Coil, เปิดวงจรสารทำความเย็น งานโครงสร้าง และรายการนอก QTN",Derived: C1 + C2 standard add-on
Standard Care,C1,ตั้งพื้น/ตั้งตู้,floor,"37,000-48,000","ล้างแอร์ตั้งพื้น/ตั้งตู้ 37,000-48,000 BTU",เครื่อง,1700,1650,45 วัน,Service Care 90 วัน,Service Report + ภาพประกอบ + ค่าตรวจตาม Scope + Project Summary,"Precheck, ป้องกันพื้นที่, ล้าง FCU/CDU ตามจุดที่เข้าถึงได้, ประกอบและทดสอบ Function/Drain/Error",ไม่รวมซ่อม อะไหล่ เติมสารทำความเย็น ระบบไฟต้นทาง งานสูง และรายการนอก QTN,Active
Standard Care,C2,ตั้งพื้น/ตั้งตู้,floor,"37,000-48,000","ล้างแอร์ตั้งพื้น/ตั้งตู้ 37,000-48,000 BTU",เครื่อง,3100,3050,45 วัน,Service Care 90 วัน,Service Report + ภาพประกอบ + ค่าตรวจ + Removed Component Record,รวม C1 และถอดล้างเฉพาะ Blower/Drain Pan/ชิ้นส่วนที่ระบุและเข้าถึงได้อย่างปลอดภัย,"ไม่รวม Motor, PCB, ถอด Coil, เปิดวงจรสารทำความเย็น งานโครงสร้าง และรายการนอก QTN",Derived: C1 + C2 standard add-on
Standard Care,C1,ตั้งพื้น/ตั้งตู้,floor,"49,000-60,000","ล้างแอร์ตั้งพื้น/ตั้งตู้ 49,000-60,000 BTU",เครื่อง,1900,1850,45 วัน,Service Care 90 วัน,Service Report + ภาพประกอบ + ค่าตรวจตาม Scope + Project Summary,"Precheck, ป้องกันพื้นที่, ล้าง FCU/CDU ตามจุดที่เข้าถึงได้, ประกอบและทดสอบ Function/Drain/Error",ไม่รวมซ่อม อะไหล่ เติมสารทำความเย็น ระบบไฟต้นทาง งานสูง และรายการนอก QTN,Active
Standard Care,C2,ตั้งพื้น/ตั้งตู้,floor,"49,000-60,000","ล้างแอร์ตั้งพื้น/ตั้งตู้ 49,000-60,000 BTU",เครื่อง,3300,3250,45 วัน,Service Care 90 วัน,Service Report + ภาพประกอบ + ค่าตรวจ + Removed Component Record,รวม C1 และถอดล้างเฉพาะ Blower/Drain Pan/ชิ้นส่วนที่ระบุและเข้าถึงได้อย่างปลอดภัย,"ไม่รวม Motor, PCB, ถอด Coil, เปิดวงจรสารทำความเย็น งานโครงสร้าง และรายการนอก QTN",Derived: C1 + C2 standard add-on
Standard Care,C1,สี่ทิศทาง,cassette,"<=24,000","ล้างแอร์สี่ทิศทาง ไม่เกิน 24,000 BTU",เครื่อง,1500,1450,45 วัน,Service Care 90 วัน,Service Report + ภาพประกอบ + ค่าตรวจตาม Scope + Project Summary,"Precheck, ป้องกันพื้นที่, ล้าง FCU/CDU ตามจุดที่เข้าถึงได้, ประกอบและทดสอบ Function/Drain/Error",ไม่รวมซ่อม อะไหล่ เติมสารทำความเย็น ระบบไฟต้นทาง งานสูง และรายการนอก QTN,Active
Standard Care,C2,สี่ทิศทาง,cassette,"<=24,000","ล้างแอร์สี่ทิศทาง ไม่เกิน 24,000 BTU",เครื่อง,3100,3050,45 วัน,Service Care 90 วัน,Service Report + ภาพประกอบ + ค่าตรวจ + Removed Component Record,รวม C1 และถอดล้างเฉพาะ Blower/Drain Pan/ชิ้นส่วนที่ระบุและเข้าถึงได้อย่างปลอดภัย,"ไม่รวม Motor, PCB, ถอด Coil, เปิดวงจรสารทำความเย็น งานโครงสร้าง และรายการนอก QTN",Derived: C1 + C2 standard add-on
Standard Care,C1,สี่ทิศทาง,cassette,"25,000-36,000","ล้างแอร์สี่ทิศทาง 25,000-36,000 BTU",เครื่อง,1600,1600,45 วัน,Service Care 90 วัน,Service Report + ภาพประกอบ + ค่าตรวจตาม Scope + Project Summary,"Precheck, ป้องกันพื้นที่, ล้าง FCU/CDU ตามจุดที่เข้าถึงได้, ประกอบและทดสอบ Function/Drain/Error",ไม่รวมซ่อม อะไหล่ เติมสารทำความเย็น ระบบไฟต้นทาง งานสูง และรายการนอก QTN,Active
Standard Care,C2,สี่ทิศทาง,cassette,"25,000-36,000","ล้างแอร์สี่ทิศทาง 25,000-36,000 BTU",เครื่อง,3200,3200,45 วัน,Service Care 90 วัน,Service Report + ภาพประกอบ + ค่าตรวจ + Removed Component Record,รวม C1 และถอดล้างเฉพาะ Blower/Drain Pan/ชิ้นส่วนที่ระบุและเข้าถึงได้อย่างปลอดภัย,"ไม่รวม Motor, PCB, ถอด Coil, เปิดวงจรสารทำความเย็น งานโครงสร้าง และรายการนอก QTN",Derived: C1 + C2 standard add-on
Standard Care,C1,สี่ทิศทาง,cassette,"37,000-48,000","ล้างแอร์สี่ทิศทาง 37,000-48,000 BTU",เครื่อง,1800,1800,45 วัน,Service Care 90 วัน,Service Report + ภาพประกอบ + ค่าตรวจตาม Scope + Project Summary,"Precheck, ป้องกันพื้นที่, ล้าง FCU/CDU ตามจุดที่เข้าถึงได้, ประกอบและทดสอบ Function/Drain/Error",ไม่รวมซ่อม อะไหล่ เติมสารทำความเย็น ระบบไฟต้นทาง งานสูง และรายการนอก QTN,Active
Standard Care,C2,สี่ทิศทาง,cassette,"37,000-48,000","ล้างแอร์สี่ทิศทาง 37,000-48,000 BTU",เครื่อง,3400,3400,45 วัน,Service Care 90 วัน,Service Report + ภาพประกอบ + ค่าตรวจ + Removed Component Record,รวม C1 และถอดล้างเฉพาะ Blower/Drain Pan/ชิ้นส่วนที่ระบุและเข้าถึงได้อย่างปลอดภัย,"ไม่รวม Motor, PCB, ถอด Coil, เปิดวงจรสารทำความเย็น งานโครงสร้าง และรายการนอก QTN",Derived: C1 + C2 standard add-on
Standard Care,C1,สี่ทิศทาง,cassette,"49,000-60,000","ล้างแอร์สี่ทิศทาง 49,000-60,000 BTU",เครื่อง,2000,2000,45 วัน,Service Care 90 วัน,Service Report + ภาพประกอบ + ค่าตรวจตาม Scope + Project Summary,"Precheck, ป้องกันพื้นที่, ล้าง FCU/CDU ตามจุดที่เข้าถึงได้, ประกอบและทดสอบ Function/Drain/Error",ไม่รวมซ่อม อะไหล่ เติมสารทำความเย็น ระบบไฟต้นทาง งานสูง และรายการนอก QTN,Active
Standard Care,C2,สี่ทิศทาง,cassette,"49,000-60,000","ล้างแอร์สี่ทิศทาง 49,000-60,000 BTU",เครื่อง,3600,3600,45 วัน,Service Care 90 วัน,Service Report + ภาพประกอบ + ค่าตรวจ + Removed Component Record,รวม C1 และถอดล้างเฉพาะ Blower/Drain Pan/ชิ้นส่วนที่ระบุและเข้าถึงได้อย่างปลอดภัย,"ไม่รวม Motor, PCB, ถอด Coil, เปิดวงจรสารทำความเย็น งานโครงสร้าง และรายการนอก QTN",Derived: C1 + C2 standard add-on
Standard Care,C1,ซ่อนในฝ้า/ต่อท่อลม,duct,"<=24,000","ล้างแอร์ซ่อนในฝ้า/ต่อท่อลม (Concealed/Duct Type) ไม่เกิน 24,000 BTU",เครื่อง,1600,1600,45 วัน,Service Care 90 วัน,Service Report + ภาพประกอบ + ค่าตรวจตาม Scope + Project Summary,ล้าง FCU/CDU ตาม Scope ที่เข้าถึงได้ ต้องมีช่อง Service เพียงพอ ตรวจตำแหน่ง Drain Pan/Pump/Blower ก่อนเริ่มงาน,ไม่รวมเปิด-ปิดฝ้า ล้างท่อลม/หัวจ่าย ถอดชิ้นส่วนที่ไม่มีช่องเข้าถึง และงานโครงสร้าง; หากไม่มีช่อง Service ต้อง Survey,Budget
Standard Care,C2,ซ่อนในฝ้า/ต่อท่อลม,duct,"<=24,000","ล้างแอร์ซ่อนในฝ้า/ต่อท่อลม (Concealed/Duct Type) ไม่เกิน 24,000 BTU",เครื่อง,3400,3400,45 วัน,Service Care 90 วัน,Service Report + ภาพประกอบ + ค่าตรวจ + Removed Component Record,ล้าง FCU/CDU ตาม Scope ที่เข้าถึงได้ ต้องมีช่อง Service เพียงพอ ตรวจตำแหน่ง Drain Pan/Pump/Blower ก่อนเริ่มงาน,ไม่รวมเปิด-ปิดฝ้า ล้างท่อลม/หัวจ่าย ถอดชิ้นส่วนที่ไม่มีช่องเข้าถึง และงานโครงสร้าง; หากไม่มีช่อง Service ต้อง Survey,Survey
Standard Care,C1,ซ่อนในฝ้า/ต่อท่อลม,duct,"25,000-36,000","ล้างแอร์ซ่อนในฝ้า/ต่อท่อลม (Concealed/Duct Type) 25,000-36,000 BTU",เครื่อง,1800,1750,45 วัน,Service Care 90 วัน,Service Report + ภาพประกอบ + ค่าตรวจตาม Scope + Project Summary,ล้าง FCU/CDU ตาม Scope ที่เข้าถึงได้ ต้องมีช่อง Service เพียงพอ ตรวจตำแหน่ง Drain Pan/Pump/Blower ก่อนเริ่มงาน,ไม่รวมเปิด-ปิดฝ้า ล้างท่อลม/หัวจ่าย ถอดชิ้นส่วนที่ไม่มีช่องเข้าถึง และงานโครงสร้าง; หากไม่มีช่อง Service ต้อง Survey,Budget
Standard Care,C2,ซ่อนในฝ้า/ต่อท่อลม,duct,"25,000-36,000","ล้างแอร์ซ่อนในฝ้า/ต่อท่อลม (Concealed/Duct Type) 25,000-36,000 BTU",เครื่อง,3600,3550,45 วัน,Service Care 90 วัน,Service Report + ภาพประกอบ + ค่าตรวจ + Removed Component Record,ล้าง FCU/CDU ตาม Scope ที่เข้าถึงได้ ต้องมีช่อง Service เพียงพอ ตรวจตำแหน่ง Drain Pan/Pump/Blower ก่อนเริ่มงาน,ไม่รวมเปิด-ปิดฝ้า ล้างท่อลม/หัวจ่าย ถอดชิ้นส่วนที่ไม่มีช่องเข้าถึง และงานโครงสร้าง; หากไม่มีช่อง Service ต้อง Survey,Survey
Standard Care,C1,ซ่อนในฝ้า/ต่อท่อลม,duct,"37,000-48,000","ล้างแอร์ซ่อนในฝ้า/ต่อท่อลม (Concealed/Duct Type) 37,000-48,000 BTU",เครื่อง,2000,1950,45 วัน,Service Care 90 วัน,Service Report + ภาพประกอบ + ค่าตรวจตาม Scope + Project Summary,ล้าง FCU/CDU ตาม Scope ที่เข้าถึงได้ ต้องมีช่อง Service เพียงพอ ตรวจตำแหน่ง Drain Pan/Pump/Blower ก่อนเริ่มงาน,ไม่รวมเปิด-ปิดฝ้า ล้างท่อลม/หัวจ่าย ถอดชิ้นส่วนที่ไม่มีช่องเข้าถึง และงานโครงสร้าง; หากไม่มีช่อง Service ต้อง Survey,Budget
Standard Care,C2,ซ่อนในฝ้า/ต่อท่อลม,duct,"37,000-48,000","ล้างแอร์ซ่อนในฝ้า/ต่อท่อลม (Concealed/Duct Type) 37,000-48,000 BTU",เครื่อง,3800,3750,45 วัน,Service Care 90 วัน,Service Report + ภาพประกอบ + ค่าตรวจ + Removed Component Record,ล้าง FCU/CDU ตาม Scope ที่เข้าถึงได้ ต้องมีช่อง Service เพียงพอ ตรวจตำแหน่ง Drain Pan/Pump/Blower ก่อนเริ่มงาน,ไม่รวมเปิด-ปิดฝ้า ล้างท่อลม/หัวจ่าย ถอดชิ้นส่วนที่ไม่มีช่องเข้าถึง และงานโครงสร้าง; หากไม่มีช่อง Service ต้อง Survey,Survey
Standard Care,C1,ซ่อนในฝ้า/ต่อท่อลม,duct,"49,000-60,000","ล้างแอร์ซ่อนในฝ้า/ต่อท่อลม (Concealed/Duct Type) 49,000-60,000 BTU",เครื่อง,2200,2200,45 วัน,Service Care 90 วัน,Service Report + ภาพประกอบ + ค่าตรวจตาม Scope + Project Summary,ล้าง FCU/CDU ตาม Scope ที่เข้าถึงได้ ต้องมีช่อง Service เพียงพอ ตรวจตำแหน่ง Drain Pan/Pump/Blower ก่อนเริ่มงาน,ไม่รวมเปิด-ปิดฝ้า ล้างท่อลม/หัวจ่าย ถอดชิ้นส่วนที่ไม่มีช่องเข้าถึง และงานโครงสร้าง; หากไม่มีช่อง Service ต้อง Survey,Budget
Standard Care,C2,ซ่อนในฝ้า/ต่อท่อลม,duct,"49,000-60,000","ล้างแอร์ซ่อนในฝ้า/ต่อท่อลม (Concealed/Duct Type) 49,000-60,000 BTU",เครื่อง,4000,4000,45 วัน,Service Care 90 วัน,Service Report + ภาพประกอบ + ค่าตรวจ + Removed Component Record,ล้าง FCU/CDU ตาม Scope ที่เข้าถึงได้ ต้องมีช่อง Service เพียงพอ ตรวจตำแหน่ง Drain Pan/Pump/Blower ก่อนเริ่มงาน,ไม่รวมเปิด-ปิดฝ้า ล้างท่อลม/หัวจ่าย ถอดชิ้นส่วนที่ไม่มีช่องเข้าถึง และงานโครงสร้าง; หากไม่มีช่อง Service ต้อง Survey,Survey
Standard Care,C1,AHU,,"<=100,000","ล้าง AHU ไม่เกิน 100,000 BTU",เครื่อง,3800,3800,45 วัน,Service Care 90 วัน,Service Report + ภาพประกอบ + ค่าตรวจตาม Scope + Project Summary,"Precheck, ป้องกันพื้นที่, ล้าง FCU/CDU ตามจุดที่เข้าถึงได้, ประกอบและทดสอบ Function/Drain/Error",ไม่รวมซ่อม อะไหล่ เติมสารทำความเย็น ระบบไฟต้นทาง งานสูง และรายการนอก QTN,Active
Standard Care,C2,AHU,,"<=100,000","ล้าง AHU ไม่เกิน 100,000 BTU",เครื่อง,,,45 วัน,Service Care 90 วัน,Service Report + ภาพประกอบ + ค่าตรวจ + Removed Component Record,รวม C1 และถอดล้างเฉพาะ Blower/Drain Pan/ชิ้นส่วนที่ระบุและเข้าถึงได้อย่างปลอดภัย,"ไม่รวม Motor, PCB, ถอด Coil, เปิดวงจรสารทำความเย็น งานโครงสร้าง และรายการนอก QTN",Survey
Standard Care,C1,AHU,,"100,001-200,000","ล้าง AHU 100,001-200,000 BTU",เครื่อง,4800,4800,45 วัน,Service Care 90 วัน,Service Report + ภาพประกอบ + ค่าตรวจตาม Scope + Project Summary,"Precheck, ป้องกันพื้นที่, ล้าง FCU/CDU ตามจุดที่เข้าถึงได้, ประกอบและทดสอบ Function/Drain/Error",ไม่รวมซ่อม อะไหล่ เติมสารทำความเย็น ระบบไฟต้นทาง งานสูง และรายการนอก QTN,Active
Standard Care,C2,AHU,,"100,001-200,000","ล้าง AHU 100,001-200,000 BTU",เครื่อง,,,45 วัน,Service Care 90 วัน,Service Report + ภาพประกอบ + ค่าตรวจ + Removed Component Record,รวม C1 และถอดล้างเฉพาะ Blower/Drain Pan/ชิ้นส่วนที่ระบุและเข้าถึงได้อย่างปลอดภัย,"ไม่รวม Motor, PCB, ถอด Coil, เปิดวงจรสารทำความเย็น งานโครงสร้าง และรายการนอก QTN",Survey
Standard Care,C1,AHU,,"200,001-300,000","ล้าง AHU 200,001-300,000 BTU",เครื่อง,6000,6000,45 วัน,Service Care 90 วัน,Service Report + ภาพประกอบ + ค่าตรวจตาม Scope + Project Summary,"Precheck, ป้องกันพื้นที่, ล้าง FCU/CDU ตามจุดที่เข้าถึงได้, ประกอบและทดสอบ Function/Drain/Error",ไม่รวมซ่อม อะไหล่ เติมสารทำความเย็น ระบบไฟต้นทาง งานสูง และรายการนอก QTN,Active
Standard Care,C2,AHU,,"200,001-300,000","ล้าง AHU 200,001-300,000 BTU",เครื่อง,,,45 วัน,Service Care 90 วัน,Service Report + ภาพประกอบ + ค่าตรวจ + Removed Component Record,รวม C1 และถอดล้างเฉพาะ Blower/Drain Pan/ชิ้นส่วนที่ระบุและเข้าถึงได้อย่างปลอดภัย,"ไม่รวม Motor, PCB, ถอด Coil, เปิดวงจรสารทำความเย็น งานโครงสร้าง และรายการนอก QTN",Survey
Standard Care,C1,AHU,,">300,000","ล้าง AHU มากกว่า 300,000 BTU",เครื่อง,,,45 วัน,Service Care 90 วัน,Service Report + ภาพประกอบ + ค่าตรวจตาม Scope + Project Summary,"Precheck, ป้องกันพื้นที่, ล้าง FCU/CDU ตามจุดที่เข้าถึงได้, ประกอบและทดสอบ Function/Drain/Error",ไม่รวมซ่อม อะไหล่ เติมสารทำความเย็น ระบบไฟต้นทาง งานสูง และรายการนอก QTN,Survey
Standard Care,C2,AHU,,">300,000","ล้าง AHU มากกว่า 300,000 BTU",เครื่อง,,,45 วัน,Service Care 90 วัน,Service Report + ภาพประกอบ + ค่าตรวจ + Removed Component Record,รวม C1 และถอดล้างเฉพาะ Blower/Drain Pan/ชิ้นส่วนที่ระบุและเข้าถึงได้อย่างปลอดภัย,"ไม่รวม Motor, PCB, ถอด Coil, เปิดวงจรสารทำความเย็น งานโครงสร้าง และรายการนอก QTN",Survey
Corporate Control,C1,ติดผนัง,wall,"9,000-18,000","ล้างแอร์ติดผนัง 9,000-18,000 BTU",เครื่อง,1000,950,60 วัน,Service Care Plus 90 วัน,Asset Report + Photo Index + ค่าตรวจเชื่อม Asset + Priority/Trend/Closure,"Precheck, ป้องกันพื้นที่, ล้าง FCU/CDU ตามจุดที่เข้าถึงได้, ประกอบและทดสอบ Function/Drain/Error",ไม่รวมซ่อม อะไหล่ เติมสารทำความเย็น ระบบไฟต้นทาง งานสูง และรายการนอก QTN,Active
Corporate Control,C2,ติดผนัง,wall,"9,000-18,000","ล้างแอร์ติดผนัง 9,000-18,000 BTU",เครื่อง,2000,2000,60 วัน,Service Care Plus 90 วัน,Asset Report + Photo Index + ค่าตรวจ + Removed Component + Priority/Trend/Closure,รวม C1 และถอดล้างเฉพาะ Blower/Drain Pan/ชิ้นส่วนที่ระบุและเข้าถึงได้อย่างปลอดภัย,"ไม่รวม Motor, PCB, ถอด Coil, เปิดวงจรสารทำความเย็น งานโครงสร้าง และรายการนอก QTN",Derived: C1 + C2 standard add-on
Corporate Control,C1,ติดผนัง,wall,"19,000-24,000","ล้างแอร์ติดผนัง 19,000-24,000 BTU",เครื่อง,1000,1000,60 วัน,Service Care Plus 90 วัน,Asset Report + Photo Index + ค่าตรวจเชื่อม Asset + Priority/Trend/Closure,"Precheck, ป้องกันพื้นที่, ล้าง FCU/CDU ตามจุดที่เข้าถึงได้, ประกอบและทดสอบ Function/Drain/Error",ไม่รวมซ่อม อะไหล่ เติมสารทำความเย็น ระบบไฟต้นทาง งานสูง และรายการนอก QTN,Active
Corporate Control,C2,ติดผนัง,wall,"19,000-24,000","ล้างแอร์ติดผนัง 19,000-24,000 BTU",เครื่อง,2100,2050,60 วัน,Service Care Plus 90 วัน,Asset Report + Photo Index + ค่าตรวจ + Removed Component + Priority/Trend/Closure,รวม C1 และถอดล้างเฉพาะ Blower/Drain Pan/ชิ้นส่วนที่ระบุและเข้าถึงได้อย่างปลอดภัย,"ไม่รวม Motor, PCB, ถอด Coil, เปิดวงจรสารทำความเย็น งานโครงสร้าง และรายการนอก QTN",Derived: C1 + C2 standard add-on
Corporate Control,C1,ติดผนัง,wall,"25,000-36,000","ล้างแอร์ติดผนัง 25,000-36,000 BTU",เครื่อง,1200,1150,60 วัน,Service Care Plus 90 วัน,Asset Report + Photo Index + ค่าตรวจเชื่อม Asset + Priority/Trend/Closure,"Precheck, ป้องกันพื้นที่, ล้าง FCU/CDU ตามจุดที่เข้าถึงได้, ประกอบและทดสอบ Function/Drain/Error",ไม่รวมซ่อม อะไหล่ เติมสารทำความเย็น ระบบไฟต้นทาง งานสูง และรายการนอก QTN,Active
Corporate Control,C2,ติดผนัง,wall,"25,000-36,000","ล้างแอร์ติดผนัง 25,000-36,000 BTU",เครื่อง,2200,2200,60 วัน,Service Care Plus 90 วัน,Asset Report + Photo Index + ค่าตรวจ + Removed Component + Priority/Trend/Closure,รวม C1 และถอดล้างเฉพาะ Blower/Drain Pan/ชิ้นส่วนที่ระบุและเข้าถึงได้อย่างปลอดภัย,"ไม่รวม Motor, PCB, ถอด Coil, เปิดวงจรสารทำความเย็น งานโครงสร้าง และรายการนอก QTN",Derived: C1 + C2 standard add-on
Corporate Control,C1,ติดผนัง,wall,"37,000-60,000","ล้างแอร์ติดผนัง 37,000-60,000 BTU",เครื่อง,1400,1400,60 วัน,Service Care Plus 90 วัน,Asset Report + Photo Index + ค่าตรวจเชื่อม Asset + Priority/Trend/Closure,"Precheck, ป้องกันพื้นที่, ล้าง FCU/CDU ตามจุดที่เข้าถึงได้, ประกอบและทดสอบ Function/Drain/Error",ไม่รวมซ่อม อะไหล่ เติมสารทำความเย็น ระบบไฟต้นทาง งานสูง และรายการนอก QTN,Active
Corporate Control,C2,ติดผนัง,wall,"37,000-60,000","ล้างแอร์ติดผนัง 37,000-60,000 BTU",เครื่อง,2500,2450,60 วัน,Service Care Plus 90 วัน,Asset Report + Photo Index + ค่าตรวจ + Removed Component + Priority/Trend/Closure,รวม C1 และถอดล้างเฉพาะ Blower/Drain Pan/ชิ้นส่วนที่ระบุและเข้าถึงได้อย่างปลอดภัย,"ไม่รวม Motor, PCB, ถอด Coil, เปิดวงจรสารทำความเย็น งานโครงสร้าง และรายการนอก QTN",Derived: C1 + C2 standard add-on
Corporate Control,C1,แขวนใต้ฝ้า,ceiling,"<=24,000","ล้างแอร์แขวนใต้ฝ้า ไม่เกิน 24,000 BTU",เครื่อง,1500,1450,60 วัน,Service Care Plus 90 วัน,Asset Report + Photo Index + ค่าตรวจเชื่อม Asset + Priority/Trend/Closure,"Precheck, ป้องกันพื้นที่, ล้าง FCU/CDU ตามจุดที่เข้าถึงได้, ประกอบและทดสอบ Function/Drain/Error",ไม่รวมซ่อม อะไหล่ เติมสารทำความเย็น ระบบไฟต้นทาง งานสูง และรายการนอก QTN,Active
Corporate Control,C2,แขวนใต้ฝ้า,ceiling,"<=24,000","ล้างแอร์แขวนใต้ฝ้า ไม่เกิน 24,000 BTU",เครื่อง,2900,2850,60 วัน,Service Care Plus 90 วัน,Asset Report + Photo Index + ค่าตรวจ + Removed Component + Priority/Trend/Closure,รวม C1 และถอดล้างเฉพาะ Blower/Drain Pan/ชิ้นส่วนที่ระบุและเข้าถึงได้อย่างปลอดภัย,"ไม่รวม Motor, PCB, ถอด Coil, เปิดวงจรสารทำความเย็น งานโครงสร้าง และรายการนอก QTN",Derived: C1 + C2 standard add-on
Corporate Control,C1,แขวนใต้ฝ้า,ceiling,"25,000-36,000","ล้างแอร์แขวนใต้ฝ้า 25,000-36,000 BTU",เครื่อง,1700,1650,60 วัน,Service Care Plus 90 วัน,Asset Report + Photo Index + ค่าตรวจเชื่อม Asset + Priority/Trend/Closure,"Precheck, ป้องกันพื้นที่, ล้าง FCU/CDU ตามจุดที่เข้าถึงได้, ประกอบและทดสอบ Function/Drain/Error",ไม่รวมซ่อม อะไหล่ เติมสารทำความเย็น ระบบไฟต้นทาง งานสูง และรายการนอก QTN,Active
Corporate Control,C2,แขวนใต้ฝ้า,ceiling,"25,000-36,000","ล้างแอร์แขวนใต้ฝ้า 25,000-36,000 BTU",เครื่อง,3100,3050,60 วัน,Service Care Plus 90 วัน,Asset Report + Photo Index + ค่าตรวจ + Removed Component + Priority/Trend/Closure,รวม C1 และถอดล้างเฉพาะ Blower/Drain Pan/ชิ้นส่วนที่ระบุและเข้าถึงได้อย่างปลอดภัย,"ไม่รวม Motor, PCB, ถอด Coil, เปิดวงจรสารทำความเย็น งานโครงสร้าง และรายการนอก QTN",Derived: C1 + C2 standard add-on
Corporate Control,C1,แขวนใต้ฝ้า,ceiling,"37,000-48,000","ล้างแอร์แขวนใต้ฝ้า 37,000-48,000 BTU",เครื่อง,1900,1850,60 วัน,Service Care Plus 90 วัน,Asset Report + Photo Index + ค่าตรวจเชื่อม Asset + Priority/Trend/Closure,"Precheck, ป้องกันพื้นที่, ล้าง FCU/CDU ตามจุดที่เข้าถึงได้, ประกอบและทดสอบ Function/Drain/Error",ไม่รวมซ่อม อะไหล่ เติมสารทำความเย็น ระบบไฟต้นทาง งานสูง และรายการนอก QTN,Active
Corporate Control,C2,แขวนใต้ฝ้า,ceiling,"37,000-48,000","ล้างแอร์แขวนใต้ฝ้า 37,000-48,000 BTU",เครื่อง,3300,3250,60 วัน,Service Care Plus 90 วัน,Asset Report + Photo Index + ค่าตรวจ + Removed Component + Priority/Trend/Closure,รวม C1 และถอดล้างเฉพาะ Blower/Drain Pan/ชิ้นส่วนที่ระบุและเข้าถึงได้อย่างปลอดภัย,"ไม่รวม Motor, PCB, ถอด Coil, เปิดวงจรสารทำความเย็น งานโครงสร้าง และรายการนอก QTN",Derived: C1 + C2 standard add-on
Corporate Control,C1,แขวนใต้ฝ้า,ceiling,"49,000-60,000","ล้างแอร์แขวนใต้ฝ้า 49,000-60,000 BTU",เครื่อง,2100,2050,60 วัน,Service Care Plus 90 วัน,Asset Report + Photo Index + ค่าตรวจเชื่อม Asset + Priority/Trend/Closure,"Precheck, ป้องกันพื้นที่, ล้าง FCU/CDU ตามจุดที่เข้าถึงได้, ประกอบและทดสอบ Function/Drain/Error",ไม่รวมซ่อม อะไหล่ เติมสารทำความเย็น ระบบไฟต้นทาง งานสูง และรายการนอก QTN,Active
Corporate Control,C2,แขวนใต้ฝ้า,ceiling,"49,000-60,000","ล้างแอร์แขวนใต้ฝ้า 49,000-60,000 BTU",เครื่อง,3500,3450,60 วัน,Service Care Plus 90 วัน,Asset Report + Photo Index + ค่าตรวจ + Removed Component + Priority/Trend/Closure,รวม C1 และถอดล้างเฉพาะ Blower/Drain Pan/ชิ้นส่วนที่ระบุและเข้าถึงได้อย่างปลอดภัย,"ไม่รวม Motor, PCB, ถอด Coil, เปิดวงจรสารทำความเย็น งานโครงสร้าง และรายการนอก QTN",Derived: C1 + C2 standard add-on
Corporate Control,C1,ตั้งพื้น/ตั้งตู้,floor,"<=24,000","ล้างแอร์ตั้งพื้น/ตั้งตู้ ไม่เกิน 24,000 BTU",เครื่อง,1500,1450,60 วัน,Service Care Plus 90 วัน,Asset Report + Photo Index + ค่าตรวจเชื่อม Asset + Priority/Trend/Closure,"Precheck, ป้องกันพื้นที่, ล้าง FCU/CDU ตามจุดที่เข้าถึงได้, ประกอบและทดสอบ Function/Drain/Error",ไม่รวมซ่อม อะไหล่ เติมสารทำความเย็น ระบบไฟต้นทาง งานสูง และรายการนอก QTN,Active
Corporate Control,C2,ตั้งพื้น/ตั้งตู้,floor,"<=24,000","ล้างแอร์ตั้งพื้น/ตั้งตู้ ไม่เกิน 24,000 BTU",เครื่อง,2900,2850,60 วัน,Service Care Plus 90 วัน,Asset Report + Photo Index + ค่าตรวจ + Removed Component + Priority/Trend/Closure,รวม C1 และถอดล้างเฉพาะ Blower/Drain Pan/ชิ้นส่วนที่ระบุและเข้าถึงได้อย่างปลอดภัย,"ไม่รวม Motor, PCB, ถอด Coil, เปิดวงจรสารทำความเย็น งานโครงสร้าง และรายการนอก QTN",Derived: C1 + C2 standard add-on
Corporate Control,C1,ตั้งพื้น/ตั้งตู้,floor,"25,000-36,000","ล้างแอร์ตั้งพื้น/ตั้งตู้ 25,000-36,000 BTU",เครื่อง,1700,1650,60 วัน,Service Care Plus 90 วัน,Asset Report + Photo Index + ค่าตรวจเชื่อม Asset + Priority/Trend/Closure,"Precheck, ป้องกันพื้นที่, ล้าง FCU/CDU ตามจุดที่เข้าถึงได้, ประกอบและทดสอบ Function/Drain/Error",ไม่รวมซ่อม อะไหล่ เติมสารทำความเย็น ระบบไฟต้นทาง งานสูง และรายการนอก QTN,Active
Corporate Control,C2,ตั้งพื้น/ตั้งตู้,floor,"25,000-36,000","ล้างแอร์ตั้งพื้น/ตั้งตู้ 25,000-36,000 BTU",เครื่อง,3100,3050,60 วัน,Service Care Plus 90 วัน,Asset Report + Photo Index + ค่าตรวจ + Removed Component + Priority/Trend/Closure,รวม C1 และถอดล้างเฉพาะ Blower/Drain Pan/ชิ้นส่วนที่ระบุและเข้าถึงได้อย่างปลอดภัย,"ไม่รวม Motor, PCB, ถอด Coil, เปิดวงจรสารทำความเย็น งานโครงสร้าง และรายการนอก QTN",Derived: C1 + C2 standard add-on
Corporate Control,C1,ตั้งพื้น/ตั้งตู้,floor,"37,000-48,000","ล้างแอร์ตั้งพื้น/ตั้งตู้ 37,000-48,000 BTU",เครื่อง,1900,1850,60 วัน,Service Care Plus 90 วัน,Asset Report + Photo Index + ค่าตรวจเชื่อม Asset + Priority/Trend/Closure,"Precheck, ป้องกันพื้นที่, ล้าง FCU/CDU ตามจุดที่เข้าถึงได้, ประกอบและทดสอบ Function/Drain/Error",ไม่รวมซ่อม อะไหล่ เติมสารทำความเย็น ระบบไฟต้นทาง งานสูง และรายการนอก QTN,Active
Corporate Control,C2,ตั้งพื้น/ตั้งตู้,floor,"37,000-48,000","ล้างแอร์ตั้งพื้น/ตั้งตู้ 37,000-48,000 BTU",เครื่อง,3300,3250,60 วัน,Service Care Plus 90 วัน,Asset Report + Photo Index + ค่าตรวจ + Removed Component + Priority/Trend/Closure,รวม C1 และถอดล้างเฉพาะ Blower/Drain Pan/ชิ้นส่วนที่ระบุและเข้าถึงได้อย่างปลอดภัย,"ไม่รวม Motor, PCB, ถอด Coil, เปิดวงจรสารทำความเย็น งานโครงสร้าง และรายการนอก QTN",Derived: C1 + C2 standard add-on
Corporate Control,C1,ตั้งพื้น/ตั้งตู้,floor,"49,000-60,000","ล้างแอร์ตั้งพื้น/ตั้งตู้ 49,000-60,000 BTU",เครื่อง,2100,2050,60 วัน,Service Care Plus 90 วัน,Asset Report + Photo Index + ค่าตรวจเชื่อม Asset + Priority/Trend/Closure,"Precheck, ป้องกันพื้นที่, ล้าง FCU/CDU ตามจุดที่เข้าถึงได้, ประกอบและทดสอบ Function/Drain/Error",ไม่รวมซ่อม อะไหล่ เติมสารทำความเย็น ระบบไฟต้นทาง งานสูง และรายการนอก QTN,Active
Corporate Control,C2,ตั้งพื้น/ตั้งตู้,floor,"49,000-60,000","ล้างแอร์ตั้งพื้น/ตั้งตู้ 49,000-60,000 BTU",เครื่อง,3500,3450,60 วัน,Service Care Plus 90 วัน,Asset Report + Photo Index + ค่าตรวจ + Removed Component + Priority/Trend/Closure,รวม C1 และถอดล้างเฉพาะ Blower/Drain Pan/ชิ้นส่วนที่ระบุและเข้าถึงได้อย่างปลอดภัย,"ไม่รวม Motor, PCB, ถอด Coil, เปิดวงจรสารทำความเย็น งานโครงสร้าง และรายการนอก QTN",Derived: C1 + C2 standard add-on
Corporate Control,C1,สี่ทิศทาง,cassette,"<=24,000","ล้างแอร์สี่ทิศทาง ไม่เกิน 24,000 BTU",เครื่อง,1700,1650,60 วัน,Service Care Plus 90 วัน,Asset Report + Photo Index + ค่าตรวจเชื่อม Asset + Priority/Trend/Closure,"Precheck, ป้องกันพื้นที่, ล้าง FCU/CDU ตามจุดที่เข้าถึงได้, ประกอบและทดสอบ Function/Drain/Error",ไม่รวมซ่อม อะไหล่ เติมสารทำความเย็น ระบบไฟต้นทาง งานสูง และรายการนอก QTN,Active
Corporate Control,C2,สี่ทิศทาง,cassette,"<=24,000","ล้างแอร์สี่ทิศทาง ไม่เกิน 24,000 BTU",เครื่อง,3300,3250,60 วัน,Service Care Plus 90 วัน,Asset Report + Photo Index + ค่าตรวจ + Removed Component + Priority/Trend/Closure,รวม C1 และถอดล้างเฉพาะ Blower/Drain Pan/ชิ้นส่วนที่ระบุและเข้าถึงได้อย่างปลอดภัย,"ไม่รวม Motor, PCB, ถอด Coil, เปิดวงจรสารทำความเย็น งานโครงสร้าง และรายการนอก QTN",Derived: C1 + C2 standard add-on
Corporate Control,C1,สี่ทิศทาง,cassette,"25,000-36,000","ล้างแอร์สี่ทิศทาง 25,000-36,000 BTU",เครื่อง,1800,1800,60 วัน,Service Care Plus 90 วัน,Asset Report + Photo Index + ค่าตรวจเชื่อม Asset + Priority/Trend/Closure,"Precheck, ป้องกันพื้นที่, ล้าง FCU/CDU ตามจุดที่เข้าถึงได้, ประกอบและทดสอบ Function/Drain/Error",ไม่รวมซ่อม อะไหล่ เติมสารทำความเย็น ระบบไฟต้นทาง งานสูง และรายการนอก QTN,Active
Corporate Control,C2,สี่ทิศทาง,cassette,"25,000-36,000","ล้างแอร์สี่ทิศทาง 25,000-36,000 BTU",เครื่อง,3400,3400,60 วัน,Service Care Plus 90 วัน,Asset Report + Photo Index + ค่าตรวจ + Removed Component + Priority/Trend/Closure,รวม C1 และถอดล้างเฉพาะ Blower/Drain Pan/ชิ้นส่วนที่ระบุและเข้าถึงได้อย่างปลอดภัย,"ไม่รวม Motor, PCB, ถอด Coil, เปิดวงจรสารทำความเย็น งานโครงสร้าง และรายการนอก QTN",Derived: C1 + C2 standard add-on
Corporate Control,C1,สี่ทิศทาง,cassette,"37,000-48,000","ล้างแอร์สี่ทิศทาง 37,000-48,000 BTU",เครื่อง,2000,2000,60 วัน,Service Care Plus 90 วัน,Asset Report + Photo Index + ค่าตรวจเชื่อม Asset + Priority/Trend/Closure,"Precheck, ป้องกันพื้นที่, ล้าง FCU/CDU ตามจุดที่เข้าถึงได้, ประกอบและทดสอบ Function/Drain/Error",ไม่รวมซ่อม อะไหล่ เติมสารทำความเย็น ระบบไฟต้นทาง งานสูง และรายการนอก QTN,Active
Corporate Control,C2,สี่ทิศทาง,cassette,"37,000-48,000","ล้างแอร์สี่ทิศทาง 37,000-48,000 BTU",เครื่อง,3600,3600,60 วัน,Service Care Plus 90 วัน,Asset Report + Photo Index + ค่าตรวจ + Removed Component + Priority/Trend/Closure,รวม C1 และถอดล้างเฉพาะ Blower/Drain Pan/ชิ้นส่วนที่ระบุและเข้าถึงได้อย่างปลอดภัย,"ไม่รวม Motor, PCB, ถอด Coil, เปิดวงจรสารทำความเย็น งานโครงสร้าง และรายการนอก QTN",Derived: C1 + C2 standard add-on
Corporate Control,C1,สี่ทิศทาง,cassette,"49,000-60,000","ล้างแอร์สี่ทิศทาง 49,000-60,000 BTU",เครื่อง,2200,2200,60 วัน,Service Care Plus 90 วัน,Asset Report + Photo Index + ค่าตรวจเชื่อม Asset + Priority/Trend/Closure,"Precheck, ป้องกันพื้นที่, ล้าง FCU/CDU ตามจุดที่เข้าถึงได้, ประกอบและทดสอบ Function/Drain/Error",ไม่รวมซ่อม อะไหล่ เติมสารทำความเย็น ระบบไฟต้นทาง งานสูง และรายการนอก QTN,Active
Corporate Control,C2,สี่ทิศทาง,cassette,"49,000-60,000","ล้างแอร์สี่ทิศทาง 49,000-60,000 BTU",เครื่อง,3800,3800,60 วัน,Service Care Plus 90 วัน,Asset Report + Photo Index + ค่าตรวจ + Removed Component + Priority/Trend/Closure,รวม C1 และถอดล้างเฉพาะ Blower/Drain Pan/ชิ้นส่วนที่ระบุและเข้าถึงได้อย่างปลอดภัย,"ไม่รวม Motor, PCB, ถอด Coil, เปิดวงจรสารทำความเย็น งานโครงสร้าง และรายการนอก QTN",Derived: C1 + C2 standard add-on
Corporate Control,C1,ซ่อนในฝ้า/ต่อท่อลม,duct,"<=24,000","ล้างแอร์ซ่อนในฝ้า/ต่อท่อลม (Concealed/Duct Type) ไม่เกิน 24,000 BTU",เครื่อง,1900,1850,60 วัน,Service Care Plus 90 วัน,Asset Report + Photo Index + ค่าตรวจเชื่อม Asset + Priority/Trend/Closure,ล้าง FCU/CDU ตาม Scope ที่เข้าถึงได้ ต้องมีช่อง Service เพียงพอ ตรวจตำแหน่ง Drain Pan/Pump/Blower ก่อนเริ่มงาน,ไม่รวมเปิด-ปิดฝ้า ล้างท่อลม/หัวจ่าย ถอดชิ้นส่วนที่ไม่มีช่องเข้าถึง และงานโครงสร้าง; หากไม่มีช่อง Service ต้อง Survey,Budget
Corporate Control,C2,ซ่อนในฝ้า/ต่อท่อลม,duct,"<=24,000","ล้างแอร์ซ่อนในฝ้า/ต่อท่อลม (Concealed/Duct Type) ไม่เกิน 24,000 BTU",เครื่อง,3700,3650,60 วัน,Service Care Plus 90 วัน,Asset Report + Photo Index + ค่าตรวจ + Removed Component + Priority/Trend/Closure,ล้าง FCU/CDU ตาม Scope ที่เข้าถึงได้ ต้องมีช่อง Service เพียงพอ ตรวจตำแหน่ง Drain Pan/Pump/Blower ก่อนเริ่มงาน,ไม่รวมเปิด-ปิดฝ้า ล้างท่อลม/หัวจ่าย ถอดชิ้นส่วนที่ไม่มีช่องเข้าถึง และงานโครงสร้าง; หากไม่มีช่อง Service ต้อง Survey,Survey
Corporate Control,C1,ซ่อนในฝ้า/ต่อท่อลม,duct,"25,000-36,000","ล้างแอร์ซ่อนในฝ้า/ต่อท่อลม (Concealed/Duct Type) 25,000-36,000 BTU",เครื่อง,2100,2050,60 วัน,Service Care Plus 90 วัน,Asset Report + Photo Index + ค่าตรวจเชื่อม Asset + Priority/Trend/Closure,ล้าง FCU/CDU ตาม Scope ที่เข้าถึงได้ ต้องมีช่อง Service เพียงพอ ตรวจตำแหน่ง Drain Pan/Pump/Blower ก่อนเริ่มงาน,ไม่รวมเปิด-ปิดฝ้า ล้างท่อลม/หัวจ่าย ถอดชิ้นส่วนที่ไม่มีช่องเข้าถึง และงานโครงสร้าง; หากไม่มีช่อง Service ต้อง Survey,Budget
Corporate Control,C2,ซ่อนในฝ้า/ต่อท่อลม,duct,"25,000-36,000","ล้างแอร์ซ่อนในฝ้า/ต่อท่อลม (Concealed/Duct Type) 25,000-36,000 BTU",เครื่อง,3900,3850,60 วัน,Service Care Plus 90 วัน,Asset Report + Photo Index + ค่าตรวจ + Removed Component + Priority/Trend/Closure,ล้าง FCU/CDU ตาม Scope ที่เข้าถึงได้ ต้องมีช่อง Service เพียงพอ ตรวจตำแหน่ง Drain Pan/Pump/Blower ก่อนเริ่มงาน,ไม่รวมเปิด-ปิดฝ้า ล้างท่อลม/หัวจ่าย ถอดชิ้นส่วนที่ไม่มีช่องเข้าถึง และงานโครงสร้าง; หากไม่มีช่อง Service ต้อง Survey,Survey
Corporate Control,C1,ซ่อนในฝ้า/ต่อท่อลม,duct,"37,000-48,000","ล้างแอร์ซ่อนในฝ้า/ต่อท่อลม (Concealed/Duct Type) 37,000-48,000 BTU",เครื่อง,2300,2250,60 วัน,Service Care Plus 90 วัน,Asset Report + Photo Index + ค่าตรวจเชื่อม Asset + Priority/Trend/Closure,ล้าง FCU/CDU ตาม Scope ที่เข้าถึงได้ ต้องมีช่อง Service เพียงพอ ตรวจตำแหน่ง Drain Pan/Pump/Blower ก่อนเริ่มงาน,ไม่รวมเปิด-ปิดฝ้า ล้างท่อลม/หัวจ่าย ถอดชิ้นส่วนที่ไม่มีช่องเข้าถึง และงานโครงสร้าง; หากไม่มีช่อง Service ต้อง Survey,Budget
Corporate Control,C2,ซ่อนในฝ้า/ต่อท่อลม,duct,"37,000-48,000","ล้างแอร์ซ่อนในฝ้า/ต่อท่อลม (Concealed/Duct Type) 37,000-48,000 BTU",เครื่อง,4100,4050,60 วัน,Service Care Plus 90 วัน,Asset Report + Photo Index + ค่าตรวจ + Removed Component + Priority/Trend/Closure,ล้าง FCU/CDU ตาม Scope ที่เข้าถึงได้ ต้องมีช่อง Service เพียงพอ ตรวจตำแหน่ง Drain Pan/Pump/Blower ก่อนเริ่มงาน,ไม่รวมเปิด-ปิดฝ้า ล้างท่อลม/หัวจ่าย ถอดชิ้นส่วนที่ไม่มีช่องเข้าถึง และงานโครงสร้าง; หากไม่มีช่อง Service ต้อง Survey,Survey
Corporate Control,C1,ซ่อนในฝ้า/ต่อท่อลม,duct,"49,000-60,000","ล้างแอร์ซ่อนในฝ้า/ต่อท่อลม (Concealed/Duct Type) 49,000-60,000 BTU",เครื่อง,2500,2500,60 วัน,Service Care Plus 90 วัน,Asset Report + Photo Index + ค่าตรวจเชื่อม Asset + Priority/Trend/Closure,ล้าง FCU/CDU ตาม Scope ที่เข้าถึงได้ ต้องมีช่อง Service เพียงพอ ตรวจตำแหน่ง Drain Pan/Pump/Blower ก่อนเริ่มงาน,ไม่รวมเปิด-ปิดฝ้า ล้างท่อลม/หัวจ่าย ถอดชิ้นส่วนที่ไม่มีช่องเข้าถึง และงานโครงสร้าง; หากไม่มีช่อง Service ต้อง Survey,Budget
Corporate Control,C2,ซ่อนในฝ้า/ต่อท่อลม,duct,"49,000-60,000","ล้างแอร์ซ่อนในฝ้า/ต่อท่อลม (Concealed/Duct Type) 49,000-60,000 BTU",เครื่อง,4300,4300,60 วัน,Service Care Plus 90 วัน,Asset Report + Photo Index + ค่าตรวจ + Removed Component + Priority/Trend/Closure,ล้าง FCU/CDU ตาม Scope ที่เข้าถึงได้ ต้องมีช่อง Service เพียงพอ ตรวจตำแหน่ง Drain Pan/Pump/Blower ก่อนเริ่มงาน,ไม่รวมเปิด-ปิดฝ้า ล้างท่อลม/หัวจ่าย ถอดชิ้นส่วนที่ไม่มีช่องเข้าถึง และงานโครงสร้าง; หากไม่มีช่อง Service ต้อง Survey,Survey
Corporate Control,C1,AHU,,"<=100,000","ล้าง AHU ไม่เกิน 100,000 BTU",เครื่อง,4300,4300,60 วัน,Service Care Plus 90 วัน,Asset Report + Photo Index + ค่าตรวจเชื่อม Asset + Priority/Trend/Closure,"Precheck, ป้องกันพื้นที่, ล้าง FCU/CDU ตามจุดที่เข้าถึงได้, ประกอบและทดสอบ Function/Drain/Error",ไม่รวมซ่อม อะไหล่ เติมสารทำความเย็น ระบบไฟต้นทาง งานสูง และรายการนอก QTN,Active
Corporate Control,C2,AHU,,"<=100,000","ล้าง AHU ไม่เกิน 100,000 BTU",เครื่อง,,,60 วัน,Service Care Plus 90 วัน,Asset Report + Photo Index + ค่าตรวจ + Removed Component + Priority/Trend/Closure,รวม C1 และถอดล้างเฉพาะ Blower/Drain Pan/ชิ้นส่วนที่ระบุและเข้าถึงได้อย่างปลอดภัย,"ไม่รวม Motor, PCB, ถอด Coil, เปิดวงจรสารทำความเย็น งานโครงสร้าง และรายการนอก QTN",Survey
Corporate Control,C1,AHU,,"100,001-200,000","ล้าง AHU 100,001-200,000 BTU",เครื่อง,5400,5400,60 วัน,Service Care Plus 90 วัน,Asset Report + Photo Index + ค่าตรวจเชื่อม Asset + Priority/Trend/Closure,"Precheck, ป้องกันพื้นที่, ล้าง FCU/CDU ตามจุดที่เข้าถึงได้, ประกอบและทดสอบ Function/Drain/Error",ไม่รวมซ่อม อะไหล่ เติมสารทำความเย็น ระบบไฟต้นทาง งานสูง และรายการนอก QTN,Active
Corporate Control,C2,AHU,,"100,001-200,000","ล้าง AHU 100,001-200,000 BTU",เครื่อง,,,60 วัน,Service Care Plus 90 วัน,Asset Report + Photo Index + ค่าตรวจ + Removed Component + Priority/Trend/Closure,รวม C1 และถอดล้างเฉพาะ Blower/Drain Pan/ชิ้นส่วนที่ระบุและเข้าถึงได้อย่างปลอดภัย,"ไม่รวม Motor, PCB, ถอด Coil, เปิดวงจรสารทำความเย็น งานโครงสร้าง และรายการนอก QTN",Survey
Corporate Control,C1,AHU,,"200,001-300,000","ล้าง AHU 200,001-300,000 BTU",เครื่อง,6800,6800,60 วัน,Service Care Plus 90 วัน,Asset Report + Photo Index + ค่าตรวจเชื่อม Asset + Priority/Trend/Closure,"Precheck, ป้องกันพื้นที่, ล้าง FCU/CDU ตามจุดที่เข้าถึงได้, ประกอบและทดสอบ Function/Drain/Error",ไม่รวมซ่อม อะไหล่ เติมสารทำความเย็น ระบบไฟต้นทาง งานสูง และรายการนอก QTN,Active
Corporate Control,C2,AHU,,"200,001-300,000","ล้าง AHU 200,001-300,000 BTU",เครื่อง,,,60 วัน,Service Care Plus 90 วัน,Asset Report + Photo Index + ค่าตรวจ + Removed Component + Priority/Trend/Closure,รวม C1 และถอดล้างเฉพาะ Blower/Drain Pan/ชิ้นส่วนที่ระบุและเข้าถึงได้อย่างปลอดภัย,"ไม่รวม Motor, PCB, ถอด Coil, เปิดวงจรสารทำความเย็น งานโครงสร้าง และรายการนอก QTN",Survey
Corporate Control,C1,AHU,,">300,000","ล้าง AHU มากกว่า 300,000 BTU",เครื่อง,,,60 วัน,Service Care Plus 90 วัน,Asset Report + Photo Index + ค่าตรวจเชื่อม Asset + Priority/Trend/Closure,"Precheck, ป้องกันพื้นที่, ล้าง FCU/CDU ตามจุดที่เข้าถึงได้, ประกอบและทดสอบ Function/Drain/Error",ไม่รวมซ่อม อะไหล่ เติมสารทำความเย็น ระบบไฟต้นทาง งานสูง และรายการนอก QTN,Survey
Corporate Control,C2,AHU,,">300,000","ล้าง AHU มากกว่า 300,000 BTU",เครื่อง,,,60 วัน,Service Care Plus 90 วัน,Asset Report + Photo Index + ค่าตรวจ + Removed Component + Priority/Trend/Closure,รวม C1 และถอดล้างเฉพาะ Blower/Drain Pan/ชิ้นส่วนที่ระบุและเข้าถึงได้อย่างปลอดภัย,"ไม่รวม Motor, PCB, ถอด Coil, เปิดวงจรสารทำความเย็น งานโครงสร้าง และรายการนอก QTN",Survey
Basic Clean,C1,ล้างเฉพาะส่วน,,"<=36,000","ล้างเฉพาะคอยล์เย็น FCU ไม่รวมคอยล์ร้อน ไม่เกิน 36,000 BTU",เครื่อง,600,550,30 วัน,ไม่มี Service Care,ใบรับมอบงานแบบย่อ + ตรวจ Function/Drain/Error,ล้างเฉพาะชุดคอยล์เย็นและทางระบายน้ำที่เข้าถึงได้ พร้อมทดสอบ Function/Drain,ไม่รวมคอยล์ร้อน อะไหล่ ระบบน้ำยา งานเปิดฝ้า และการถอดเชิงลึก,Budget
Basic Clean,C2,ล้างเฉพาะส่วน,,"<=36,000","ล้างเฉพาะคอยล์เย็น FCU ไม่รวมคอยล์ร้อน ไม่เกิน 36,000 BTU",เครื่อง,600,550,30 วัน,ไม่มี Service Care,ใบรับมอบงานแบบย่อ + บันทึกชิ้นส่วนที่ถอด,ล้างเฉพาะชุดคอยล์เย็นและทางระบายน้ำที่เข้าถึงได้ พร้อมทดสอบ Function/Drain,ไม่รวมคอยล์ร้อน อะไหล่ ระบบน้ำยา งานเปิดฝ้า และการถอดเชิงลึก,Budget
Basic Clean,C1,ล้างเฉพาะส่วน,,"37,000-60,000","ล้างเฉพาะคอยล์เย็น FCU ไม่รวมคอยล์ร้อน 37,000-60,000 BTU",เครื่อง,700,700,30 วัน,ไม่มี Service Care,ใบรับมอบงานแบบย่อ + ตรวจ Function/Drain/Error,ล้างเฉพาะชุดคอยล์เย็นและทางระบายน้ำที่เข้าถึงได้ พร้อมทดสอบ Function/Drain,ไม่รวมคอยล์ร้อน อะไหล่ ระบบน้ำยา งานเปิดฝ้า และการถอดเชิงลึก,Budget
Basic Clean,C2,ล้างเฉพาะส่วน,,"37,000-60,000","ล้างเฉพาะคอยล์เย็น FCU ไม่รวมคอยล์ร้อน 37,000-60,000 BTU",เครื่อง,700,700,30 วัน,ไม่มี Service Care,ใบรับมอบงานแบบย่อ + บันทึกชิ้นส่วนที่ถอด,ล้างเฉพาะชุดคอยล์เย็นและทางระบายน้ำที่เข้าถึงได้ พร้อมทดสอบ Function/Drain,ไม่รวมคอยล์ร้อน อะไหล่ ระบบน้ำยา งานเปิดฝ้า และการถอดเชิงลึก,Budget
Basic Clean,C1,ล้างเฉพาะส่วน,,"<=36,000","ล้างเฉพาะคอยล์ร้อน CDU ไม่รวมคอยล์เย็น ไม่เกิน 36,000 BTU",เครื่อง,600,550,30 วัน,ไม่มี Service Care,ใบรับมอบงานแบบย่อ + ตรวจ Function/Drain/Error,ล้างคอยล์ร้อนและใบพัดภายนอกตามจุดที่เข้าถึงได้ พร้อมทดสอบ,ไม่รวมคอยล์เย็น งานซ่อม มอเตอร์/PCB งานสูง และงานรื้อ,Budget
Basic Clean,C2,ล้างเฉพาะส่วน,,"<=36,000","ล้างเฉพาะคอยล์ร้อน CDU ไม่รวมคอยล์เย็น ไม่เกิน 36,000 BTU",เครื่อง,600,550,30 วัน,ไม่มี Service Care,ใบรับมอบงานแบบย่อ + บันทึกชิ้นส่วนที่ถอด,ล้างคอยล์ร้อนและใบพัดภายนอกตามจุดที่เข้าถึงได้ พร้อมทดสอบ,ไม่รวมคอยล์เย็น งานซ่อม มอเตอร์/PCB งานสูง และงานรื้อ,Budget
Basic Clean,C1,ล้างเฉพาะส่วน,,"37,000-60,000","ล้างเฉพาะคอยล์ร้อน CDU ไม่รวมคอยล์เย็น 37,000-60,000 BTU",เครื่อง,700,700,30 วัน,ไม่มี Service Care,ใบรับมอบงานแบบย่อ + ตรวจ Function/Drain/Error,ล้างคอยล์ร้อนและใบพัดภายนอกตามจุดที่เข้าถึงได้ พร้อมทดสอบ,ไม่รวมคอยล์เย็น งานซ่อม มอเตอร์/PCB งานสูง และงานรื้อ,Budget
Basic Clean,C2,ล้างเฉพาะส่วน,,"37,000-60,000","ล้างเฉพาะคอยล์ร้อน CDU ไม่รวมคอยล์เย็น 37,000-60,000 BTU",เครื่อง,700,700,30 วัน,ไม่มี Service Care,ใบรับมอบงานแบบย่อ + บันทึกชิ้นส่วนที่ถอด,ล้างคอยล์ร้อนและใบพัดภายนอกตามจุดที่เข้าถึงได้ พร้อมทดสอบ,ไม่รวมคอยล์เย็น งานซ่อม มอเตอร์/PCB งานสูง และงานรื้อ,Budget
Basic Clean,C1,ล้างเฉพาะส่วน,,ตามหน้างาน,ล้างคอยล์ร้อนหลายชุดรวมบริเวณเดียวกัน,ชุด,1300,1250,30 วัน,ไม่มี Service Care,ใบรับมอบงานแบบย่อ + ตรวจ Function/Drain/Error,ล้างคอยล์ร้อนหลายชุดใน Zone เดียวตามจำนวนและ Access ที่ยืนยัน,ราคา Final ต้องยืนยันจำนวน ขนาด จุดน้ำ จุดระบายและความสูง,Budget
Basic Clean,C2,ล้างเฉพาะส่วน,,ตามหน้างาน,ล้างคอยล์ร้อนหลายชุดรวมบริเวณเดียวกัน,ชุด,1300,1250,30 วัน,ไม่มี Service Care,ใบรับมอบงานแบบย่อ + บันทึกชิ้นส่วนที่ถอด,ล้างคอยล์ร้อนหลายชุดใน Zone เดียวตามจำนวนและ Access ที่ยืนยัน,ราคา Final ต้องยืนยันจำนวน ขนาด จุดน้ำ จุดระบายและความสูง,Budget
Basic Clean,C1,งานเฉพาะพื้นที่,,ตามหน้างาน,เป่าฝุ่น/ดูดฝุ่นแห้ง ไม่ใช้น้ำ สำหรับพื้นที่ควบคุม,เครื่อง,1000,1000,30 วัน,ไม่มี Service Care,ใบรับมอบงานแบบย่อ + ตรวจ Function/Drain/Error,ทำความสะอาดแบบแห้งตามข้อกำหนดพื้นที่ โดยไม่ใช้น้ำ,ไม่เทียบเท่างานล้างน้ำ และไม่รับประกันคราบฝังแน่น/กลิ่น,Budget
Basic Clean,C2,งานเฉพาะพื้นที่,,ตามหน้างาน,เป่าฝุ่น/ดูดฝุ่นแห้ง ไม่ใช้น้ำ สำหรับพื้นที่ควบคุม,เครื่อง,,,30 วัน,ไม่มี Service Care,ใบรับมอบงานแบบย่อ + บันทึกชิ้นส่วนที่ถอด,ทำความสะอาดแบบแห้งตามข้อกำหนดพื้นที่ โดยไม่ใช้น้ำ,ไม่เทียบเท่างานล้างน้ำ และไม่รับประกันคราบฝังแน่น/กลิ่น,Survey
Basic Clean,C1,งานเพิ่ม,,ต่อเครื่อง,งานเพิ่มคราบน้ำมัน/คราบหนัก/เชื้อรา/กลิ่นรุนแรง,เครื่อง,400,400,30 วัน,ไม่มี Service Care,ใบรับมอบงานแบบย่อ + ตรวจ Function/Drain/Error,เพิ่มเวลาและน้ำยาทำความสะอาดสำหรับคราบผิดปกติ,ไม่รับประกันกลิ่น/เชื้อราที่มาจากอาคารหรือท่อลม,Budget
Basic Clean,C2,งานเพิ่ม,,ต่อเครื่อง,งานเพิ่มคราบน้ำมัน/คราบหนัก/เชื้อรา/กลิ่นรุนแรง,เครื่อง,400,400,30 วัน,ไม่มี Service Care,ใบรับมอบงานแบบย่อ + บันทึกชิ้นส่วนที่ถอด,เพิ่มเวลาและน้ำยาทำความสะอาดสำหรับคราบผิดปกติ,ไม่รับประกันกลิ่น/เชื้อราที่มาจากอาคารหรือท่อลม,Budget
Basic Clean,C1,Access/Risk,,ตามหน้างาน,งานเพิ่มความสูงเกิน 3 เมตร,จุด,,,30 วัน,ไม่มี Service Care,ใบรับมอบงานแบบย่อ + ตรวจ Function/Drain/Error,ประเมินความสูง วิธีเข้าถึง และมาตรการความปลอดภัย,ไม่รวมบันไดพิเศษ นั่งร้าน รถกระเช้า Permit,Survey
Basic Clean,C2,Access/Risk,,ตามหน้างาน,งานเพิ่มความสูงเกิน 3 เมตร,จุด,,,30 วัน,ไม่มี Service Care,ใบรับมอบงานแบบย่อ + บันทึกชิ้นส่วนที่ถอด,ประเมินความสูง วิธีเข้าถึง และมาตรการความปลอดภัย,ไม่รวมบันไดพิเศษ นั่งร้าน รถกระเช้า Permit,Survey
Basic Clean,C1,Access/Risk,,ตามหน้างาน,งานเพิ่มบันไดพิเศษ/นั่งร้าน/รถกระเช้า/อุปกรณ์ยก,งาน,,,30 วัน,ไม่มี Service Care,ใบรับมอบงานแบบย่อ + ตรวจ Function/Drain/Error,จัดวิธีเข้าถึงและอุปกรณ์ตามพื้นที่และ Site Rule,ราคา Final ตามจำนวนวัน พื้นที่และ Permit,Survey
Basic Clean,C2,Access/Risk,,ตามหน้างาน,งานเพิ่มบันไดพิเศษ/นั่งร้าน/รถกระเช้า/อุปกรณ์ยก,งาน,,,30 วัน,ไม่มี Service Care,ใบรับมอบงานแบบย่อ + บันทึกชิ้นส่วนที่ถอด,จัดวิธีเข้าถึงและอุปกรณ์ตามพื้นที่และ Site Rule,ราคา Final ตามจำนวนวัน พื้นที่และ Permit,Survey
Basic Clean,C1,เงื่อนไขเวลา,,ตามงาน,งานเพิ่มนอกเวลาทำการ/วันหยุด/งานเร่งด่วน,งาน,1700,1650,30 วัน,ไม่มี Service Care,ใบรับมอบงานแบบย่อ + ตรวจ Function/Drain/Error,ค่าเตรียมทีมและทำงานนอกเวลาปกติ,ราคา Final ตามทีม ชั่วโมงและข้อจำกัดพื้นที่,Budget
Basic Clean,C2,เงื่อนไขเวลา,,ตามงาน,งานเพิ่มนอกเวลาทำการ/วันหยุด/งานเร่งด่วน,งาน,1700,1650,30 วัน,ไม่มี Service Care,ใบรับมอบงานแบบย่อ + บันทึกชิ้นส่วนที่ถอด,ค่าเตรียมทีมและทำงานนอกเวลาปกติ,ราคา Final ตามทีม ชั่วโมงและข้อจำกัดพื้นที่,Budget
Basic Clean,C1,พื้นที่ควบคุม,,ตามหน้างาน,งานเพิ่มห้อง Server/โรงพยาบาล/Cleanroom/พื้นที่ควบคุม,งาน,,,30 วัน,ไม่มี Service Care,ใบรับมอบงานแบบย่อ + ตรวจ Function/Drain/Error,วาง Method/PPE/การป้องกันฝุ่นและน้ำตาม Site Rule,ไม่รวม Permit ระบบสำรอง และเจ้าหน้าที่ Standby,Survey
Basic Clean,C2,พื้นที่ควบคุม,,ตามหน้างาน,งานเพิ่มห้อง Server/โรงพยาบาล/Cleanroom/พื้นที่ควบคุม,งาน,,,30 วัน,ไม่มี Service Care,ใบรับมอบงานแบบย่อ + บันทึกชิ้นส่วนที่ถอด,วาง Method/PPE/การป้องกันฝุ่นและน้ำตาม Site Rule,ไม่รวม Permit ระบบสำรอง และเจ้าหน้าที่ Standby,Survey
Basic Clean,C1,พื้นที่ควบคุม,,ตามหน้างาน,งานเพิ่มป้องกันพื้นที่/คลุมสินค้า/หยุดสายการผลิต,งาน,,,30 วัน,ไม่มี Service Care,ใบรับมอบงานแบบย่อ + ตรวจ Function/Drain/Error,จัดวัสดุป้องกันและแผนทำงานตามสินค้า/เครื่องจักร,ไม่รวมรื้อย้ายสินค้าและค่าเสียโอกาส,Survey
Basic Clean,C2,พื้นที่ควบคุม,,ตามหน้างาน,งานเพิ่มป้องกันพื้นที่/คลุมสินค้า/หยุดสายการผลิต,งาน,,,30 วัน,ไม่มี Service Care,ใบรับมอบงานแบบย่อ + บันทึกชิ้นส่วนที่ถอด,จัดวัสดุป้องกันและแผนทำงานตามสินค้า/เครื่องจักร,ไม่รวมรื้อย้ายสินค้าและค่าเสียโอกาส,Survey
Basic Clean,C1,Mobilization,,ตามพื้นที่,ค่าเดินทาง/ต่างจังหวัด/ที่พัก/ขนส่งทีม,เที่ยว,1300,1250,30 วัน,ไม่มี Service Care,ใบรับมอบงานแบบย่อ + ตรวจ Function/Drain/Error,ค่าเดินทางและ Mobilization ตามระยะทางและจำนวนทีม,ราคา Final ต้องยืนยันระยะทาง ที่พัก ทางด่วน ที่จอด,Budget
Basic Clean,C2,Mobilization,,ตามพื้นที่,ค่าเดินทาง/ต่างจังหวัด/ที่พัก/ขนส่งทีม,เที่ยว,1300,1250,30 วัน,ไม่มี Service Care,ใบรับมอบงานแบบย่อ + บันทึกชิ้นส่วนที่ถอด,ค่าเดินทางและ Mobilization ตามระยะทางและจำนวนทีม,ราคา Final ต้องยืนยันระยะทาง ที่พัก ทางด่วน ที่จอด,Budget
Basic Clean,C1,Access/Risk,,ตามหน้างาน,งานเปิดฝ้า/ปิดฝ้าคืนเพื่อเข้าถึงเครื่อง,จุด,,,30 วัน,ไม่มี Service Care,ใบรับมอบงานแบบย่อ + ตรวจ Function/Drain/Error,สำรวจชนิดฝ้า โครง และวิธีคืนสภาพ,ไม่รวมงานสี ฝ้าพิเศษ และระบบเหนือฝ้า,Survey
Basic Clean,C2,Access/Risk,,ตามหน้างาน,งานเปิดฝ้า/ปิดฝ้าคืนเพื่อเข้าถึงเครื่อง,จุด,,,30 วัน,ไม่มี Service Care,ใบรับมอบงานแบบย่อ + บันทึกชิ้นส่วนที่ถอด,สำรวจชนิดฝ้า โครง และวิธีคืนสภาพ,ไม่รวมงานสี ฝ้าพิเศษ และระบบเหนือฝ้า,Survey
Basic Clean,C1,Access/Risk,,ตามหน้างาน,งานขนย้าย/เครน/รถยก/ยกอุปกรณ์,งาน,,,30 วัน,ไม่มี Service Care,ใบรับมอบงานแบบย่อ + ตรวจ Function/Drain/Error,สำรวจน้ำหนัก จุดยก เส้นทางและพื้นที่ตั้งรถ,ไม่รวม Permit และค่าอุปกรณ์จนกว่าจะยืนยัน,Survey
Basic Clean,C2,Access/Risk,,ตามหน้างาน,งานขนย้าย/เครน/รถยก/ยกอุปกรณ์,งาน,,,30 วัน,ไม่มี Service Care,ใบรับมอบงานแบบย่อ + บันทึกชิ้นส่วนที่ถอด,สำรวจน้ำหนัก จุดยก เส้นทางและพื้นที่ตั้งรถ,ไม่รวม Permit และค่าอุปกรณ์จนกว่าจะยืนยัน,Survey
Standard Care,C1,ล้างเฉพาะส่วน,,"<=36,000","ล้างเฉพาะคอยล์เย็น FCU ไม่รวมคอยล์ร้อน ไม่เกิน 36,000 BTU",เครื่อง,700,650,45 วัน,Service Care 90 วัน,Service Report + ภาพประกอบ + ค่าตรวจตาม Scope + Project Summary,ล้างเฉพาะชุดคอยล์เย็นและทางระบายน้ำที่เข้าถึงได้ พร้อมทดสอบ Function/Drain,ไม่รวมคอยล์ร้อน อะไหล่ ระบบน้ำยา งานเปิดฝ้า และการถอดเชิงลึก,Budget
Standard Care,C2,ล้างเฉพาะส่วน,,"<=36,000","ล้างเฉพาะคอยล์เย็น FCU ไม่รวมคอยล์ร้อน ไม่เกิน 36,000 BTU",เครื่อง,700,650,45 วัน,Service Care 90 วัน,Service Report + ภาพประกอบ + ค่าตรวจ + Removed Component Record,ล้างเฉพาะชุดคอยล์เย็นและทางระบายน้ำที่เข้าถึงได้ พร้อมทดสอบ Function/Drain,ไม่รวมคอยล์ร้อน อะไหล่ ระบบน้ำยา งานเปิดฝ้า และการถอดเชิงลึก,Budget
Standard Care,C1,ล้างเฉพาะส่วน,,"37,000-60,000","ล้างเฉพาะคอยล์เย็น FCU ไม่รวมคอยล์ร้อน 37,000-60,000 BTU",เครื่อง,900,850,45 วัน,Service Care 90 วัน,Service Report + ภาพประกอบ + ค่าตรวจตาม Scope + Project Summary,ล้างเฉพาะชุดคอยล์เย็นและทางระบายน้ำที่เข้าถึงได้ พร้อมทดสอบ Function/Drain,ไม่รวมคอยล์ร้อน อะไหล่ ระบบน้ำยา งานเปิดฝ้า และการถอดเชิงลึก,Budget
Standard Care,C2,ล้างเฉพาะส่วน,,"37,000-60,000","ล้างเฉพาะคอยล์เย็น FCU ไม่รวมคอยล์ร้อน 37,000-60,000 BTU",เครื่อง,900,850,45 วัน,Service Care 90 วัน,Service Report + ภาพประกอบ + ค่าตรวจ + Removed Component Record,ล้างเฉพาะชุดคอยล์เย็นและทางระบายน้ำที่เข้าถึงได้ พร้อมทดสอบ Function/Drain,ไม่รวมคอยล์ร้อน อะไหล่ ระบบน้ำยา งานเปิดฝ้า และการถอดเชิงลึก,Budget
Standard Care,C1,ล้างเฉพาะส่วน,,"<=36,000","ล้างเฉพาะคอยล์ร้อน CDU ไม่รวมคอยล์เย็น ไม่เกิน 36,000 BTU",เครื่อง,700,650,45 วัน,Service Care 90 วัน,Service Report + ภาพประกอบ + ค่าตรวจตาม Scope + Project Summary,ล้างคอยล์ร้อนและใบพัดภายนอกตามจุดที่เข้าถึงได้ พร้อมทดสอบ,ไม่รวมคอยล์เย็น งานซ่อม มอเตอร์/PCB งานสูง และงานรื้อ,Budget
Standard Care,C2,ล้างเฉพาะส่วน,,"<=36,000","ล้างเฉพาะคอยล์ร้อน CDU ไม่รวมคอยล์เย็น ไม่เกิน 36,000 BTU",เครื่อง,700,650,45 วัน,Service Care 90 วัน,Service Report + ภาพประกอบ + ค่าตรวจ + Removed Component Record,ล้างคอยล์ร้อนและใบพัดภายนอกตามจุดที่เข้าถึงได้ พร้อมทดสอบ,ไม่รวมคอยล์เย็น งานซ่อม มอเตอร์/PCB งานสูง และงานรื้อ,Budget
Standard Care,C1,ล้างเฉพาะส่วน,,"37,000-60,000","ล้างเฉพาะคอยล์ร้อน CDU ไม่รวมคอยล์เย็น 37,000-60,000 BTU",เครื่อง,900,850,45 วัน,Service Care 90 วัน,Service Report + ภาพประกอบ + ค่าตรวจตาม Scope + Project Summary,ล้างคอยล์ร้อนและใบพัดภายนอกตามจุดที่เข้าถึงได้ พร้อมทดสอบ,ไม่รวมคอยล์เย็น งานซ่อม มอเตอร์/PCB งานสูง และงานรื้อ,Budget
Standard Care,C2,ล้างเฉพาะส่วน,,"37,000-60,000","ล้างเฉพาะคอยล์ร้อน CDU ไม่รวมคอยล์เย็น 37,000-60,000 BTU",เครื่อง,900,850,45 วัน,Service Care 90 วัน,Service Report + ภาพประกอบ + ค่าตรวจ + Removed Component Record,ล้างคอยล์ร้อนและใบพัดภายนอกตามจุดที่เข้าถึงได้ พร้อมทดสอบ,ไม่รวมคอยล์เย็น งานซ่อม มอเตอร์/PCB งานสูง และงานรื้อ,Budget
Standard Care,C1,ล้างเฉพาะส่วน,,ตามหน้างาน,ล้างคอยล์ร้อนหลายชุดรวมบริเวณเดียวกัน,ชุด,1500,1500,45 วัน,Service Care 90 วัน,Service Report + ภาพประกอบ + ค่าตรวจตาม Scope + Project Summary,ล้างคอยล์ร้อนหลายชุดใน Zone เดียวตามจำนวนและ Access ที่ยืนยัน,ราคา Final ต้องยืนยันจำนวน ขนาด จุดน้ำ จุดระบายและความสูง,Budget
Standard Care,C2,ล้างเฉพาะส่วน,,ตามหน้างาน,ล้างคอยล์ร้อนหลายชุดรวมบริเวณเดียวกัน,ชุด,1500,1500,45 วัน,Service Care 90 วัน,Service Report + ภาพประกอบ + ค่าตรวจ + Removed Component Record,ล้างคอยล์ร้อนหลายชุดใน Zone เดียวตามจำนวนและ Access ที่ยืนยัน,ราคา Final ต้องยืนยันจำนวน ขนาด จุดน้ำ จุดระบายและความสูง,Budget
Standard Care,C1,งานเฉพาะพื้นที่,,ตามหน้างาน,เป่าฝุ่น/ดูดฝุ่นแห้ง ไม่ใช้น้ำ สำหรับพื้นที่ควบคุม,เครื่อง,1200,1200,45 วัน,Service Care 90 วัน,Service Report + ภาพประกอบ + ค่าตรวจตาม Scope + Project Summary,ทำความสะอาดแบบแห้งตามข้อกำหนดพื้นที่ โดยไม่ใช้น้ำ,ไม่เทียบเท่างานล้างน้ำ และไม่รับประกันคราบฝังแน่น/กลิ่น,Budget
Standard Care,C2,งานเฉพาะพื้นที่,,ตามหน้างาน,เป่าฝุ่น/ดูดฝุ่นแห้ง ไม่ใช้น้ำ สำหรับพื้นที่ควบคุม,เครื่อง,,,45 วัน,Service Care 90 วัน,Service Report + ภาพประกอบ + ค่าตรวจ + Removed Component Record,ทำความสะอาดแบบแห้งตามข้อกำหนดพื้นที่ โดยไม่ใช้น้ำ,ไม่เทียบเท่างานล้างน้ำ และไม่รับประกันคราบฝังแน่น/กลิ่น,Survey
Standard Care,C1,งานเพิ่ม,,ต่อเครื่อง,งานเพิ่มคราบน้ำมัน/คราบหนัก/เชื้อรา/กลิ่นรุนแรง,เครื่อง,500,500,45 วัน,Service Care 90 วัน,Service Report + ภาพประกอบ + ค่าตรวจตาม Scope + Project Summary,เพิ่มเวลาและน้ำยาทำความสะอาดสำหรับคราบผิดปกติ,ไม่รับประกันกลิ่น/เชื้อราที่มาจากอาคารหรือท่อลม,Budget
Standard Care,C2,งานเพิ่ม,,ต่อเครื่อง,งานเพิ่มคราบน้ำมัน/คราบหนัก/เชื้อรา/กลิ่นรุนแรง,เครื่อง,500,500,45 วัน,Service Care 90 วัน,Service Report + ภาพประกอบ + ค่าตรวจ + Removed Component Record,เพิ่มเวลาและน้ำยาทำความสะอาดสำหรับคราบผิดปกติ,ไม่รับประกันกลิ่น/เชื้อราที่มาจากอาคารหรือท่อลม,Budget
Standard Care,C1,Access/Risk,,ตามหน้างาน,งานเพิ่มความสูงเกิน 3 เมตร,จุด,,,45 วัน,Service Care 90 วัน,Service Report + ภาพประกอบ + ค่าตรวจตาม Scope + Project Summary,ประเมินความสูง วิธีเข้าถึง และมาตรการความปลอดภัย,ไม่รวมบันไดพิเศษ นั่งร้าน รถกระเช้า Permit,Survey
Standard Care,C2,Access/Risk,,ตามหน้างาน,งานเพิ่มความสูงเกิน 3 เมตร,จุด,,,45 วัน,Service Care 90 วัน,Service Report + ภาพประกอบ + ค่าตรวจ + Removed Component Record,ประเมินความสูง วิธีเข้าถึง และมาตรการความปลอดภัย,ไม่รวมบันไดพิเศษ นั่งร้าน รถกระเช้า Permit,Survey
Standard Care,C1,Access/Risk,,ตามหน้างาน,งานเพิ่มบันไดพิเศษ/นั่งร้าน/รถกระเช้า/อุปกรณ์ยก,งาน,,,45 วัน,Service Care 90 วัน,Service Report + ภาพประกอบ + ค่าตรวจตาม Scope + Project Summary,จัดวิธีเข้าถึงและอุปกรณ์ตามพื้นที่และ Site Rule,ราคา Final ตามจำนวนวัน พื้นที่และ Permit,Survey
Standard Care,C2,Access/Risk,,ตามหน้างาน,งานเพิ่มบันไดพิเศษ/นั่งร้าน/รถกระเช้า/อุปกรณ์ยก,งาน,,,45 วัน,Service Care 90 วัน,Service Report + ภาพประกอบ + ค่าตรวจ + Removed Component Record,จัดวิธีเข้าถึงและอุปกรณ์ตามพื้นที่และ Site Rule,ราคา Final ตามจำนวนวัน พื้นที่และ Permit,Survey
Standard Care,C1,เงื่อนไขเวลา,,ตามงาน,งานเพิ่มนอกเวลาทำการ/วันหยุด/งานเร่งด่วน,งาน,2000,2000,45 วัน,Service Care 90 วัน,Service Report + ภาพประกอบ + ค่าตรวจตาม Scope + Project Summary,ค่าเตรียมทีมและทำงานนอกเวลาปกติ,ราคา Final ตามทีม ชั่วโมงและข้อจำกัดพื้นที่,Budget
Standard Care,C2,เงื่อนไขเวลา,,ตามงาน,งานเพิ่มนอกเวลาทำการ/วันหยุด/งานเร่งด่วน,งาน,2000,2000,45 วัน,Service Care 90 วัน,Service Report + ภาพประกอบ + ค่าตรวจ + Removed Component Record,ค่าเตรียมทีมและทำงานนอกเวลาปกติ,ราคา Final ตามทีม ชั่วโมงและข้อจำกัดพื้นที่,Budget
Standard Care,C1,พื้นที่ควบคุม,,ตามหน้างาน,งานเพิ่มห้อง Server/โรงพยาบาล/Cleanroom/พื้นที่ควบคุม,งาน,,,45 วัน,Service Care 90 วัน,Service Report + ภาพประกอบ + ค่าตรวจตาม Scope + Project Summary,วาง Method/PPE/การป้องกันฝุ่นและน้ำตาม Site Rule,ไม่รวม Permit ระบบสำรอง และเจ้าหน้าที่ Standby,Survey
Standard Care,C2,พื้นที่ควบคุม,,ตามหน้างาน,งานเพิ่มห้อง Server/โรงพยาบาล/Cleanroom/พื้นที่ควบคุม,งาน,,,45 วัน,Service Care 90 วัน,Service Report + ภาพประกอบ + ค่าตรวจ + Removed Component Record,วาง Method/PPE/การป้องกันฝุ่นและน้ำตาม Site Rule,ไม่รวม Permit ระบบสำรอง และเจ้าหน้าที่ Standby,Survey
Standard Care,C1,พื้นที่ควบคุม,,ตามหน้างาน,งานเพิ่มป้องกันพื้นที่/คลุมสินค้า/หยุดสายการผลิต,งาน,,,45 วัน,Service Care 90 วัน,Service Report + ภาพประกอบ + ค่าตรวจตาม Scope + Project Summary,จัดวัสดุป้องกันและแผนทำงานตามสินค้า/เครื่องจักร,ไม่รวมรื้อย้ายสินค้าและค่าเสียโอกาส,Survey
Standard Care,C2,พื้นที่ควบคุม,,ตามหน้างาน,งานเพิ่มป้องกันพื้นที่/คลุมสินค้า/หยุดสายการผลิต,งาน,,,45 วัน,Service Care 90 วัน,Service Report + ภาพประกอบ + ค่าตรวจ + Removed Component Record,จัดวัสดุป้องกันและแผนทำงานตามสินค้า/เครื่องจักร,ไม่รวมรื้อย้ายสินค้าและค่าเสียโอกาส,Survey
Standard Care,C1,Mobilization,,ตามพื้นที่,ค่าเดินทาง/ต่างจังหวัด/ที่พัก/ขนส่งทีม,เที่ยว,1500,1500,45 วัน,Service Care 90 วัน,Service Report + ภาพประกอบ + ค่าตรวจตาม Scope + Project Summary,ค่าเดินทางและ Mobilization ตามระยะทางและจำนวนทีม,ราคา Final ต้องยืนยันระยะทาง ที่พัก ทางด่วน ที่จอด,Budget
Standard Care,C2,Mobilization,,ตามพื้นที่,ค่าเดินทาง/ต่างจังหวัด/ที่พัก/ขนส่งทีม,เที่ยว,1500,1500,45 วัน,Service Care 90 วัน,Service Report + ภาพประกอบ + ค่าตรวจ + Removed Component Record,ค่าเดินทางและ Mobilization ตามระยะทางและจำนวนทีม,ราคา Final ต้องยืนยันระยะทาง ที่พัก ทางด่วน ที่จอด,Budget
Standard Care,C1,Access/Risk,,ตามหน้างาน,งานเปิดฝ้า/ปิดฝ้าคืนเพื่อเข้าถึงเครื่อง,จุด,,,45 วัน,Service Care 90 วัน,Service Report + ภาพประกอบ + ค่าตรวจตาม Scope + Project Summary,สำรวจชนิดฝ้า โครง และวิธีคืนสภาพ,ไม่รวมงานสี ฝ้าพิเศษ และระบบเหนือฝ้า,Survey
Standard Care,C2,Access/Risk,,ตามหน้างาน,งานเปิดฝ้า/ปิดฝ้าคืนเพื่อเข้าถึงเครื่อง,จุด,,,45 วัน,Service Care 90 วัน,Service Report + ภาพประกอบ + ค่าตรวจ + Removed Component Record,สำรวจชนิดฝ้า โครง และวิธีคืนสภาพ,ไม่รวมงานสี ฝ้าพิเศษ และระบบเหนือฝ้า,Survey
Standard Care,C1,Access/Risk,,ตามหน้างาน,งานขนย้าย/เครน/รถยก/ยกอุปกรณ์,งาน,,,45 วัน,Service Care 90 วัน,Service Report + ภาพประกอบ + ค่าตรวจตาม Scope + Project Summary,สำรวจน้ำหนัก จุดยก เส้นทางและพื้นที่ตั้งรถ,ไม่รวม Permit และค่าอุปกรณ์จนกว่าจะยืนยัน,Survey
Standard Care,C2,Access/Risk,,ตามหน้างาน,งานขนย้าย/เครน/รถยก/ยกอุปกรณ์,งาน,,,45 วัน,Service Care 90 วัน,Service Report + ภาพประกอบ + ค่าตรวจ + Removed Component Record,สำรวจน้ำหนัก จุดยก เส้นทางและพื้นที่ตั้งรถ,ไม่รวม Permit และค่าอุปกรณ์จนกว่าจะยืนยัน,Survey
Corporate Control,C1,ล้างเฉพาะส่วน,,"<=36,000","ล้างเฉพาะคอยล์เย็น FCU ไม่รวมคอยล์ร้อน ไม่เกิน 36,000 BTU",เครื่อง,800,750,60 วัน,Service Care Plus 90 วัน,Asset Report + Photo Index + ค่าตรวจเชื่อม Asset + Priority/Trend/Closure,ล้างเฉพาะชุดคอยล์เย็นและทางระบายน้ำที่เข้าถึงได้ พร้อมทดสอบ Function/Drain,ไม่รวมคอยล์ร้อน อะไหล่ ระบบน้ำยา งานเปิดฝ้า และการถอดเชิงลึก,Budget
Corporate Control,C2,ล้างเฉพาะส่วน,,"<=36,000","ล้างเฉพาะคอยล์เย็น FCU ไม่รวมคอยล์ร้อน ไม่เกิน 36,000 BTU",เครื่อง,800,750,60 วัน,Service Care Plus 90 วัน,Asset Report + Photo Index + ค่าตรวจ + Removed Component + Priority/Trend/Closure,ล้างเฉพาะชุดคอยล์เย็นและทางระบายน้ำที่เข้าถึงได้ พร้อมทดสอบ Function/Drain,ไม่รวมคอยล์ร้อน อะไหล่ ระบบน้ำยา งานเปิดฝ้า และการถอดเชิงลึก,Budget
Corporate Control,C1,ล้างเฉพาะส่วน,,"37,000-60,000","ล้างเฉพาะคอยล์เย็น FCU ไม่รวมคอยล์ร้อน 37,000-60,000 BTU",เครื่อง,1000,1000,60 วัน,Service Care Plus 90 วัน,Asset Report + Photo Index + ค่าตรวจเชื่อม Asset + Priority/Trend/Closure,ล้างเฉพาะชุดคอยล์เย็นและทางระบายน้ำที่เข้าถึงได้ พร้อมทดสอบ Function/Drain,ไม่รวมคอยล์ร้อน อะไหล่ ระบบน้ำยา งานเปิดฝ้า และการถอดเชิงลึก,Budget
Corporate Control,C2,ล้างเฉพาะส่วน,,"37,000-60,000","ล้างเฉพาะคอยล์เย็น FCU ไม่รวมคอยล์ร้อน 37,000-60,000 BTU",เครื่อง,1000,1000,60 วัน,Service Care Plus 90 วัน,Asset Report + Photo Index + ค่าตรวจ + Removed Component + Priority/Trend/Closure,ล้างเฉพาะชุดคอยล์เย็นและทางระบายน้ำที่เข้าถึงได้ พร้อมทดสอบ Function/Drain,ไม่รวมคอยล์ร้อน อะไหล่ ระบบน้ำยา งานเปิดฝ้า และการถอดเชิงลึก,Budget
Corporate Control,C1,ล้างเฉพาะส่วน,,"<=36,000","ล้างเฉพาะคอยล์ร้อน CDU ไม่รวมคอยล์เย็น ไม่เกิน 36,000 BTU",เครื่อง,800,750,60 วัน,Service Care Plus 90 วัน,Asset Report + Photo Index + ค่าตรวจเชื่อม Asset + Priority/Trend/Closure,ล้างคอยล์ร้อนและใบพัดภายนอกตามจุดที่เข้าถึงได้ พร้อมทดสอบ,ไม่รวมคอยล์เย็น งานซ่อม มอเตอร์/PCB งานสูง และงานรื้อ,Budget
Corporate Control,C2,ล้างเฉพาะส่วน,,"<=36,000","ล้างเฉพาะคอยล์ร้อน CDU ไม่รวมคอยล์เย็น ไม่เกิน 36,000 BTU",เครื่อง,800,750,60 วัน,Service Care Plus 90 วัน,Asset Report + Photo Index + ค่าตรวจ + Removed Component + Priority/Trend/Closure,ล้างคอยล์ร้อนและใบพัดภายนอกตามจุดที่เข้าถึงได้ พร้อมทดสอบ,ไม่รวมคอยล์เย็น งานซ่อม มอเตอร์/PCB งานสูง และงานรื้อ,Budget
Corporate Control,C1,ล้างเฉพาะส่วน,,"37,000-60,000","ล้างเฉพาะคอยล์ร้อน CDU ไม่รวมคอยล์เย็น 37,000-60,000 BTU",เครื่อง,1000,1000,60 วัน,Service Care Plus 90 วัน,Asset Report + Photo Index + ค่าตรวจเชื่อม Asset + Priority/Trend/Closure,ล้างคอยล์ร้อนและใบพัดภายนอกตามจุดที่เข้าถึงได้ พร้อมทดสอบ,ไม่รวมคอยล์เย็น งานซ่อม มอเตอร์/PCB งานสูง และงานรื้อ,Budget
Corporate Control,C2,ล้างเฉพาะส่วน,,"37,000-60,000","ล้างเฉพาะคอยล์ร้อน CDU ไม่รวมคอยล์เย็น 37,000-60,000 BTU",เครื่อง,1000,1000,60 วัน,Service Care Plus 90 วัน,Asset Report + Photo Index + ค่าตรวจ + Removed Component + Priority/Trend/Closure,ล้างคอยล์ร้อนและใบพัดภายนอกตามจุดที่เข้าถึงได้ พร้อมทดสอบ,ไม่รวมคอยล์เย็น งานซ่อม มอเตอร์/PCB งานสูง และงานรื้อ,Budget
Corporate Control,C1,ล้างเฉพาะส่วน,,ตามหน้างาน,ล้างคอยล์ร้อนหลายชุดรวมบริเวณเดียวกัน,ชุด,1800,1750,60 วัน,Service Care Plus 90 วัน,Asset Report + Photo Index + ค่าตรวจเชื่อม Asset + Priority/Trend/Closure,ล้างคอยล์ร้อนหลายชุดใน Zone เดียวตามจำนวนและ Access ที่ยืนยัน,ราคา Final ต้องยืนยันจำนวน ขนาด จุดน้ำ จุดระบายและความสูง,Budget
Corporate Control,C2,ล้างเฉพาะส่วน,,ตามหน้างาน,ล้างคอยล์ร้อนหลายชุดรวมบริเวณเดียวกัน,ชุด,1800,1750,60 วัน,Service Care Plus 90 วัน,Asset Report + Photo Index + ค่าตรวจ + Removed Component + Priority/Trend/Closure,ล้างคอยล์ร้อนหลายชุดใน Zone เดียวตามจำนวนและ Access ที่ยืนยัน,ราคา Final ต้องยืนยันจำนวน ขนาด จุดน้ำ จุดระบายและความสูง,Budget
Corporate Control,C1,งานเฉพาะพื้นที่,,ตามหน้างาน,เป่าฝุ่น/ดูดฝุ่นแห้ง ไม่ใช้น้ำ สำหรับพื้นที่ควบคุม,เครื่อง,1400,1400,60 วัน,Service Care Plus 90 วัน,Asset Report + Photo Index + ค่าตรวจเชื่อม Asset + Priority/Trend/Closure,ทำความสะอาดแบบแห้งตามข้อกำหนดพื้นที่ โดยไม่ใช้น้ำ,ไม่เทียบเท่างานล้างน้ำ และไม่รับประกันคราบฝังแน่น/กลิ่น,Budget
Corporate Control,C2,งานเฉพาะพื้นที่,,ตามหน้างาน,เป่าฝุ่น/ดูดฝุ่นแห้ง ไม่ใช้น้ำ สำหรับพื้นที่ควบคุม,เครื่อง,,,60 วัน,Service Care Plus 90 วัน,Asset Report + Photo Index + ค่าตรวจ + Removed Component + Priority/Trend/Closure,ทำความสะอาดแบบแห้งตามข้อกำหนดพื้นที่ โดยไม่ใช้น้ำ,ไม่เทียบเท่างานล้างน้ำ และไม่รับประกันคราบฝังแน่น/กลิ่น,Survey
Corporate Control,C1,งานเพิ่ม,,ต่อเครื่อง,งานเพิ่มคราบน้ำมัน/คราบหนัก/เชื้อรา/กลิ่นรุนแรง,เครื่อง,600,600,60 วัน,Service Care Plus 90 วัน,Asset Report + Photo Index + ค่าตรวจเชื่อม Asset + Priority/Trend/Closure,เพิ่มเวลาและน้ำยาทำความสะอาดสำหรับคราบผิดปกติ,ไม่รับประกันกลิ่น/เชื้อราที่มาจากอาคารหรือท่อลม,Budget
Corporate Control,C2,งานเพิ่ม,,ต่อเครื่อง,งานเพิ่มคราบน้ำมัน/คราบหนัก/เชื้อรา/กลิ่นรุนแรง,เครื่อง,600,600,60 วัน,Service Care Plus 90 วัน,Asset Report + Photo Index + ค่าตรวจ + Removed Component + Priority/Trend/Closure,เพิ่มเวลาและน้ำยาทำความสะอาดสำหรับคราบผิดปกติ,ไม่รับประกันกลิ่น/เชื้อราที่มาจากอาคารหรือท่อลม,Budget
Corporate Control,C1,Access/Risk,,ตามหน้างาน,งานเพิ่มความสูงเกิน 3 เมตร,จุด,,,60 วัน,Service Care Plus 90 วัน,Asset Report + Photo Index + ค่าตรวจเชื่อม Asset + Priority/Trend/Closure,ประเมินความสูง วิธีเข้าถึง และมาตรการความปลอดภัย,ไม่รวมบันไดพิเศษ นั่งร้าน รถกระเช้า Permit,Survey
Corporate Control,C2,Access/Risk,,ตามหน้างาน,งานเพิ่มความสูงเกิน 3 เมตร,จุด,,,60 วัน,Service Care Plus 90 วัน,Asset Report + Photo Index + ค่าตรวจ + Removed Component + Priority/Trend/Closure,ประเมินความสูง วิธีเข้าถึง และมาตรการความปลอดภัย,ไม่รวมบันไดพิเศษ นั่งร้าน รถกระเช้า Permit,Survey
Corporate Control,C1,Access/Risk,,ตามหน้างาน,งานเพิ่มบันไดพิเศษ/นั่งร้าน/รถกระเช้า/อุปกรณ์ยก,งาน,,,60 วัน,Service Care Plus 90 วัน,Asset Report + Photo Index + ค่าตรวจเชื่อม Asset + Priority/Trend/Closure,จัดวิธีเข้าถึงและอุปกรณ์ตามพื้นที่และ Site Rule,ราคา Final ตามจำนวนวัน พื้นที่และ Permit,Survey
Corporate Control,C2,Access/Risk,,ตามหน้างาน,งานเพิ่มบันไดพิเศษ/นั่งร้าน/รถกระเช้า/อุปกรณ์ยก,งาน,,,60 วัน,Service Care Plus 90 วัน,Asset Report + Photo Index + ค่าตรวจ + Removed Component + Priority/Trend/Closure,จัดวิธีเข้าถึงและอุปกรณ์ตามพื้นที่และ Site Rule,ราคา Final ตามจำนวนวัน พื้นที่และ Permit,Survey
Corporate Control,C1,เงื่อนไขเวลา,,ตามงาน,งานเพิ่มนอกเวลาทำการ/วันหยุด/งานเร่งด่วน,งาน,2400,2350,60 วัน,Service Care Plus 90 วัน,Asset Report + Photo Index + ค่าตรวจเชื่อม Asset + Priority/Trend/Closure,ค่าเตรียมทีมและทำงานนอกเวลาปกติ,ราคา Final ตามทีม ชั่วโมงและข้อจำกัดพื้นที่,Budget
Corporate Control,C2,เงื่อนไขเวลา,,ตามงาน,งานเพิ่มนอกเวลาทำการ/วันหยุด/งานเร่งด่วน,งาน,2400,2350,60 วัน,Service Care Plus 90 วัน,Asset Report + Photo Index + ค่าตรวจ + Removed Component + Priority/Trend/Closure,ค่าเตรียมทีมและทำงานนอกเวลาปกติ,ราคา Final ตามทีม ชั่วโมงและข้อจำกัดพื้นที่,Budget
Corporate Control,C1,พื้นที่ควบคุม,,ตามหน้างาน,งานเพิ่มห้อง Server/โรงพยาบาล/Cleanroom/พื้นที่ควบคุม,งาน,,,60 วัน,Service Care Plus 90 วัน,Asset Report + Photo Index + ค่าตรวจเชื่อม Asset + Priority/Trend/Closure,วาง Method/PPE/การป้องกันฝุ่นและน้ำตาม Site Rule,ไม่รวม Permit ระบบสำรอง และเจ้าหน้าที่ Standby,Survey
Corporate Control,C2,พื้นที่ควบคุม,,ตามหน้างาน,งานเพิ่มห้อง Server/โรงพยาบาล/Cleanroom/พื้นที่ควบคุม,งาน,,,60 วัน,Service Care Plus 90 วัน,Asset Report + Photo Index + ค่าตรวจ + Removed Component + Priority/Trend/Closure,วาง Method/PPE/การป้องกันฝุ่นและน้ำตาม Site Rule,ไม่รวม Permit ระบบสำรอง และเจ้าหน้าที่ Standby,Survey
Corporate Control,C1,พื้นที่ควบคุม,,ตามหน้างาน,งานเพิ่มป้องกันพื้นที่/คลุมสินค้า/หยุดสายการผลิต,งาน,,,60 วัน,Service Care Plus 90 วัน,Asset Report + Photo Index + ค่าตรวจเชื่อม Asset + Priority/Trend/Closure,จัดวัสดุป้องกันและแผนทำงานตามสินค้า/เครื่องจักร,ไม่รวมรื้อย้ายสินค้าและค่าเสียโอกาส,Survey
Corporate Control,C2,พื้นที่ควบคุม,,ตามหน้างาน,งานเพิ่มป้องกันพื้นที่/คลุมสินค้า/หยุดสายการผลิต,งาน,,,60 วัน,Service Care Plus 90 วัน,Asset Report + Photo Index + ค่าตรวจ + Removed Component + Priority/Trend/Closure,จัดวัสดุป้องกันและแผนทำงานตามสินค้า/เครื่องจักร,ไม่รวมรื้อย้ายสินค้าและค่าเสียโอกาส,Survey
Corporate Control,C1,Mobilization,,ตามพื้นที่,ค่าเดินทาง/ต่างจังหวัด/ที่พัก/ขนส่งทีม,เที่ยว,1800,1750,60 วัน,Service Care Plus 90 วัน,Asset Report + Photo Index + ค่าตรวจเชื่อม Asset + Priority/Trend/Closure,ค่าเดินทางและ Mobilization ตามระยะทางและจำนวนทีม,ราคา Final ต้องยืนยันระยะทาง ที่พัก ทางด่วน ที่จอด,Budget
Corporate Control,C2,Mobilization,,ตามพื้นที่,ค่าเดินทาง/ต่างจังหวัด/ที่พัก/ขนส่งทีม,เที่ยว,1800,1750,60 วัน,Service Care Plus 90 วัน,Asset Report + Photo Index + ค่าตรวจ + Removed Component + Priority/Trend/Closure,ค่าเดินทางและ Mobilization ตามระยะทางและจำนวนทีม,ราคา Final ต้องยืนยันระยะทาง ที่พัก ทางด่วน ที่จอด,Budget
Corporate Control,C1,Access/Risk,,ตามหน้างาน,งานเปิดฝ้า/ปิดฝ้าคืนเพื่อเข้าถึงเครื่อง,จุด,,,60 วัน,Service Care Plus 90 วัน,Asset Report + Photo Index + ค่าตรวจเชื่อม Asset + Priority/Trend/Closure,สำรวจชนิดฝ้า โครง และวิธีคืนสภาพ,ไม่รวมงานสี ฝ้าพิเศษ และระบบเหนือฝ้า,Survey
Corporate Control,C2,Access/Risk,,ตามหน้างาน,งานเปิดฝ้า/ปิดฝ้าคืนเพื่อเข้าถึงเครื่อง,จุด,,,60 วัน,Service Care Plus 90 วัน,Asset Report + Photo Index + ค่าตรวจ + Removed Component + Priority/Trend/Closure,สำรวจชนิดฝ้า โครง และวิธีคืนสภาพ,ไม่รวมงานสี ฝ้าพิเศษ และระบบเหนือฝ้า,Survey
Corporate Control,C1,Access/Risk,,ตามหน้างาน,งานขนย้าย/เครน/รถยก/ยกอุปกรณ์,งาน,,,60 วัน,Service Care Plus 90 วัน,Asset Report + Photo Index + ค่าตรวจเชื่อม Asset + Priority/Trend/Closure,สำรวจน้ำหนัก จุดยก เส้นทางและพื้นที่ตั้งรถ,ไม่รวม Permit และค่าอุปกรณ์จนกว่าจะยืนยัน,Survey
Corporate Control,C2,Access/Risk,,ตามหน้างาน,งานขนย้าย/เครน/รถยก/ยกอุปกรณ์,งาน,,,60 วัน,Service Care Plus 90 วัน,Asset Report + Photo Index + ค่าตรวจ + Removed Component + Priority/Trend/Closure,สำรวจน้ำหนัก จุดยก เส้นทางและพื้นที่ตั้งรถ,ไม่รวม Permit และค่าอุปกรณ์จนกว่าจะยืนยัน,Survey
