รหัส,ราคา ก่อน VAT,ที่มา,หมายเหตุ
REM-W,1000,ราคากลางตลาด 2569 (rates.js),รวมเก็บน้ำยากลับคอยล์ร้อน ปลดท่อ ปิดปลายท่อ และยกเครื่องลง
REM-C,1800,ราคากลางตลาด 2569 (rates.js),รวมเก็บน้ำยากลับคอยล์ร้อน ปลดท่อ ปิดปลายท่อ และยกเครื่องลง
REM-K,2500,ราคากลางตลาด 2569 (rates.js),รวมเก็บน้ำยา ถอดหน้ากาก ปลดท่อและท่อน้ำทิ้ง ยกเครื่องลงจากฝ้า (ไม่รวมงานซ่อมฝ้า)
REM-FS,2000,ราคากลางตลาด 2569 (rates.js),รวมเก็บน้ำยากลับคอยล์ร้อน ปลดท่อ ปิดปลายท่อ
REF-PUMPDOWN,500,ราคากลางตลาด 2569 (rates.js),เก็บน้ำยากลับคอยล์ร้อนโดยเครื่องอยู่ที่เดิม เช่น ก่อนรีโนเวทหรือทาสี (ถ้ารื้อเครื่อง รวมอยู่ในค่ารื้อแล้ว)
DISPOSE,500,ราคากลางตลาด 2569 (rates.js),"ขนเครื่องเดิมออกจากพื้นที่ต่อเครื่อง (m: ค่าขนย้าย/ค่ารถ 300–1,000)"
REF-R22,3000,อัตราบริษัทในตารางซ่อม (rates.js),เท่ากับค่าเติม R22 ส่วนเกินต่อ kg ในตารางซ่อม
REF-R32,2100,อัตราบริษัทในตารางซ่อม (rates.js),เท่ากับค่าเติม R32/R410A ส่วนเกินต่อ kg ในตารางซ่อม
REF-R410A,2100,อัตราบริษัทในตารางซ่อม (rates.js),เท่ากับค่าเติม R32/R410A ส่วนเกินต่อ kg ในตารางซ่อม
REF-VAC,2400,อัตราบริษัทในตารางซ่อม (rates.js),เท่ากับ Vacuum ระบบ / ไล่ความชื้น ในตารางซ่อม
REF-LEAK,2200,อัตราบริษัทในตารางซ่อม (rates.js),เท่ากับตรวจรั่วด้วยไนโตรเจน ในตารางซ่อม
ELE-PHASE,2800,อัตราบริษัทในตารางซ่อม (rates.js),เท่ากับเปลี่ยน Phase Protector ในตารางซ่อม
CIV-CORE,600,ราคากลางตลาด 2569 (rates.js),รูเดินท่อแอร์ผ่านผนังคอนกรีต ขนาดไม่เกิน 5 นิ้ว พร้อมเก็บฝุ่น
