รหัส,หมวด,รายการ,หน่วย,ราคาบนเว็บ ก่อน VAT,ที่มาของราคา,รวม,ไม่รวม,รับประกัน,ต้องสำรวจ
INS-W-9000-12000-STANDARD,01 บริการติดตั้งหลัก — แอร์ติดผนัง,"บริการติดตั้งมาตรฐาน — แอร์ติดผนัง 9,000–12,000 BTU",เครื่อง,3800,Pricebook ปัดขึ้นหลักร้อย,"รวมท่อน้ำยา 4 เมตร; ท่อน้ำยาทองแดง O-TWO 0.70 มม. 4 ม.; ฉนวน Aeroflex; ราง Airpro 4 ม.; สายไฟ Yazaki สูงสุด 10 ม.ตามระบบ; ท่อน้ำทิ้ง SCG 4 ม.; Breaker Nano/Approved ตาม Load; ขาแขวนและยางรองกันสั่น; Vacuum, ตรวจรอยต่อ/Drain/Current/Voltage ตามจุดเข้าถึง, Test Run และใบรับมอบงาน","ไม่รวมท่อ/ราง/สายไฟ/ท่อน้ำทิ้งส่วนเกินเกินระยะที่ระบุ, เมนไฟจาก DB, งานกรีด/ฝัง, งานฝ้าและโครงสร้าง, ปั๊มน้ำทิ้ง, Fire Stop, งานสูง, อุปกรณ์ยก, งานกลางคืน/วันหยุด และ Permit พิเศษ",1 ปีเมื่อใช้เครื่องลูกค้าจัดหา / 3 ปีเมื่อซื้อเครื่องใหม่จากบริษัท ตาม QTN,NO หากหน้างานมาตรฐานและสูงไม่เกิน 3 ม.; YES เมื่อ Access/ระยะ/ระบบเดิม/ไฟ/น้ำหนักไม่ชัด
INS-W-9000-12000-PREMIUM,01 บริการติดตั้งหลัก — แอร์ติดผนัง,"บริการติดตั้งพรีเมียม — แอร์ติดผนัง 9,000–12,000 BTU",เครื่อง,4800,Pricebook ปัดขึ้นหลักร้อย,"รวมท่อน้ำยา 4 เมตร; วัสดุ Standard ครบ 4 ม.; เพิ่ม Support/Anti-vibration และงานเก็บรายละเอียด; Nitrogen Leak Test เมื่อเหมาะสม, Vacuum Hold, ตรวจ Torque/Flare, บันทึกค่า Commissioning และภาพก่อน-หลัง, ตรวจติดตาม 2 ครั้งในปีแรกตาม QTN","ไม่รวมท่อ/ราง/สายไฟ/ท่อน้ำทิ้งส่วนเกินเกินระยะที่ระบุ, เมนไฟจาก DB, งานกรีด/ฝัง, งานฝ้าและโครงสร้าง, ปั๊มน้ำทิ้ง, Fire Stop, งานสูง, อุปกรณ์ยก, งานกลางคืน/วันหยุด และ Permit พิเศษ",1 ปีเมื่อใช้เครื่องลูกค้าจัดหา / 3 ปีเมื่อซื้อเครื่องใหม่จากบริษัท + Priority Claim,NO หากหน้างานมาตรฐานและสูงไม่เกิน 3 ม.; YES เมื่อ Access/ระยะ/ระบบเดิม/ไฟ/น้ำหนักไม่ชัด
INS-W-13000-18000-STANDARD,01 บริการติดตั้งหลัก — แอร์ติดผนัง,"บริการติดตั้งมาตรฐาน — แอร์ติดผนัง 13,000–18,000 BTU",เครื่อง,4500,Pricebook ปัดขึ้นหลักร้อย,"รวมท่อน้ำยา 4 เมตร; ท่อน้ำยาทองแดง O-TWO 0.70 มม. 4 ม.; ฉนวน Aeroflex; ราง Airpro 4 ม.; สายไฟ Yazaki สูงสุด 10 ม.ตามระบบ; ท่อน้ำทิ้ง SCG 4 ม.; Breaker Nano/Approved ตาม Load; ขาแขวนและยางรองกันสั่น; Vacuum, ตรวจรอยต่อ/Drain/Current/Voltage ตามจุดเข้าถึง, Test Run และใบรับมอบงาน","ไม่รวมท่อ/ราง/สายไฟ/ท่อน้ำทิ้งส่วนเกินเกินระยะที่ระบุ, เมนไฟจาก DB, งานกรีด/ฝัง, งานฝ้าและโครงสร้าง, ปั๊มน้ำทิ้ง, Fire Stop, งานสูง, อุปกรณ์ยก, งานกลางคืน/วันหยุด และ Permit พิเศษ",1 ปีเมื่อใช้เครื่องลูกค้าจัดหา / 3 ปีเมื่อซื้อเครื่องใหม่จากบริษัท ตาม QTN,NO หากหน้างานมาตรฐานและสูงไม่เกิน 3 ม.; YES เมื่อ Access/ระยะ/ระบบเดิม/ไฟ/น้ำหนักไม่ชัด
INS-W-13000-18000-PREMIUM,01 บริการติดตั้งหลัก — แอร์ติดผนัง,"บริการติดตั้งพรีเมียม — แอร์ติดผนัง 13,000–18,000 BTU",เครื่อง,5800,Pricebook ปัดขึ้นหลักร้อย,"รวมท่อน้ำยา 4 เมตร; วัสดุ Standard ครบ 4 ม.; เพิ่ม Support/Anti-vibration และงานเก็บรายละเอียด; Nitrogen Leak Test เมื่อเหมาะสม, Vacuum Hold, ตรวจ Torque/Flare, บันทึกค่า Commissioning และภาพก่อน-หลัง, ตรวจติดตาม 2 ครั้งในปีแรกตาม QTN","ไม่รวมท่อ/ราง/สายไฟ/ท่อน้ำทิ้งส่วนเกินเกินระยะที่ระบุ, เมนไฟจาก DB, งานกรีด/ฝัง, งานฝ้าและโครงสร้าง, ปั๊มน้ำทิ้ง, Fire Stop, งานสูง, อุปกรณ์ยก, งานกลางคืน/วันหยุด และ Permit พิเศษ",1 ปีเมื่อใช้เครื่องลูกค้าจัดหา / 3 ปีเมื่อซื้อเครื่องใหม่จากบริษัท + Priority Claim,NO หากหน้างานมาตรฐานและสูงไม่เกิน 3 ม.; YES เมื่อ Access/ระยะ/ระบบเดิม/ไฟ/น้ำหนักไม่ชัด
INS-W-19000-24000-STANDARD,01 บริการติดตั้งหลัก — แอร์ติดผนัง,"บริการติดตั้งมาตรฐาน — แอร์ติดผนัง 19,000–24,000 BTU",เครื่อง,5200,Pricebook ปัดขึ้นหลักร้อย,"รวมท่อน้ำยา 4 เมตร; ท่อน้ำยาทองแดง O-TWO 0.70 มม. 4 ม.; ฉนวน Aeroflex; ราง Airpro 4 ม.; สายไฟ Yazaki สูงสุด 10 ม.ตามระบบ; ท่อน้ำทิ้ง SCG 4 ม.; Breaker Nano/Approved ตาม Load; ขาแขวนและยางรองกันสั่น; Vacuum, ตรวจรอยต่อ/Drain/Current/Voltage ตามจุดเข้าถึง, Test Run และใบรับมอบงาน","ไม่รวมท่อ/ราง/สายไฟ/ท่อน้ำทิ้งส่วนเกินเกินระยะที่ระบุ, เมนไฟจาก DB, งานกรีด/ฝัง, งานฝ้าและโครงสร้าง, ปั๊มน้ำทิ้ง, Fire Stop, งานสูง, อุปกรณ์ยก, งานกลางคืน/วันหยุด และ Permit พิเศษ",1 ปีเมื่อใช้เครื่องลูกค้าจัดหา / 3 ปีเมื่อซื้อเครื่องใหม่จากบริษัท ตาม QTN,NO หากหน้างานมาตรฐานและสูงไม่เกิน 3 ม.; YES เมื่อ Access/ระยะ/ระบบเดิม/ไฟ/น้ำหนักไม่ชัด
INS-W-19000-24000-PREMIUM,01 บริการติดตั้งหลัก — แอร์ติดผนัง,"บริการติดตั้งพรีเมียม — แอร์ติดผนัง 19,000–24,000 BTU",เครื่อง,6500,Pricebook ปัดขึ้นหลักร้อย,"รวมท่อน้ำยา 4 เมตร; วัสดุ Standard ครบ 4 ม.; เพิ่ม Support/Anti-vibration และงานเก็บรายละเอียด; Nitrogen Leak Test เมื่อเหมาะสม, Vacuum Hold, ตรวจ Torque/Flare, บันทึกค่า Commissioning และภาพก่อน-หลัง, ตรวจติดตาม 2 ครั้งในปีแรกตาม QTN","ไม่รวมท่อ/ราง/สายไฟ/ท่อน้ำทิ้งส่วนเกินเกินระยะที่ระบุ, เมนไฟจาก DB, งานกรีด/ฝัง, งานฝ้าและโครงสร้าง, ปั๊มน้ำทิ้ง, Fire Stop, งานสูง, อุปกรณ์ยก, งานกลางคืน/วันหยุด และ Permit พิเศษ",1 ปีเมื่อใช้เครื่องลูกค้าจัดหา / 3 ปีเมื่อซื้อเครื่องใหม่จากบริษัท + Priority Claim,NO หากหน้างานมาตรฐานและสูงไม่เกิน 3 ม.; YES เมื่อ Access/ระยะ/ระบบเดิม/ไฟ/น้ำหนักไม่ชัด
INS-W-25000-30000-STANDARD,01 บริการติดตั้งหลัก — แอร์ติดผนัง,"บริการติดตั้งมาตรฐาน — แอร์ติดผนัง 25,000–30,000 BTU",เครื่อง,6000,Pricebook ปัดขึ้นหลักร้อย,"รวมท่อน้ำยา 4 เมตร; ท่อน้ำยาทองแดง O-TWO 0.70 มม. 4 ม.; ฉนวน Aeroflex; ราง Airpro 4 ม.; สายไฟ Yazaki สูงสุด 10 ม.ตามระบบ; ท่อน้ำทิ้ง SCG 4 ม.; Breaker Nano/Approved ตาม Load; ขาแขวนและยางรองกันสั่น; Vacuum, ตรวจรอยต่อ/Drain/Current/Voltage ตามจุดเข้าถึง, Test Run และใบรับมอบงาน","ไม่รวมท่อ/ราง/สายไฟ/ท่อน้ำทิ้งส่วนเกินเกินระยะที่ระบุ, เมนไฟจาก DB, งานกรีด/ฝัง, งานฝ้าและโครงสร้าง, ปั๊มน้ำทิ้ง, Fire Stop, งานสูง, อุปกรณ์ยก, งานกลางคืน/วันหยุด และ Permit พิเศษ",1 ปีเมื่อใช้เครื่องลูกค้าจัดหา / 3 ปีเมื่อซื้อเครื่องใหม่จากบริษัท ตาม QTN,NO หากหน้างานมาตรฐานและสูงไม่เกิน 3 ม.; YES เมื่อ Access/ระยะ/ระบบเดิม/ไฟ/น้ำหนักไม่ชัด
INS-W-25000-30000-PREMIUM,01 บริการติดตั้งหลัก — แอร์ติดผนัง,"บริการติดตั้งพรีเมียม — แอร์ติดผนัง 25,000–30,000 BTU",เครื่อง,7500,Pricebook ปัดขึ้นหลักร้อย,"รวมท่อน้ำยา 4 เมตร; วัสดุ Standard ครบ 4 ม.; เพิ่ม Support/Anti-vibration และงานเก็บรายละเอียด; Nitrogen Leak Test เมื่อเหมาะสม, Vacuum Hold, ตรวจ Torque/Flare, บันทึกค่า Commissioning และภาพก่อน-หลัง, ตรวจติดตาม 2 ครั้งในปีแรกตาม QTN","ไม่รวมท่อ/ราง/สายไฟ/ท่อน้ำทิ้งส่วนเกินเกินระยะที่ระบุ, เมนไฟจาก DB, งานกรีด/ฝัง, งานฝ้าและโครงสร้าง, ปั๊มน้ำทิ้ง, Fire Stop, งานสูง, อุปกรณ์ยก, งานกลางคืน/วันหยุด และ Permit พิเศษ",1 ปีเมื่อใช้เครื่องลูกค้าจัดหา / 3 ปีเมื่อซื้อเครื่องใหม่จากบริษัท + Priority Claim,NO หากหน้างานมาตรฐานและสูงไม่เกิน 3 ม.; YES เมื่อ Access/ระยะ/ระบบเดิม/ไฟ/น้ำหนักไม่ชัด
INS-W-31000-36000-STANDARD,01 บริการติดตั้งหลัก — แอร์ติดผนัง,"บริการติดตั้งมาตรฐาน — แอร์ติดผนัง 31,000–36,000 BTU",เครื่อง,6500,Pricebook ปัดขึ้นหลักร้อย,"รวมท่อน้ำยา 4 เมตร; ท่อน้ำยาทองแดง O-TWO 0.70 มม. 4 ม.; ฉนวน Aeroflex; ราง Airpro 4 ม.; สายไฟ Yazaki สูงสุด 10 ม.ตามระบบ; ท่อน้ำทิ้ง SCG 4 ม.; Breaker Nano/Approved ตาม Load; ขาแขวนและยางรองกันสั่น; Vacuum, ตรวจรอยต่อ/Drain/Current/Voltage ตามจุดเข้าถึง, Test Run และใบรับมอบงาน","ไม่รวมท่อ/ราง/สายไฟ/ท่อน้ำทิ้งส่วนเกินเกินระยะที่ระบุ, เมนไฟจาก DB, งานกรีด/ฝัง, งานฝ้าและโครงสร้าง, ปั๊มน้ำทิ้ง, Fire Stop, งานสูง, อุปกรณ์ยก, งานกลางคืน/วันหยุด และ Permit พิเศษ",1 ปีเมื่อใช้เครื่องลูกค้าจัดหา / 3 ปีเมื่อซื้อเครื่องใหม่จากบริษัท ตาม QTN,NO หากหน้างานมาตรฐานและสูงไม่เกิน 3 ม.; YES เมื่อ Access/ระยะ/ระบบเดิม/ไฟ/น้ำหนักไม่ชัด
INS-W-31000-36000-PREMIUM,01 บริการติดตั้งหลัก — แอร์ติดผนัง,"บริการติดตั้งพรีเมียม — แอร์ติดผนัง 31,000–36,000 BTU",เครื่อง,8000,Pricebook ปัดขึ้นหลักร้อย,"รวมท่อน้ำยา 4 เมตร; วัสดุ Standard ครบ 4 ม.; เพิ่ม Support/Anti-vibration และงานเก็บรายละเอียด; Nitrogen Leak Test เมื่อเหมาะสม, Vacuum Hold, ตรวจ Torque/Flare, บันทึกค่า Commissioning และภาพก่อน-หลัง, ตรวจติดตาม 2 ครั้งในปีแรกตาม QTN","ไม่รวมท่อ/ราง/สายไฟ/ท่อน้ำทิ้งส่วนเกินเกินระยะที่ระบุ, เมนไฟจาก DB, งานกรีด/ฝัง, งานฝ้าและโครงสร้าง, ปั๊มน้ำทิ้ง, Fire Stop, งานสูง, อุปกรณ์ยก, งานกลางคืน/วันหยุด และ Permit พิเศษ",1 ปีเมื่อใช้เครื่องลูกค้าจัดหา / 3 ปีเมื่อซื้อเครื่องใหม่จากบริษัท + Priority Claim,NO หากหน้างานมาตรฐานและสูงไม่เกิน 3 ม.; YES เมื่อ Access/ระยะ/ระบบเดิม/ไฟ/น้ำหนักไม่ชัด
INS-W-37000-48000-STANDARD,01 บริการติดตั้งหลัก — แอร์ติดผนัง,"บริการติดตั้งมาตรฐาน — แอร์ติดผนัง 37,000–48,000 BTU",เครื่อง,7800,Pricebook ปัดขึ้นหลักร้อย,"รวมท่อน้ำยา 4 เมตร; ท่อน้ำยาทองแดง O-TWO 0.70 มม. 4 ม.; ฉนวน Aeroflex; ราง Airpro 4 ม.; สายไฟ Yazaki สูงสุด 10 ม.ตามระบบ; ท่อน้ำทิ้ง SCG 4 ม.; Breaker Nano/Approved ตาม Load; ขาแขวนและยางรองกันสั่น; Vacuum, ตรวจรอยต่อ/Drain/Current/Voltage ตามจุดเข้าถึง, Test Run และใบรับมอบงาน","ไม่รวมท่อ/ราง/สายไฟ/ท่อน้ำทิ้งส่วนเกินเกินระยะที่ระบุ, เมนไฟจาก DB, งานกรีด/ฝัง, งานฝ้าและโครงสร้าง, ปั๊มน้ำทิ้ง, Fire Stop, งานสูง, อุปกรณ์ยก, งานกลางคืน/วันหยุด และ Permit พิเศษ",1 ปีเมื่อใช้เครื่องลูกค้าจัดหา / 3 ปีเมื่อซื้อเครื่องใหม่จากบริษัท ตาม QTN,NO หากหน้างานมาตรฐานและสูงไม่เกิน 3 ม.; YES เมื่อ Access/ระยะ/ระบบเดิม/ไฟ/น้ำหนักไม่ชัด
INS-W-37000-48000-PREMIUM,01 บริการติดตั้งหลัก — แอร์ติดผนัง,"บริการติดตั้งพรีเมียม — แอร์ติดผนัง 37,000–48,000 BTU",เครื่อง,9500,Pricebook ปัดขึ้นหลักร้อย,"รวมท่อน้ำยา 4 เมตร; วัสดุ Standard ครบ 4 ม.; เพิ่ม Support/Anti-vibration และงานเก็บรายละเอียด; Nitrogen Leak Test เมื่อเหมาะสม, Vacuum Hold, ตรวจ Torque/Flare, บันทึกค่า Commissioning และภาพก่อน-หลัง, ตรวจติดตาม 2 ครั้งในปีแรกตาม QTN","ไม่รวมท่อ/ราง/สายไฟ/ท่อน้ำทิ้งส่วนเกินเกินระยะที่ระบุ, เมนไฟจาก DB, งานกรีด/ฝัง, งานฝ้าและโครงสร้าง, ปั๊มน้ำทิ้ง, Fire Stop, งานสูง, อุปกรณ์ยก, งานกลางคืน/วันหยุด และ Permit พิเศษ",1 ปีเมื่อใช้เครื่องลูกค้าจัดหา / 3 ปีเมื่อซื้อเครื่องใหม่จากบริษัท + Priority Claim,NO หากหน้างานมาตรฐานและสูงไม่เกิน 3 ม.; YES เมื่อ Access/ระยะ/ระบบเดิม/ไฟ/น้ำหนักไม่ชัด
INS-W-49000-60000-STANDARD,01 บริการติดตั้งหลัก — แอร์ติดผนัง,"บริการติดตั้งมาตรฐาน — แอร์ติดผนัง 49,000–60,000 BTU",เครื่อง,9000,Pricebook ปัดขึ้นหลักร้อย,"รวมท่อน้ำยา 4 เมตร; ท่อน้ำยาทองแดง O-TWO 0.70 มม. 4 ม.; ฉนวน Aeroflex; ราง Airpro 4 ม.; สายไฟ Yazaki สูงสุด 10 ม.ตามระบบ; ท่อน้ำทิ้ง SCG 4 ม.; Breaker Nano/Approved ตาม Load; ขาแขวนและยางรองกันสั่น; Vacuum, ตรวจรอยต่อ/Drain/Current/Voltage ตามจุดเข้าถึง, Test Run และใบรับมอบงาน","ไม่รวมท่อ/ราง/สายไฟ/ท่อน้ำทิ้งส่วนเกินเกินระยะที่ระบุ, เมนไฟจาก DB, งานกรีด/ฝัง, งานฝ้าและโครงสร้าง, ปั๊มน้ำทิ้ง, Fire Stop, งานสูง, อุปกรณ์ยก, งานกลางคืน/วันหยุด และ Permit พิเศษ",1 ปีเมื่อใช้เครื่องลูกค้าจัดหา / 3 ปีเมื่อซื้อเครื่องใหม่จากบริษัท ตาม QTN,NO หากหน้างานมาตรฐานและสูงไม่เกิน 3 ม.; YES เมื่อ Access/ระยะ/ระบบเดิม/ไฟ/น้ำหนักไม่ชัด
INS-W-49000-60000-PREMIUM,01 บริการติดตั้งหลัก — แอร์ติดผนัง,"บริการติดตั้งพรีเมียม — แอร์ติดผนัง 49,000–60,000 BTU",เครื่อง,11000,Pricebook ปัดขึ้นหลักร้อย,"รวมท่อน้ำยา 4 เมตร; วัสดุ Standard ครบ 4 ม.; เพิ่ม Support/Anti-vibration และงานเก็บรายละเอียด; Nitrogen Leak Test เมื่อเหมาะสม, Vacuum Hold, ตรวจ Torque/Flare, บันทึกค่า Commissioning และภาพก่อน-หลัง, ตรวจติดตาม 2 ครั้งในปีแรกตาม QTN","ไม่รวมท่อ/ราง/สายไฟ/ท่อน้ำทิ้งส่วนเกินเกินระยะที่ระบุ, เมนไฟจาก DB, งานกรีด/ฝัง, งานฝ้าและโครงสร้าง, ปั๊มน้ำทิ้ง, Fire Stop, งานสูง, อุปกรณ์ยก, งานกลางคืน/วันหยุด และ Permit พิเศษ",1 ปีเมื่อใช้เครื่องลูกค้าจัดหา / 3 ปีเมื่อซื้อเครื่องใหม่จากบริษัท + Priority Claim,NO หากหน้างานมาตรฐานและสูงไม่เกิน 3 ม.; YES เมื่อ Access/ระยะ/ระบบเดิม/ไฟ/น้ำหนักไม่ชัด
INS-C-9000-17000-STANDARD,02 บริการติดตั้งหลัก — แอร์แขวนใต้ฝ้า,"บริการติดตั้งมาตรฐาน — แอร์แขวนใต้ฝ้า 9,000–17,000 BTU",เครื่อง,6500,Pricebook ปัดขึ้นหลักร้อย,"รวมท่อน้ำยา 4 เมตร; ท่อน้ำยาทองแดง O-TWO 0.70 มม. 4 ม.; ฉนวน Aeroflex; ราง Airpro 4 ม.; สายไฟ Yazaki สูงสุด 10 ม.ตามระบบ; ท่อน้ำทิ้ง SCG 4 ม.; Breaker Nano/Approved ตาม Load; ขาแขวนและยางรองกันสั่น; Vacuum, ตรวจรอยต่อ/Drain/Current/Voltage ตามจุดเข้าถึง, Test Run และใบรับมอบงาน","ไม่รวมท่อ/ราง/สายไฟ/ท่อน้ำทิ้งส่วนเกินเกินระยะที่ระบุ, เมนไฟจาก DB, งานกรีด/ฝัง, งานฝ้าและโครงสร้าง, ปั๊มน้ำทิ้ง, Fire Stop, งานสูง, อุปกรณ์ยก, งานกลางคืน/วันหยุด และ Permit พิเศษ",1 ปีเมื่อใช้เครื่องลูกค้าจัดหา / 3 ปีเมื่อซื้อเครื่องใหม่จากบริษัท ตาม QTN,NO หากหน้างานมาตรฐานและสูงไม่เกิน 3 ม.; YES เมื่อ Access/ระยะ/ระบบเดิม/ไฟ/น้ำหนักไม่ชัด
INS-C-9000-17000-PREMIUM,02 บริการติดตั้งหลัก — แอร์แขวนใต้ฝ้า,"บริการติดตั้งพรีเมียม — แอร์แขวนใต้ฝ้า 9,000–17,000 BTU",เครื่อง,8000,Pricebook ปัดขึ้นหลักร้อย,"รวมท่อน้ำยา 4 เมตร; วัสดุ Standard ครบ 4 ม.; เพิ่ม Support/Anti-vibration และงานเก็บรายละเอียด; Nitrogen Leak Test เมื่อเหมาะสม, Vacuum Hold, ตรวจ Torque/Flare, บันทึกค่า Commissioning และภาพก่อน-หลัง, ตรวจติดตาม 2 ครั้งในปีแรกตาม QTN","ไม่รวมท่อ/ราง/สายไฟ/ท่อน้ำทิ้งส่วนเกินเกินระยะที่ระบุ, เมนไฟจาก DB, งานกรีด/ฝัง, งานฝ้าและโครงสร้าง, ปั๊มน้ำทิ้ง, Fire Stop, งานสูง, อุปกรณ์ยก, งานกลางคืน/วันหยุด และ Permit พิเศษ",1 ปีเมื่อใช้เครื่องลูกค้าจัดหา / 3 ปีเมื่อซื้อเครื่องใหม่จากบริษัท + Priority Claim,NO หากหน้างานมาตรฐานและสูงไม่เกิน 3 ม.; YES เมื่อ Access/ระยะ/ระบบเดิม/ไฟ/น้ำหนักไม่ชัด
INS-C-18000-24000-STANDARD,02 บริการติดตั้งหลัก — แอร์แขวนใต้ฝ้า,"บริการติดตั้งมาตรฐาน — แอร์แขวนใต้ฝ้า 18,000–24,000 BTU",เครื่อง,7000,Pricebook ปัดขึ้นหลักร้อย,"รวมท่อน้ำยา 4 เมตร; ท่อน้ำยาทองแดง O-TWO 0.70 มม. 4 ม.; ฉนวน Aeroflex; ราง Airpro 4 ม.; สายไฟ Yazaki สูงสุด 10 ม.ตามระบบ; ท่อน้ำทิ้ง SCG 4 ม.; Breaker Nano/Approved ตาม Load; ขาแขวนและยางรองกันสั่น; Vacuum, ตรวจรอยต่อ/Drain/Current/Voltage ตามจุดเข้าถึง, Test Run และใบรับมอบงาน","ไม่รวมท่อ/ราง/สายไฟ/ท่อน้ำทิ้งส่วนเกินเกินระยะที่ระบุ, เมนไฟจาก DB, งานกรีด/ฝัง, งานฝ้าและโครงสร้าง, ปั๊มน้ำทิ้ง, Fire Stop, งานสูง, อุปกรณ์ยก, งานกลางคืน/วันหยุด และ Permit พิเศษ",1 ปีเมื่อใช้เครื่องลูกค้าจัดหา / 3 ปีเมื่อซื้อเครื่องใหม่จากบริษัท ตาม QTN,NO หากหน้างานมาตรฐานและสูงไม่เกิน 3 ม.; YES เมื่อ Access/ระยะ/ระบบเดิม/ไฟ/น้ำหนักไม่ชัด
INS-C-18000-24000-PREMIUM,02 บริการติดตั้งหลัก — แอร์แขวนใต้ฝ้า,"บริการติดตั้งพรีเมียม — แอร์แขวนใต้ฝ้า 18,000–24,000 BTU",เครื่อง,8500,Pricebook ปัดขึ้นหลักร้อย,"รวมท่อน้ำยา 4 เมตร; วัสดุ Standard ครบ 4 ม.; เพิ่ม Support/Anti-vibration และงานเก็บรายละเอียด; Nitrogen Leak Test เมื่อเหมาะสม, Vacuum Hold, ตรวจ Torque/Flare, บันทึกค่า Commissioning และภาพก่อน-หลัง, ตรวจติดตาม 2 ครั้งในปีแรกตาม QTN","ไม่รวมท่อ/ราง/สายไฟ/ท่อน้ำทิ้งส่วนเกินเกินระยะที่ระบุ, เมนไฟจาก DB, งานกรีด/ฝัง, งานฝ้าและโครงสร้าง, ปั๊มน้ำทิ้ง, Fire Stop, งานสูง, อุปกรณ์ยก, งานกลางคืน/วันหยุด และ Permit พิเศษ",1 ปีเมื่อใช้เครื่องลูกค้าจัดหา / 3 ปีเมื่อซื้อเครื่องใหม่จากบริษัท + Priority Claim,NO หากหน้างานมาตรฐานและสูงไม่เกิน 3 ม.; YES เมื่อ Access/ระยะ/ระบบเดิม/ไฟ/น้ำหนักไม่ชัด
INS-C-25000-30000-STANDARD,02 บริการติดตั้งหลัก — แอร์แขวนใต้ฝ้า,"บริการติดตั้งมาตรฐาน — แอร์แขวนใต้ฝ้า 25,000–30,000 BTU",เครื่อง,7500,Pricebook ปัดขึ้นหลักร้อย,"รวมท่อน้ำยา 4 เมตร; ท่อน้ำยาทองแดง O-TWO 0.70 มม. 4 ม.; ฉนวน Aeroflex; ราง Airpro 4 ม.; สายไฟ Yazaki สูงสุด 10 ม.ตามระบบ; ท่อน้ำทิ้ง SCG 4 ม.; Breaker Nano/Approved ตาม Load; ขาแขวนและยางรองกันสั่น; Vacuum, ตรวจรอยต่อ/Drain/Current/Voltage ตามจุดเข้าถึง, Test Run และใบรับมอบงาน","ไม่รวมท่อ/ราง/สายไฟ/ท่อน้ำทิ้งส่วนเกินเกินระยะที่ระบุ, เมนไฟจาก DB, งานกรีด/ฝัง, งานฝ้าและโครงสร้าง, ปั๊มน้ำทิ้ง, Fire Stop, งานสูง, อุปกรณ์ยก, งานกลางคืน/วันหยุด และ Permit พิเศษ",1 ปีเมื่อใช้เครื่องลูกค้าจัดหา / 3 ปีเมื่อซื้อเครื่องใหม่จากบริษัท ตาม QTN,NO หากหน้างานมาตรฐานและสูงไม่เกิน 3 ม.; YES เมื่อ Access/ระยะ/ระบบเดิม/ไฟ/น้ำหนักไม่ชัด
INS-C-25000-30000-PREMIUM,02 บริการติดตั้งหลัก — แอร์แขวนใต้ฝ้า,"บริการติดตั้งพรีเมียม — แอร์แขวนใต้ฝ้า 25,000–30,000 BTU",เครื่อง,9500,Pricebook ปัดขึ้นหลักร้อย,"รวมท่อน้ำยา 4 เมตร; วัสดุ Standard ครบ 4 ม.; เพิ่ม Support/Anti-vibration และงานเก็บรายละเอียด; Nitrogen Leak Test เมื่อเหมาะสม, Vacuum Hold, ตรวจ Torque/Flare, บันทึกค่า Commissioning และภาพก่อน-หลัง, ตรวจติดตาม 2 ครั้งในปีแรกตาม QTN","ไม่รวมท่อ/ราง/สายไฟ/ท่อน้ำทิ้งส่วนเกินเกินระยะที่ระบุ, เมนไฟจาก DB, งานกรีด/ฝัง, งานฝ้าและโครงสร้าง, ปั๊มน้ำทิ้ง, Fire Stop, งานสูง, อุปกรณ์ยก, งานกลางคืน/วันหยุด และ Permit พิเศษ",1 ปีเมื่อใช้เครื่องลูกค้าจัดหา / 3 ปีเมื่อซื้อเครื่องใหม่จากบริษัท + Priority Claim,NO หากหน้างานมาตรฐานและสูงไม่เกิน 3 ม.; YES เมื่อ Access/ระยะ/ระบบเดิม/ไฟ/น้ำหนักไม่ชัด
INS-C-31000-36000-STANDARD,02 บริการติดตั้งหลัก — แอร์แขวนใต้ฝ้า,"บริการติดตั้งมาตรฐาน — แอร์แขวนใต้ฝ้า 31,000–36,000 BTU",เครื่อง,8500,Pricebook ปัดขึ้นหลักร้อย,"รวมท่อน้ำยา 4 เมตร; ท่อน้ำยาทองแดง O-TWO 0.70 มม. 4 ม.; ฉนวน Aeroflex; ราง Airpro 4 ม.; สายไฟ Yazaki สูงสุด 10 ม.ตามระบบ; ท่อน้ำทิ้ง SCG 4 ม.; Breaker Nano/Approved ตาม Load; ขาแขวนและยางรองกันสั่น; Vacuum, ตรวจรอยต่อ/Drain/Current/Voltage ตามจุดเข้าถึง, Test Run และใบรับมอบงาน","ไม่รวมท่อ/ราง/สายไฟ/ท่อน้ำทิ้งส่วนเกินเกินระยะที่ระบุ, เมนไฟจาก DB, งานกรีด/ฝัง, งานฝ้าและโครงสร้าง, ปั๊มน้ำทิ้ง, Fire Stop, งานสูง, อุปกรณ์ยก, งานกลางคืน/วันหยุด และ Permit พิเศษ",1 ปีเมื่อใช้เครื่องลูกค้าจัดหา / 3 ปีเมื่อซื้อเครื่องใหม่จากบริษัท ตาม QTN,NO หากหน้างานมาตรฐานและสูงไม่เกิน 3 ม.; YES เมื่อ Access/ระยะ/ระบบเดิม/ไฟ/น้ำหนักไม่ชัด
INS-C-31000-36000-PREMIUM,02 บริการติดตั้งหลัก — แอร์แขวนใต้ฝ้า,"บริการติดตั้งพรีเมียม — แอร์แขวนใต้ฝ้า 31,000–36,000 BTU",เครื่อง,10500,Pricebook ปัดขึ้นหลักร้อย,"รวมท่อน้ำยา 4 เมตร; วัสดุ Standard ครบ 4 ม.; เพิ่ม Support/Anti-vibration และงานเก็บรายละเอียด; Nitrogen Leak Test เมื่อเหมาะสม, Vacuum Hold, ตรวจ Torque/Flare, บันทึกค่า Commissioning และภาพก่อน-หลัง, ตรวจติดตาม 2 ครั้งในปีแรกตาม QTN","ไม่รวมท่อ/ราง/สายไฟ/ท่อน้ำทิ้งส่วนเกินเกินระยะที่ระบุ, เมนไฟจาก DB, งานกรีด/ฝัง, งานฝ้าและโครงสร้าง, ปั๊มน้ำทิ้ง, Fire Stop, งานสูง, อุปกรณ์ยก, งานกลางคืน/วันหยุด และ Permit พิเศษ",1 ปีเมื่อใช้เครื่องลูกค้าจัดหา / 3 ปีเมื่อซื้อเครื่องใหม่จากบริษัท + Priority Claim,NO หากหน้างานมาตรฐานและสูงไม่เกิน 3 ม.; YES เมื่อ Access/ระยะ/ระบบเดิม/ไฟ/น้ำหนักไม่ชัด
INS-C-37000-48000-STANDARD,02 บริการติดตั้งหลัก — แอร์แขวนใต้ฝ้า,"บริการติดตั้งมาตรฐาน — แอร์แขวนใต้ฝ้า 37,000–48,000 BTU",เครื่อง,10000,Pricebook ปัดขึ้นหลักร้อย,"รวมท่อน้ำยา 4 เมตร; ท่อน้ำยาทองแดง O-TWO 0.70 มม. 4 ม.; ฉนวน Aeroflex; ราง Airpro 4 ม.; สายไฟ Yazaki สูงสุด 10 ม.ตามระบบ; ท่อน้ำทิ้ง SCG 4 ม.; Breaker Nano/Approved ตาม Load; ขาแขวนและยางรองกันสั่น; Vacuum, ตรวจรอยต่อ/Drain/Current/Voltage ตามจุดเข้าถึง, Test Run และใบรับมอบงาน","ไม่รวมท่อ/ราง/สายไฟ/ท่อน้ำทิ้งส่วนเกินเกินระยะที่ระบุ, เมนไฟจาก DB, งานกรีด/ฝัง, งานฝ้าและโครงสร้าง, ปั๊มน้ำทิ้ง, Fire Stop, งานสูง, อุปกรณ์ยก, งานกลางคืน/วันหยุด และ Permit พิเศษ",1 ปีเมื่อใช้เครื่องลูกค้าจัดหา / 3 ปีเมื่อซื้อเครื่องใหม่จากบริษัท ตาม QTN,NO หากหน้างานมาตรฐานและสูงไม่เกิน 3 ม.; YES เมื่อ Access/ระยะ/ระบบเดิม/ไฟ/น้ำหนักไม่ชัด
INS-C-37000-48000-PREMIUM,02 บริการติดตั้งหลัก — แอร์แขวนใต้ฝ้า,"บริการติดตั้งพรีเมียม — แอร์แขวนใต้ฝ้า 37,000–48,000 BTU",เครื่อง,12500,Pricebook ปัดขึ้นหลักร้อย,"รวมท่อน้ำยา 4 เมตร; วัสดุ Standard ครบ 4 ม.; เพิ่ม Support/Anti-vibration และงานเก็บรายละเอียด; Nitrogen Leak Test เมื่อเหมาะสม, Vacuum Hold, ตรวจ Torque/Flare, บันทึกค่า Commissioning และภาพก่อน-หลัง, ตรวจติดตาม 2 ครั้งในปีแรกตาม QTN","ไม่รวมท่อ/ราง/สายไฟ/ท่อน้ำทิ้งส่วนเกินเกินระยะที่ระบุ, เมนไฟจาก DB, งานกรีด/ฝัง, งานฝ้าและโครงสร้าง, ปั๊มน้ำทิ้ง, Fire Stop, งานสูง, อุปกรณ์ยก, งานกลางคืน/วันหยุด และ Permit พิเศษ",1 ปีเมื่อใช้เครื่องลูกค้าจัดหา / 3 ปีเมื่อซื้อเครื่องใหม่จากบริษัท + Priority Claim,NO หากหน้างานมาตรฐานและสูงไม่เกิน 3 ม.; YES เมื่อ Access/ระยะ/ระบบเดิม/ไฟ/น้ำหนักไม่ชัด
INS-C-49000-60000-STANDARD,02 บริการติดตั้งหลัก — แอร์แขวนใต้ฝ้า,"บริการติดตั้งมาตรฐาน — แอร์แขวนใต้ฝ้า 49,000–60,000 BTU",เครื่อง,12000,Pricebook ปัดขึ้นหลักร้อย,"รวมท่อน้ำยา 4 เมตร; ท่อน้ำยาทองแดง O-TWO 0.70 มม. 4 ม.; ฉนวน Aeroflex; ราง Airpro 4 ม.; สายไฟ Yazaki สูงสุด 10 ม.ตามระบบ; ท่อน้ำทิ้ง SCG 4 ม.; Breaker Nano/Approved ตาม Load; ขาแขวนและยางรองกันสั่น; Vacuum, ตรวจรอยต่อ/Drain/Current/Voltage ตามจุดเข้าถึง, Test Run และใบรับมอบงาน","ไม่รวมท่อ/ราง/สายไฟ/ท่อน้ำทิ้งส่วนเกินเกินระยะที่ระบุ, เมนไฟจาก DB, งานกรีด/ฝัง, งานฝ้าและโครงสร้าง, ปั๊มน้ำทิ้ง, Fire Stop, งานสูง, อุปกรณ์ยก, งานกลางคืน/วันหยุด และ Permit พิเศษ",1 ปีเมื่อใช้เครื่องลูกค้าจัดหา / 3 ปีเมื่อซื้อเครื่องใหม่จากบริษัท ตาม QTN,NO หากหน้างานมาตรฐานและสูงไม่เกิน 3 ม.; YES เมื่อ Access/ระยะ/ระบบเดิม/ไฟ/น้ำหนักไม่ชัด
INS-C-49000-60000-PREMIUM,02 บริการติดตั้งหลัก — แอร์แขวนใต้ฝ้า,"บริการติดตั้งพรีเมียม — แอร์แขวนใต้ฝ้า 49,000–60,000 BTU",เครื่อง,15000,Pricebook ปัดขึ้นหลักร้อย,"รวมท่อน้ำยา 4 เมตร; วัสดุ Standard ครบ 4 ม.; เพิ่ม Support/Anti-vibration และงานเก็บรายละเอียด; Nitrogen Leak Test เมื่อเหมาะสม, Vacuum Hold, ตรวจ Torque/Flare, บันทึกค่า Commissioning และภาพก่อน-หลัง, ตรวจติดตาม 2 ครั้งในปีแรกตาม QTN","ไม่รวมท่อ/ราง/สายไฟ/ท่อน้ำทิ้งส่วนเกินเกินระยะที่ระบุ, เมนไฟจาก DB, งานกรีด/ฝัง, งานฝ้าและโครงสร้าง, ปั๊มน้ำทิ้ง, Fire Stop, งานสูง, อุปกรณ์ยก, งานกลางคืน/วันหยุด และ Permit พิเศษ",1 ปีเมื่อใช้เครื่องลูกค้าจัดหา / 3 ปีเมื่อซื้อเครื่องใหม่จากบริษัท + Priority Claim,NO หากหน้างานมาตรฐานและสูงไม่เกิน 3 ม.; YES เมื่อ Access/ระยะ/ระบบเดิม/ไฟ/น้ำหนักไม่ชัด
INS-K-9000-17000-STANDARD,03 บริการติดตั้งหลัก — แอร์ 4 ทิศทาง,"บริการติดตั้งมาตรฐาน — แอร์ 4 ทิศทาง 9,000–17,000 BTU",เครื่อง,7500,Pricebook ปัดขึ้นหลักร้อย,"รวมท่อน้ำยา 4 เมตร; ท่อน้ำยาทองแดง O-TWO 0.70 มม. 4 ม.; ฉนวน Aeroflex; ราง Airpro 4 ม.; สายไฟ Yazaki สูงสุด 10 ม.ตามระบบ; ท่อน้ำทิ้ง SCG 4 ม.; Breaker Nano/Approved ตาม Load; ขาแขวนและยางรองกันสั่น; Vacuum, ตรวจรอยต่อ/Drain/Current/Voltage ตามจุดเข้าถึง, Test Run และใบรับมอบงาน","ไม่รวมท่อ/ราง/สายไฟ/ท่อน้ำทิ้งส่วนเกินเกินระยะที่ระบุ, เมนไฟจาก DB, งานกรีด/ฝัง, งานฝ้าและโครงสร้าง, ปั๊มน้ำทิ้ง, Fire Stop, งานสูง, อุปกรณ์ยก, งานกลางคืน/วันหยุด และ Permit พิเศษ",1 ปีเมื่อใช้เครื่องลูกค้าจัดหา / 3 ปีเมื่อซื้อเครื่องใหม่จากบริษัท ตาม QTN,NO หากหน้างานมาตรฐานและสูงไม่เกิน 3 ม.; YES เมื่อ Access/ระยะ/ระบบเดิม/ไฟ/น้ำหนักไม่ชัด
INS-K-9000-17000-PREMIUM,03 บริการติดตั้งหลัก — แอร์ 4 ทิศทาง,"บริการติดตั้งพรีเมียม — แอร์ 4 ทิศทาง 9,000–17,000 BTU",เครื่อง,9500,Pricebook ปัดขึ้นหลักร้อย,"รวมท่อน้ำยา 4 เมตร; วัสดุ Standard ครบ 4 ม.; เพิ่ม Support/Anti-vibration และงานเก็บรายละเอียด; Nitrogen Leak Test เมื่อเหมาะสม, Vacuum Hold, ตรวจ Torque/Flare, บันทึกค่า Commissioning และภาพก่อน-หลัง, ตรวจติดตาม 2 ครั้งในปีแรกตาม QTN","ไม่รวมท่อ/ราง/สายไฟ/ท่อน้ำทิ้งส่วนเกินเกินระยะที่ระบุ, เมนไฟจาก DB, งานกรีด/ฝัง, งานฝ้าและโครงสร้าง, ปั๊มน้ำทิ้ง, Fire Stop, งานสูง, อุปกรณ์ยก, งานกลางคืน/วันหยุด และ Permit พิเศษ",1 ปีเมื่อใช้เครื่องลูกค้าจัดหา / 3 ปีเมื่อซื้อเครื่องใหม่จากบริษัท + Priority Claim,NO หากหน้างานมาตรฐานและสูงไม่เกิน 3 ม.; YES เมื่อ Access/ระยะ/ระบบเดิม/ไฟ/น้ำหนักไม่ชัด
INS-K-18000-24000-STANDARD,03 บริการติดตั้งหลัก — แอร์ 4 ทิศทาง,"บริการติดตั้งมาตรฐาน — แอร์ 4 ทิศทาง 18,000–24,000 BTU",เครื่อง,8500,Pricebook ปัดขึ้นหลักร้อย,"รวมท่อน้ำยา 4 เมตร; ท่อน้ำยาทองแดง O-TWO 0.70 มม. 4 ม.; ฉนวน Aeroflex; ราง Airpro 4 ม.; สายไฟ Yazaki สูงสุด 10 ม.ตามระบบ; ท่อน้ำทิ้ง SCG 4 ม.; Breaker Nano/Approved ตาม Load; ขาแขวนและยางรองกันสั่น; Vacuum, ตรวจรอยต่อ/Drain/Current/Voltage ตามจุดเข้าถึง, Test Run และใบรับมอบงาน","ไม่รวมท่อ/ราง/สายไฟ/ท่อน้ำทิ้งส่วนเกินเกินระยะที่ระบุ, เมนไฟจาก DB, งานกรีด/ฝัง, งานฝ้าและโครงสร้าง, ปั๊มน้ำทิ้ง, Fire Stop, งานสูง, อุปกรณ์ยก, งานกลางคืน/วันหยุด และ Permit พิเศษ",1 ปีเมื่อใช้เครื่องลูกค้าจัดหา / 3 ปีเมื่อซื้อเครื่องใหม่จากบริษัท ตาม QTN,NO หากหน้างานมาตรฐานและสูงไม่เกิน 3 ม.; YES เมื่อ Access/ระยะ/ระบบเดิม/ไฟ/น้ำหนักไม่ชัด
INS-K-18000-24000-PREMIUM,03 บริการติดตั้งหลัก — แอร์ 4 ทิศทาง,"บริการติดตั้งพรีเมียม — แอร์ 4 ทิศทาง 18,000–24,000 BTU",เครื่อง,11000,Pricebook ปัดขึ้นหลักร้อย,"รวมท่อน้ำยา 4 เมตร; วัสดุ Standard ครบ 4 ม.; เพิ่ม Support/Anti-vibration และงานเก็บรายละเอียด; Nitrogen Leak Test เมื่อเหมาะสม, Vacuum Hold, ตรวจ Torque/Flare, บันทึกค่า Commissioning และภาพก่อน-หลัง, ตรวจติดตาม 2 ครั้งในปีแรกตาม QTN","ไม่รวมท่อ/ราง/สายไฟ/ท่อน้ำทิ้งส่วนเกินเกินระยะที่ระบุ, เมนไฟจาก DB, งานกรีด/ฝัง, งานฝ้าและโครงสร้าง, ปั๊มน้ำทิ้ง, Fire Stop, งานสูง, อุปกรณ์ยก, งานกลางคืน/วันหยุด และ Permit พิเศษ",1 ปีเมื่อใช้เครื่องลูกค้าจัดหา / 3 ปีเมื่อซื้อเครื่องใหม่จากบริษัท + Priority Claim,NO หากหน้างานมาตรฐานและสูงไม่เกิน 3 ม.; YES เมื่อ Access/ระยะ/ระบบเดิม/ไฟ/น้ำหนักไม่ชัด
INS-K-25000-30000-STANDARD,03 บริการติดตั้งหลัก — แอร์ 4 ทิศทาง,"บริการติดตั้งมาตรฐาน — แอร์ 4 ทิศทาง 25,000–30,000 BTU",เครื่อง,9500,Pricebook ปัดขึ้นหลักร้อย,"รวมท่อน้ำยา 4 เมตร; ท่อน้ำยาทองแดง O-TWO 0.70 มม. 4 ม.; ฉนวน Aeroflex; ราง Airpro 4 ม.; สายไฟ Yazaki สูงสุด 10 ม.ตามระบบ; ท่อน้ำทิ้ง SCG 4 ม.; Breaker Nano/Approved ตาม Load; ขาแขวนและยางรองกันสั่น; Vacuum, ตรวจรอยต่อ/Drain/Current/Voltage ตามจุดเข้าถึง, Test Run และใบรับมอบงาน","ไม่รวมท่อ/ราง/สายไฟ/ท่อน้ำทิ้งส่วนเกินเกินระยะที่ระบุ, เมนไฟจาก DB, งานกรีด/ฝัง, งานฝ้าและโครงสร้าง, ปั๊มน้ำทิ้ง, Fire Stop, งานสูง, อุปกรณ์ยก, งานกลางคืน/วันหยุด และ Permit พิเศษ",1 ปีเมื่อใช้เครื่องลูกค้าจัดหา / 3 ปีเมื่อซื้อเครื่องใหม่จากบริษัท ตาม QTN,NO หากหน้างานมาตรฐานและสูงไม่เกิน 3 ม.; YES เมื่อ Access/ระยะ/ระบบเดิม/ไฟ/น้ำหนักไม่ชัด
INS-K-25000-30000-PREMIUM,03 บริการติดตั้งหลัก — แอร์ 4 ทิศทาง,"บริการติดตั้งพรีเมียม — แอร์ 4 ทิศทาง 25,000–30,000 BTU",เครื่อง,12000,Pricebook ปัดขึ้นหลักร้อย,"รวมท่อน้ำยา 4 เมตร; วัสดุ Standard ครบ 4 ม.; เพิ่ม Support/Anti-vibration และงานเก็บรายละเอียด; Nitrogen Leak Test เมื่อเหมาะสม, Vacuum Hold, ตรวจ Torque/Flare, บันทึกค่า Commissioning และภาพก่อน-หลัง, ตรวจติดตาม 2 ครั้งในปีแรกตาม QTN","ไม่รวมท่อ/ราง/สายไฟ/ท่อน้ำทิ้งส่วนเกินเกินระยะที่ระบุ, เมนไฟจาก DB, งานกรีด/ฝัง, งานฝ้าและโครงสร้าง, ปั๊มน้ำทิ้ง, Fire Stop, งานสูง, อุปกรณ์ยก, งานกลางคืน/วันหยุด และ Permit พิเศษ",1 ปีเมื่อใช้เครื่องลูกค้าจัดหา / 3 ปีเมื่อซื้อเครื่องใหม่จากบริษัท + Priority Claim,NO หากหน้างานมาตรฐานและสูงไม่เกิน 3 ม.; YES เมื่อ Access/ระยะ/ระบบเดิม/ไฟ/น้ำหนักไม่ชัด
INS-K-31000-36000-STANDARD,03 บริการติดตั้งหลัก — แอร์ 4 ทิศทาง,"บริการติดตั้งมาตรฐาน — แอร์ 4 ทิศทาง 31,000–36,000 BTU",เครื่อง,10500,Pricebook ปัดขึ้นหลักร้อย,"รวมท่อน้ำยา 4 เมตร; ท่อน้ำยาทองแดง O-TWO 0.70 มม. 4 ม.; ฉนวน Aeroflex; ราง Airpro 4 ม.; สายไฟ Yazaki สูงสุด 10 ม.ตามระบบ; ท่อน้ำทิ้ง SCG 4 ม.; Breaker Nano/Approved ตาม Load; ขาแขวนและยางรองกันสั่น; Vacuum, ตรวจรอยต่อ/Drain/Current/Voltage ตามจุดเข้าถึง, Test Run และใบรับมอบงาน","ไม่รวมท่อ/ราง/สายไฟ/ท่อน้ำทิ้งส่วนเกินเกินระยะที่ระบุ, เมนไฟจาก DB, งานกรีด/ฝัง, งานฝ้าและโครงสร้าง, ปั๊มน้ำทิ้ง, Fire Stop, งานสูง, อุปกรณ์ยก, งานกลางคืน/วันหยุด และ Permit พิเศษ",1 ปีเมื่อใช้เครื่องลูกค้าจัดหา / 3 ปีเมื่อซื้อเครื่องใหม่จากบริษัท ตาม QTN,NO หากหน้างานมาตรฐานและสูงไม่เกิน 3 ม.; YES เมื่อ Access/ระยะ/ระบบเดิม/ไฟ/น้ำหนักไม่ชัด
INS-K-31000-36000-PREMIUM,03 บริการติดตั้งหลัก — แอร์ 4 ทิศทาง,"บริการติดตั้งพรีเมียม — แอร์ 4 ทิศทาง 31,000–36,000 BTU",เครื่อง,13500,Pricebook ปัดขึ้นหลักร้อย,"รวมท่อน้ำยา 4 เมตร; วัสดุ Standard ครบ 4 ม.; เพิ่ม Support/Anti-vibration และงานเก็บรายละเอียด; Nitrogen Leak Test เมื่อเหมาะสม, Vacuum Hold, ตรวจ Torque/Flare, บันทึกค่า Commissioning และภาพก่อน-หลัง, ตรวจติดตาม 2 ครั้งในปีแรกตาม QTN","ไม่รวมท่อ/ราง/สายไฟ/ท่อน้ำทิ้งส่วนเกินเกินระยะที่ระบุ, เมนไฟจาก DB, งานกรีด/ฝัง, งานฝ้าและโครงสร้าง, ปั๊มน้ำทิ้ง, Fire Stop, งานสูง, อุปกรณ์ยก, งานกลางคืน/วันหยุด และ Permit พิเศษ",1 ปีเมื่อใช้เครื่องลูกค้าจัดหา / 3 ปีเมื่อซื้อเครื่องใหม่จากบริษัท + Priority Claim,NO หากหน้างานมาตรฐานและสูงไม่เกิน 3 ม.; YES เมื่อ Access/ระยะ/ระบบเดิม/ไฟ/น้ำหนักไม่ชัด
INS-K-37000-48000-STANDARD,03 บริการติดตั้งหลัก — แอร์ 4 ทิศทาง,"บริการติดตั้งมาตรฐาน — แอร์ 4 ทิศทาง 37,000–48,000 BTU",เครื่อง,12500,Pricebook ปัดขึ้นหลักร้อย,"รวมท่อน้ำยา 4 เมตร; ท่อน้ำยาทองแดง O-TWO 0.70 มม. 4 ม.; ฉนวน Aeroflex; ราง Airpro 4 ม.; สายไฟ Yazaki สูงสุด 10 ม.ตามระบบ; ท่อน้ำทิ้ง SCG 4 ม.; Breaker Nano/Approved ตาม Load; ขาแขวนและยางรองกันสั่น; Vacuum, ตรวจรอยต่อ/Drain/Current/Voltage ตามจุดเข้าถึง, Test Run และใบรับมอบงาน","ไม่รวมท่อ/ราง/สายไฟ/ท่อน้ำทิ้งส่วนเกินเกินระยะที่ระบุ, เมนไฟจาก DB, งานกรีด/ฝัง, งานฝ้าและโครงสร้าง, ปั๊มน้ำทิ้ง, Fire Stop, งานสูง, อุปกรณ์ยก, งานกลางคืน/วันหยุด และ Permit พิเศษ",1 ปีเมื่อใช้เครื่องลูกค้าจัดหา / 3 ปีเมื่อซื้อเครื่องใหม่จากบริษัท ตาม QTN,NO หากหน้างานมาตรฐานและสูงไม่เกิน 3 ม.; YES เมื่อ Access/ระยะ/ระบบเดิม/ไฟ/น้ำหนักไม่ชัด
INS-K-37000-48000-PREMIUM,03 บริการติดตั้งหลัก — แอร์ 4 ทิศทาง,"บริการติดตั้งพรีเมียม — แอร์ 4 ทิศทาง 37,000–48,000 BTU",เครื่อง,15500,Pricebook ปัดขึ้นหลักร้อย,"รวมท่อน้ำยา 4 เมตร; วัสดุ Standard ครบ 4 ม.; เพิ่ม Support/Anti-vibration และงานเก็บรายละเอียด; Nitrogen Leak Test เมื่อเหมาะสม, Vacuum Hold, ตรวจ Torque/Flare, บันทึกค่า Commissioning และภาพก่อน-หลัง, ตรวจติดตาม 2 ครั้งในปีแรกตาม QTN","ไม่รวมท่อ/ราง/สายไฟ/ท่อน้ำทิ้งส่วนเกินเกินระยะที่ระบุ, เมนไฟจาก DB, งานกรีด/ฝัง, งานฝ้าและโครงสร้าง, ปั๊มน้ำทิ้ง, Fire Stop, งานสูง, อุปกรณ์ยก, งานกลางคืน/วันหยุด และ Permit พิเศษ",1 ปีเมื่อใช้เครื่องลูกค้าจัดหา / 3 ปีเมื่อซื้อเครื่องใหม่จากบริษัท + Priority Claim,NO หากหน้างานมาตรฐานและสูงไม่เกิน 3 ม.; YES เมื่อ Access/ระยะ/ระบบเดิม/ไฟ/น้ำหนักไม่ชัด
INS-K-49000-60000-STANDARD,03 บริการติดตั้งหลัก — แอร์ 4 ทิศทาง,"บริการติดตั้งมาตรฐาน — แอร์ 4 ทิศทาง 49,000–60,000 BTU",เครื่อง,14500,Pricebook ปัดขึ้นหลักร้อย,"รวมท่อน้ำยา 4 เมตร; ท่อน้ำยาทองแดง O-TWO 0.70 มม. 4 ม.; ฉนวน Aeroflex; ราง Airpro 4 ม.; สายไฟ Yazaki สูงสุด 10 ม.ตามระบบ; ท่อน้ำทิ้ง SCG 4 ม.; Breaker Nano/Approved ตาม Load; ขาแขวนและยางรองกันสั่น; Vacuum, ตรวจรอยต่อ/Drain/Current/Voltage ตามจุดเข้าถึง, Test Run และใบรับมอบงาน","ไม่รวมท่อ/ราง/สายไฟ/ท่อน้ำทิ้งส่วนเกินเกินระยะที่ระบุ, เมนไฟจาก DB, งานกรีด/ฝัง, งานฝ้าและโครงสร้าง, ปั๊มน้ำทิ้ง, Fire Stop, งานสูง, อุปกรณ์ยก, งานกลางคืน/วันหยุด และ Permit พิเศษ",1 ปีเมื่อใช้เครื่องลูกค้าจัดหา / 3 ปีเมื่อซื้อเครื่องใหม่จากบริษัท ตาม QTN,NO หากหน้างานมาตรฐานและสูงไม่เกิน 3 ม.; YES เมื่อ Access/ระยะ/ระบบเดิม/ไฟ/น้ำหนักไม่ชัด
INS-K-49000-60000-PREMIUM,03 บริการติดตั้งหลัก — แอร์ 4 ทิศทาง,"บริการติดตั้งพรีเมียม — แอร์ 4 ทิศทาง 49,000–60,000 BTU",เครื่อง,18000,Pricebook ปัดขึ้นหลักร้อย,"รวมท่อน้ำยา 4 เมตร; วัสดุ Standard ครบ 4 ม.; เพิ่ม Support/Anti-vibration และงานเก็บรายละเอียด; Nitrogen Leak Test เมื่อเหมาะสม, Vacuum Hold, ตรวจ Torque/Flare, บันทึกค่า Commissioning และภาพก่อน-หลัง, ตรวจติดตาม 2 ครั้งในปีแรกตาม QTN","ไม่รวมท่อ/ราง/สายไฟ/ท่อน้ำทิ้งส่วนเกินเกินระยะที่ระบุ, เมนไฟจาก DB, งานกรีด/ฝัง, งานฝ้าและโครงสร้าง, ปั๊มน้ำทิ้ง, Fire Stop, งานสูง, อุปกรณ์ยก, งานกลางคืน/วันหยุด และ Permit พิเศษ",1 ปีเมื่อใช้เครื่องลูกค้าจัดหา / 3 ปีเมื่อซื้อเครื่องใหม่จากบริษัท + Priority Claim,NO หากหน้างานมาตรฐานและสูงไม่เกิน 3 ม.; YES เมื่อ Access/ระยะ/ระบบเดิม/ไฟ/น้ำหนักไม่ชัด
INS-FS-36000-48000-STANDARD,04 บริการติดตั้งหลัก — แอร์ตู้ตั้งพื้น,"บริการติดตั้งมาตรฐาน — แอร์ตู้ตั้งพื้น 36,000–48,000 BTU",เครื่อง,11000,Pricebook ปัดขึ้นหลักร้อย,"รวมท่อน้ำยา 4 เมตร; ท่อน้ำยาทองแดง O-TWO 0.70 มม. 4 ม.; ฉนวน Aeroflex; ราง Airpro 4 ม.; สายไฟ Yazaki สูงสุด 10 ม.ตามระบบ; ท่อน้ำทิ้ง SCG 4 ม.; Breaker Nano/Approved ตาม Load; ขาแขวนและยางรองกันสั่น; Vacuum, ตรวจรอยต่อ/Drain/Current/Voltage ตามจุดเข้าถึง, Test Run และใบรับมอบงาน","ไม่รวมท่อ/ราง/สายไฟ/ท่อน้ำทิ้งส่วนเกินเกินระยะที่ระบุ, เมนไฟจาก DB, งานกรีด/ฝัง, งานฝ้าและโครงสร้าง, ปั๊มน้ำทิ้ง, Fire Stop, งานสูง, อุปกรณ์ยก, งานกลางคืน/วันหยุด และ Permit พิเศษ",1 ปีเมื่อใช้เครื่องลูกค้าจัดหา / 3 ปีเมื่อซื้อเครื่องใหม่จากบริษัท ตาม QTN,NO หากหน้างานมาตรฐานและสูงไม่เกิน 3 ม.; YES เมื่อ Access/ระยะ/ระบบเดิม/ไฟ/น้ำหนักไม่ชัด
INS-FS-36000-48000-PREMIUM,04 บริการติดตั้งหลัก — แอร์ตู้ตั้งพื้น,"บริการติดตั้งพรีเมียม — แอร์ตู้ตั้งพื้น 36,000–48,000 BTU",เครื่อง,14000,Pricebook ปัดขึ้นหลักร้อย,"รวมท่อน้ำยา 4 เมตร; วัสดุ Standard ครบ 4 ม.; เพิ่ม Support/Anti-vibration และงานเก็บรายละเอียด; Nitrogen Leak Test เมื่อเหมาะสม, Vacuum Hold, ตรวจ Torque/Flare, บันทึกค่า Commissioning และภาพก่อน-หลัง, ตรวจติดตาม 2 ครั้งในปีแรกตาม QTN","ไม่รวมท่อ/ราง/สายไฟ/ท่อน้ำทิ้งส่วนเกินเกินระยะที่ระบุ, เมนไฟจาก DB, งานกรีด/ฝัง, งานฝ้าและโครงสร้าง, ปั๊มน้ำทิ้ง, Fire Stop, งานสูง, อุปกรณ์ยก, งานกลางคืน/วันหยุด และ Permit พิเศษ",1 ปีเมื่อใช้เครื่องลูกค้าจัดหา / 3 ปีเมื่อซื้อเครื่องใหม่จากบริษัท + Priority Claim,NO หากหน้างานมาตรฐานและสูงไม่เกิน 3 ม.; YES เมื่อ Access/ระยะ/ระบบเดิม/ไฟ/น้ำหนักไม่ชัด
INS-FS-49000-60000-STANDARD,04 บริการติดตั้งหลัก — แอร์ตู้ตั้งพื้น,"บริการติดตั้งมาตรฐาน — แอร์ตู้ตั้งพื้น 49,000–60,000 BTU",เครื่อง,13000,Pricebook ปัดขึ้นหลักร้อย,"รวมท่อน้ำยา 4 เมตร; ท่อน้ำยาทองแดง O-TWO 0.70 มม. 4 ม.; ฉนวน Aeroflex; ราง Airpro 4 ม.; สายไฟ Yazaki สูงสุด 10 ม.ตามระบบ; ท่อน้ำทิ้ง SCG 4 ม.; Breaker Nano/Approved ตาม Load; ขาแขวนและยางรองกันสั่น; Vacuum, ตรวจรอยต่อ/Drain/Current/Voltage ตามจุดเข้าถึง, Test Run และใบรับมอบงาน","ไม่รวมท่อ/ราง/สายไฟ/ท่อน้ำทิ้งส่วนเกินเกินระยะที่ระบุ, เมนไฟจาก DB, งานกรีด/ฝัง, งานฝ้าและโครงสร้าง, ปั๊มน้ำทิ้ง, Fire Stop, งานสูง, อุปกรณ์ยก, งานกลางคืน/วันหยุด และ Permit พิเศษ",1 ปีเมื่อใช้เครื่องลูกค้าจัดหา / 3 ปีเมื่อซื้อเครื่องใหม่จากบริษัท ตาม QTN,NO หากหน้างานมาตรฐานและสูงไม่เกิน 3 ม.; YES เมื่อ Access/ระยะ/ระบบเดิม/ไฟ/น้ำหนักไม่ชัด
INS-FS-49000-60000-PREMIUM,04 บริการติดตั้งหลัก — แอร์ตู้ตั้งพื้น,"บริการติดตั้งพรีเมียม — แอร์ตู้ตั้งพื้น 49,000–60,000 BTU",เครื่อง,16500,Pricebook ปัดขึ้นหลักร้อย,"รวมท่อน้ำยา 4 เมตร; วัสดุ Standard ครบ 4 ม.; เพิ่ม Support/Anti-vibration และงานเก็บรายละเอียด; Nitrogen Leak Test เมื่อเหมาะสม, Vacuum Hold, ตรวจ Torque/Flare, บันทึกค่า Commissioning และภาพก่อน-หลัง, ตรวจติดตาม 2 ครั้งในปีแรกตาม QTN","ไม่รวมท่อ/ราง/สายไฟ/ท่อน้ำทิ้งส่วนเกินเกินระยะที่ระบุ, เมนไฟจาก DB, งานกรีด/ฝัง, งานฝ้าและโครงสร้าง, ปั๊มน้ำทิ้ง, Fire Stop, งานสูง, อุปกรณ์ยก, งานกลางคืน/วันหยุด และ Permit พิเศษ",1 ปีเมื่อใช้เครื่องลูกค้าจัดหา / 3 ปีเมื่อซื้อเครื่องใหม่จากบริษัท + Priority Claim,NO หากหน้างานมาตรฐานและสูงไม่เกิน 3 ม.; YES เมื่อ Access/ระยะ/ระบบเดิม/ไฟ/น้ำหนักไม่ชัด
INS-AHU-SURVEY,05 บริการติดตั้งระบบอื่น / สำรวจ,บริการติดตั้ง AHU / FCU Commercial — สำรวจหน้างาน,เครื่อง,,ประเมินหน้างาน,"ขอบเขตตาม Shop Drawing, Manufacturer Spec, Method Statement และ Approved BOQ",ไม่รวมรายการที่ไม่อยู่ใน Approved BOQ,ตาม QTN/ผู้ผลิต/สัญญา,YES
INS-PACKAGE-SURVEY,05 บริการติดตั้งระบบอื่น / สำรวจ,บริการติดตั้ง Package / Rooftop / Precision AC — สำรวจหน้างาน,ชุด,,ประเมินหน้างาน,"ขอบเขตตาม Shop Drawing, Manufacturer Spec, Method Statement และ Approved BOQ",ไม่รวมรายการที่ไม่อยู่ใน Approved BOQ,ตาม QTN/ผู้ผลิต/สัญญา,YES
INS-VRF-IDU-SURVEY,05 บริการติดตั้งระบบอื่น / สำรวจ,บริการติดตั้ง VRF/VRV Indoor Unit — สำรวจหน้างาน,เครื่อง,,ประเมินหน้างาน,"ขอบเขตตาม Shop Drawing, Manufacturer Spec, Method Statement และ Approved BOQ",ไม่รวมรายการที่ไม่อยู่ใน Approved BOQ,ตาม QTN/ผู้ผลิต/สัญญา,YES
INS-VRF-ODU-SURVEY,05 บริการติดตั้งระบบอื่น / สำรวจ,บริการติดตั้ง VRF/VRV Outdoor Unit — สำรวจหน้างาน,ชุด,,ประเมินหน้างาน,"ขอบเขตตาม Shop Drawing, Manufacturer Spec, Method Statement และ Approved BOQ",ไม่รวมรายการที่ไม่อยู่ใน Approved BOQ,ตาม QTN/ผู้ผลิต/สัญญา,YES
INS-DUCT-SURVEY,05 บริการติดตั้งระบบอื่น / สำรวจ,บริการติดตั้งแอร์ซ่อนในฝ้า — สำรวจหน้างาน,เครื่อง,,ประเมินหน้างาน,"ขอบเขตตาม Shop Drawing, Manufacturer Spec, Method Statement และ Approved BOQ",ไม่รวมรายการที่ไม่อยู่ใน Approved BOQ,ตาม QTN/ผู้ผลิต/สัญญา,YES
INS-FS-61000-80000-SURVEY,05 บริการติดตั้งระบบอื่น / สำรวจ,"บริการติดตั้งแอร์ตู้ตั้งพื้น 61,000–80,000 BTU — สำรวจหน้างาน",เครื่อง,,ประเมินหน้างาน,"ขอบเขตตาม Shop Drawing, Manufacturer Spec, Method Statement และ Approved BOQ",ไม่รวมรายการที่ไม่อยู่ใน Approved BOQ,ตาม QTN/ผู้ผลิต/สัญญา,YES
INS-FS-81000-125000-SURVEY,05 บริการติดตั้งระบบอื่น / สำรวจ,"บริการติดตั้งแอร์ตู้ตั้งพื้น 81,000–125,000 BTU — สำรวจหน้างาน",เครื่อง,,ประเมินหน้างาน,"ขอบเขตตาม Shop Drawing, Manufacturer Spec, Method Statement และ Approved BOQ",ไม่รวมรายการที่ไม่อยู่ใน Approved BOQ,ตาม QTN/ผู้ผลิต/สัญญา,YES
INS-FS-126000-UP-SURVEY,05 บริการติดตั้งระบบอื่น / สำรวจ,"บริการติดตั้งแอร์ตู้ตั้งพื้นมากกว่า 125,000 BTU — สำรวจหน้างาน",เครื่อง,,ประเมินหน้างาน,ขอบเขตวัสดุ วิธีติดตั้ง อุปกรณ์ยก การทดสอบ และการส่งมอบ เป็นไปตามรายละเอียดที่ตรวจสอบหน้างานและได้รับอนุมัติ,ไม่รวมงานหรือวัสดุที่ไม่ได้ระบุไว้ในใบเสนอราคาและขอบเขตงาน,การรับประกันเป็นไปตามเงื่อนไขในใบเสนอราคา,YES
PIP-PKG-1438,06 ชุดวัสดุส่วนเกินแบบเหมา,"ชุดวัสดุส่วนเกินแบบเหมา — ท่อ 1/4"" + 3/8"" — แอร์ 9,000–12,000 BTU",เมตร,1000,Pricebook,"ท่อทองแดง O-TWO 1/4"" + 3/8"", ฉนวน Aeroflex, ราง Airpro 75 มม., สายไฟ Yazaki, ท่อน้ำทิ้ง SCG และค่าแรงติดตั้ง",ไม่รวมเมนไฟ งานฝัง งานฝ้า งานสูง และอุปกรณ์ยก,ตามเงื่อนไขใบเสนอราคา,ไม่ต้องสำรวจเมื่อระยะและตำแหน่งชัดเจน
PIP-PKG-1412,06 ชุดวัสดุส่วนเกินแบบเหมา,"ชุดวัสดุส่วนเกินแบบเหมา — ท่อ 1/4"" + 1/2"" — แอร์ 13,000–18,000 BTU",เมตร,1200,Pricebook,"ท่อทองแดง O-TWO 1/4"" + 1/2"", ฉนวน Aeroflex, ราง Airpro 75 มม., สายไฟ Yazaki, ท่อน้ำทิ้ง SCG และค่าแรงติดตั้ง",ไม่รวมเมนไฟ งานฝัง งานฝ้า งานสูง และอุปกรณ์ยก,ตามเงื่อนไขใบเสนอราคา,ไม่ต้องสำรวจเมื่อระยะและตำแหน่งชัดเจน
PIP-PKG-1458,06 ชุดวัสดุส่วนเกินแบบเหมา,"ชุดวัสดุส่วนเกินแบบเหมา — ท่อ 1/4"" + 5/8"" — แอร์ 19,000–24,000 BTU",เมตร,1400,Pricebook,"ท่อทองแดง O-TWO 1/4"" + 5/8"", ฉนวน Aeroflex, ราง Airpro 75 มม., สายไฟ Yazaki, ท่อน้ำทิ้ง SCG และค่าแรงติดตั้ง",ไม่รวมเมนไฟ งานฝัง งานฝ้า งานสูง และอุปกรณ์ยก,ตามเงื่อนไขใบเสนอราคา,ไม่ต้องสำรวจเมื่อระยะและตำแหน่งชัดเจน
PIP-PKG-3858,06 ชุดวัสดุส่วนเกินแบบเหมา,"ชุดวัสดุส่วนเกินแบบเหมา — ท่อ 3/8"" + 5/8"" — แอร์ 25,000–36,000 BTU",เมตร,1600,Pricebook,"ท่อทองแดง O-TWO 3/8"" + 5/8"", ฉนวน Aeroflex, ราง Airpro 100 มม., สายไฟ Yazaki, ท่อน้ำทิ้ง SCG และค่าแรงติดตั้ง",ไม่รวมเมนไฟ งานฝัง งานฝ้า งานสูง และอุปกรณ์ยก,ตามเงื่อนไขใบเสนอราคา,ไม่ต้องสำรวจเมื่อระยะและตำแหน่งชัดเจน
PIP-PKG-3834,06 ชุดวัสดุส่วนเกินแบบเหมา,"ชุดวัสดุส่วนเกินแบบเหมา — ท่อ 3/8"" + 3/4"" — แอร์ 37,000–48,000 BTU",เมตร,1800,Pricebook,"ท่อทองแดง O-TWO 3/8"" + 3/4"", ฉนวน Aeroflex, ราง Airpro 100 มม., สายไฟ Yazaki, ท่อน้ำทิ้ง SCG และค่าแรงติดตั้ง",ไม่รวมเมนไฟ งานฝัง งานฝ้า งานสูง และอุปกรณ์ยก,ตามเงื่อนไขใบเสนอราคา,ไม่ต้องสำรวจเมื่อระยะและตำแหน่งชัดเจน
PIP-PKG-3878,06 ชุดวัสดุส่วนเกินแบบเหมา,"ชุดวัสดุส่วนเกินแบบเหมา — ท่อ 3/8"" + 7/8"" — แอร์ 49,000–60,000 BTU",เมตร,2200,Pricebook,"ท่อทองแดง O-TWO 3/8"" + 7/8"", ฉนวน Aeroflex, ราง Airpro 100 มม., สายไฟ Yazaki, ท่อน้ำทิ้ง SCG และค่าแรงติดตั้ง",ไม่รวมเมนไฟ งานฝัง งานฝ้า งานสูง และอุปกรณ์ยก,ตามเงื่อนไขใบเสนอราคา,ตรวจสอบขนาดท่อและตำแหน่งก่อนเสนอ
MAT-CU-K22-1438,07 ท่อทองแดงและฉนวน,"ท่อทองแดง O-TWO เบอร์ 22 ขนาด 1/4"" + 3/8"" — แอร์ 9,000–12,000 BTU",เมตร,550,Pricebook,"ท่อทองแดง O-TWO เบอร์ 22 ขนาด 1/4"" + 3/8"" — แอร์ 9,000–12,000 BTU",,ตามเงื่อนไขวัสดุและงานติดตั้งใน QTN,ตรวจจำนวนและขนาดก่อนเสนอ
MAT-CU-K22-1412,07 ท่อทองแดงและฉนวน,"ท่อทองแดง O-TWO เบอร์ 22 ขนาด 1/4"" + 1/2"" — แอร์ 13,000–18,000 BTU",เมตร,600,Pricebook,"ท่อทองแดง O-TWO เบอร์ 22 ขนาด 1/4"" + 1/2"" — แอร์ 13,000–18,000 BTU",,ตามเงื่อนไขวัสดุและงานติดตั้งใน QTN,ตรวจจำนวนและขนาดก่อนเสนอ
MAT-CU-K22-1458,07 ท่อทองแดงและฉนวน,"ท่อทองแดง O-TWO เบอร์ 22 ขนาด 1/4"" + 5/8"" — แอร์ 19,000–24,000 BTU",เมตร,650,Pricebook,"ท่อทองแดง O-TWO เบอร์ 22 ขนาด 1/4"" + 5/8"" — แอร์ 19,000–24,000 BTU",,ตามเงื่อนไขวัสดุและงานติดตั้งใน QTN,ตรวจจำนวนและขนาดก่อนเสนอ
MAT-CU-K22-3858,07 ท่อทองแดงและฉนวน,"ท่อทองแดง O-TWO เบอร์ 22 ขนาด 3/8"" + 5/8"" — แอร์ 25,000–36,000 BTU",เมตร,700,Pricebook,"ท่อทองแดง O-TWO เบอร์ 22 ขนาด 3/8"" + 5/8"" — แอร์ 25,000–36,000 BTU",,ตามเงื่อนไขวัสดุและงานติดตั้งใน QTN,ตรวจจำนวนและขนาดก่อนเสนอ
MAT-CU-K22-3834,07 ท่อทองแดงและฉนวน,"ท่อทองแดง O-TWO เบอร์ 22 ขนาด 3/8"" + 3/4"" — แอร์ 37,000–48,000 BTU",เมตร,800,Pricebook,"ท่อทองแดง O-TWO เบอร์ 22 ขนาด 3/8"" + 3/4"" — แอร์ 37,000–48,000 BTU",,ตามเงื่อนไขวัสดุและงานติดตั้งใน QTN,ตรวจจำนวนและขนาดก่อนเสนอ
MAT-AERO-3814,07 ท่อทองแดงและฉนวน,"ฉนวน Aeroflex หนา 3/8"" รูใน 1/4""",เมตร,120,Pricebook,"ฉนวน Aeroflex หนา 3/8"" รูใน 1/4""",,ตามเงื่อนไขวัสดุและงานติดตั้งใน QTN,ตรวจจำนวนและขนาดก่อนเสนอ
MAT-AERO-3838,07 ท่อทองแดงและฉนวน,"ฉนวน Aeroflex หนา 3/8"" รูใน 3/8""",เมตร,140,Pricebook,"ฉนวน Aeroflex หนา 3/8"" รูใน 3/8""",,ตามเงื่อนไขวัสดุและงานติดตั้งใน QTN,ตรวจจำนวนและขนาดก่อนเสนอ
MAT-AERO-3812,07 ท่อทองแดงและฉนวน,"ฉนวน Aeroflex หนา 3/8"" รูใน 1/2""",เมตร,160,Pricebook,"ฉนวน Aeroflex หนา 3/8"" รูใน 1/2""",,ตามเงื่อนไขวัสดุและงานติดตั้งใน QTN,ตรวจจำนวนและขนาดก่อนเสนอ
MAT-AERO-3858,07 ท่อทองแดงและฉนวน,"ฉนวน Aeroflex หนา 3/8"" รูใน 5/8""",เมตร,180,Pricebook,"ฉนวน Aeroflex หนา 3/8"" รูใน 5/8""",,ตามเงื่อนไขวัสดุและงานติดตั้งใน QTN,ตรวจจำนวนและขนาดก่อนเสนอ
MAT-AERO-3834,07 ท่อทองแดงและฉนวน,"ฉนวน Aeroflex หนา 3/8"" รูใน 3/4""",เมตร,200,Pricebook,"ฉนวน Aeroflex หนา 3/8"" รูใน 3/4""",,ตามเงื่อนไขวัสดุและงานติดตั้งใน QTN,ตรวจจำนวนและขนาดก่อนเสนอ
MAT-AIRPRO-R75,08 รางครอบท่อ Airpro,รางครอบท่อ Airpro ขนาด 75 มม. สีขาว,เมตร,300,Pricebook,รางครอบท่อ Airpro ขนาด 75 มม. สีขาว,,ตามเงื่อนไขวัสดุและงานติดตั้งใน QTN,ตรวจจำนวนและขนาดก่อนเสนอ
MAT-AIRPRO-R100,08 รางครอบท่อ Airpro,รางครอบท่อ Airpro ขนาด 100 มม. สีขาว,เมตร,400,Pricebook,รางครอบท่อ Airpro ขนาด 100 มม. สีขาว,,ตามเงื่อนไขวัสดุและงานติดตั้งใน QTN,ตรวจจำนวนและขนาดก่อนเสนอ
MAT-AIRPRO-J75,08 รางครอบท่อ Airpro,ข้อต่อตรงราง Airpro ขนาด 75 มม. สีขาว,ชิ้น,150,Pricebook,ข้อต่อตรงราง Airpro ขนาด 75 มม. สีขาว,,ตามเงื่อนไขวัสดุและงานติดตั้งใน QTN,ตรวจจำนวนและขนาดก่อนเสนอ
MAT-AIRPRO-E75,08 รางครอบท่อ Airpro,ข้องอแบนราง Airpro ขนาด 75 มม. สีขาว,ชิ้น,150,Pricebook,ข้องอแบนราง Airpro ขนาด 75 มม. สีขาว,,ตามเงื่อนไขวัสดุและงานติดตั้งใน QTN,ตรวจจำนวนและขนาดก่อนเสนอ
MAT-AIRPRO-A75,08 รางครอบท่อ Airpro,ข้อปรับองศาราง Airpro ขนาด 75 มม. สีขาว,ชิ้น,150,Pricebook,ข้อปรับองศาราง Airpro ขนาด 75 มม. สีขาว,,ตามเงื่อนไขวัสดุและงานติดตั้งใน QTN,ตรวจจำนวนและขนาดก่อนเสนอ
MAT-AIRPRO-W75,08 รางครอบท่อ Airpro,ฝาครอบผนังราง Airpro ขนาด 75 มม. สีขาว,ชิ้น,150,Pricebook,ฝาครอบผนังราง Airpro ขนาด 75 มม. สีขาว,,ตามเงื่อนไขวัสดุและงานติดตั้งใน QTN,ตรวจจำนวนและขนาดก่อนเสนอ
MAT-AIRPRO-END75,08 รางครอบท่อ Airpro,ฝาปิดปลายราง Airpro ขนาด 75 มม. สีขาว,ชิ้น,150,Pricebook,ฝาปิดปลายราง Airpro ขนาด 75 มม. สีขาว,,ตามเงื่อนไขวัสดุและงานติดตั้งใน QTN,ตรวจจำนวนและขนาดก่อนเสนอ
MAT-AIRPRO-T75,08 รางครอบท่อ Airpro,ข้อต่อสามทางราง Airpro ขนาด 75 มม. สีขาว,ชิ้น,150,Pricebook,ข้อต่อสามทางราง Airpro ขนาด 75 มม. สีขาว,,ตามเงื่อนไขวัสดุและงานติดตั้งใน QTN,ตรวจจำนวนและขนาดก่อนเสนอ
MAT-AIRPRO-B75,08 รางครอบท่อ Airpro,ข้อต่อข้ามคานราง Airpro ขนาด 75 มม. สีขาว,ชิ้น,150,Pricebook,ข้อต่อข้ามคานราง Airpro ขนาด 75 มม. สีขาว,,ตามเงื่อนไขวัสดุและงานติดตั้งใน QTN,ตรวจจำนวนและขนาดก่อนเสนอ
MAT-AIRPRO-J100,08 รางครอบท่อ Airpro,ข้อต่อตรงราง Airpro ขนาด 100 มม. สีขาว,ชิ้น,200,Pricebook,ข้อต่อตรงราง Airpro ขนาด 100 มม. สีขาว,,ตามเงื่อนไขวัสดุและงานติดตั้งใน QTN,ตรวจจำนวนและขนาดก่อนเสนอ
MAT-AIRPRO-E100,08 รางครอบท่อ Airpro,ข้องอแบนราง Airpro ขนาด 100 มม. สีขาว,ชิ้น,200,Pricebook,ข้องอแบนราง Airpro ขนาด 100 มม. สีขาว,,ตามเงื่อนไขวัสดุและงานติดตั้งใน QTN,ตรวจจำนวนและขนาดก่อนเสนอ
MAT-AIRPRO-A100,08 รางครอบท่อ Airpro,ข้อปรับองศาราง Airpro ขนาด 100 มม. สีขาว,ชิ้น,200,Pricebook,ข้อปรับองศาราง Airpro ขนาด 100 มม. สีขาว,,ตามเงื่อนไขวัสดุและงานติดตั้งใน QTN,ตรวจจำนวนและขนาดก่อนเสนอ
MAT-AIRPRO-W100,08 รางครอบท่อ Airpro,ฝาครอบผนังราง Airpro ขนาด 100 มม. สีขาว,ชิ้น,200,Pricebook,ฝาครอบผนังราง Airpro ขนาด 100 มม. สีขาว,,ตามเงื่อนไขวัสดุและงานติดตั้งใน QTN,ตรวจจำนวนและขนาดก่อนเสนอ
MAT-AIRPRO-END100,08 รางครอบท่อ Airpro,ฝาปิดปลายราง Airpro ขนาด 100 มม. สีขาว,ชิ้น,200,Pricebook,ฝาปิดปลายราง Airpro ขนาด 100 มม. สีขาว,,ตามเงื่อนไขวัสดุและงานติดตั้งใน QTN,ตรวจจำนวนและขนาดก่อนเสนอ
MAT-AIRPRO-T100,08 รางครอบท่อ Airpro,ข้อต่อสามทางราง Airpro ขนาด 100 มม. สีขาว,ชิ้น,200,Pricebook,ข้อต่อสามทางราง Airpro ขนาด 100 มม. สีขาว,,ตามเงื่อนไขวัสดุและงานติดตั้งใน QTN,ตรวจจำนวนและขนาดก่อนเสนอ
MAT-AIRPRO-B100,08 รางครอบท่อ Airpro,ข้อต่อข้ามคานราง Airpro ขนาด 100 มม. สีขาว,ชิ้น,200,Pricebook,ข้อต่อข้ามคานราง Airpro ขนาด 100 มม. สีขาว,,ตามเงื่อนไขวัสดุและงานติดตั้งใน QTN,ตรวจจำนวนและขนาดก่อนเสนอ
ELE-MAIN-1P-2.5,09 งานระบบไฟ,งานเดินเมนไฟ 1 เฟส — สาย Yazaki THW 1x2.5 sq.mm จำนวน 3 เส้น,เมตร,300,Pricebook,สายไฟ Yazaki THW 1x2.5 sq.mm จำนวน 3 เส้น พร้อมติดตั้ง,ไม่รวมเบรกเกอร์ ตู้ไฟ และท่อร้อยสาย,ตามเงื่อนไขใบเสนอราคา,ไม่ต้องสำรวจเมื่อระยะและตำแหน่งชัดเจน
ELE-MAIN-1P-4,09 งานระบบไฟ,งานเดินเมนไฟ 1 เฟส — สาย Yazaki THW 1x4 sq.mm จำนวน 3 เส้น,เมตร,400,Pricebook,สายไฟ Yazaki THW 1x4 sq.mm จำนวน 3 เส้น พร้อมติดตั้ง,ไม่รวมเบรกเกอร์ ตู้ไฟ และท่อร้อยสาย,ตามเงื่อนไขใบเสนอราคา,ไม่ต้องสำรวจเมื่อระยะและตำแหน่งชัดเจน
ELE-MAIN-1P-6,09 งานระบบไฟ,งานเดินเมนไฟ 1 เฟส — สาย Yazaki THW 1x6 sq.mm จำนวน 3 เส้น,เมตร,550,Pricebook,สายไฟ Yazaki THW 1x6 sq.mm จำนวน 3 เส้น พร้อมติดตั้ง,ไม่รวมเบรกเกอร์ ตู้ไฟ และท่อร้อยสาย,ตามเงื่อนไขใบเสนอราคา,ไม่ต้องสำรวจเมื่อระยะและตำแหน่งชัดเจน
ELE-MAIN-1P-10,09 งานระบบไฟ,งานเดินเมนไฟ 1 เฟส — สาย Yazaki THW 1x10 sq.mm จำนวน 3 เส้น,เมตร,650,Pricebook,สายไฟ Yazaki THW 1x10 sq.mm จำนวน 3 เส้น พร้อมติดตั้ง,ไม่รวมเบรกเกอร์ ตู้ไฟ และท่อร้อยสาย,ตามเงื่อนไขใบเสนอราคา,ไม่ต้องสำรวจเมื่อระยะและตำแหน่งชัดเจน
ELE-MAIN-3P-6,09 งานระบบไฟ,งานเดินเมนไฟ 3 เฟส — สาย Yazaki THW 1x6 sq.mm จำนวน 5 เส้น,เมตร,750,Pricebook,สายไฟ Yazaki THW 1x6 sq.mm จำนวน 5 เส้น พร้อมติดตั้ง,ไม่รวมเบรกเกอร์ ตู้ไฟ และท่อร้อยสาย,ตามเงื่อนไขใบเสนอราคา,ไม่ต้องสำรวจเมื่อระยะและตำแหน่งชัดเจน
ELE-MAIN-3P-10,09 งานระบบไฟ,งานเดินเมนไฟ 3 เฟส — สาย Yazaki THW 1x10 sq.mm จำนวน 5 เส้น,เมตร,1050,Pricebook,สายไฟ Yazaki THW 1x10 sq.mm จำนวน 5 เส้น พร้อมติดตั้ง,ไม่รวมเบรกเกอร์ ตู้ไฟ และท่อร้อยสาย,ตามเงื่อนไขใบเสนอราคา,ไม่ต้องสำรวจเมื่อระยะและตำแหน่งชัดเจน
ELE-CONTROL-4X1.5,09 งานระบบไฟ,งานเดินสายคอนโทรล — Yazaki VCT 4x1.5 sq.mm,เมตร,250,Pricebook,สายคอนโทรล Yazaki VCT 4x1.5 sq.mm พร้อมติดตั้ง,ไม่รวมท่อร้อยสาย,ตามเงื่อนไขใบเสนอราคา,ไม่ต้องสำรวจเมื่อระยะและตำแหน่งชัดเจน
ELE-CONTROL-4X2.5,09 งานระบบไฟ,งานเดินสายคอนโทรล — Yazaki VCT 4x2.5 sq.mm,เมตร,350,Pricebook,สายคอนโทรล Yazaki VCT 4x2.5 sq.mm พร้อมติดตั้ง,ไม่รวมท่อร้อยสาย,ตามเงื่อนไขใบเสนอราคา,ไม่ต้องสำรวจเมื่อระยะและตำแหน่งชัดเจน
ELE-EMT-12,09 งานระบบไฟ,"งานเดินท่อ EMT ขนาด 1/2"" พร้อมข้อต่อและแคล้มป์",เมตร,180,Pricebook,"งานเดินท่อ EMT ขนาด 1/2"" พร้อมข้อต่อและแคล้มป์",,ตามเงื่อนไขใบเสนอราคา,ไม่ต้องสำรวจเมื่อระยะและตำแหน่งชัดเจน
ELE-EMT-34,09 งานระบบไฟ,"งานเดินท่อ EMT ขนาด 3/4"" พร้อมข้อต่อและแคล้มป์",เมตร,250,Pricebook,"งานเดินท่อ EMT ขนาด 3/4"" พร้อมข้อต่อและแคล้มป์",,ตามเงื่อนไขใบเสนอราคา,ไม่ต้องสำรวจเมื่อระยะและตำแหน่งชัดเจน
ELE-GROUND-2.5,09 งานระบบไฟ,งานเดินสายดิน Yazaki THW 1x2.5 sq.mm,เมตร,80,Pricebook,งานเดินสายดิน Yazaki THW 1x2.5 sq.mm,,ตามเงื่อนไขใบเสนอราคา,ไม่ต้องสำรวจเมื่อระยะและตำแหน่งชัดเจน
ELE-GROUND-4,09 งานระบบไฟ,งานเดินสายดิน Yazaki THW 1x4 sq.mm,เมตร,120,Pricebook,งานเดินสายดิน Yazaki THW 1x4 sq.mm,,ตามเงื่อนไขใบเสนอราคา,ไม่ต้องสำรวจเมื่อระยะและตำแหน่งชัดเจน
ELE-YAZ-1.5,09 งานระบบไฟ,สายไฟ Yazaki 60227 IEC 02 THW (F) 1x1.5 sq.mm,เมตร,55,Pricebook,สายไฟ Yazaki 60227 IEC 02 THW (F) 1x1.5 sq.mm,,ตามเงื่อนไขวัสดุและงานติดตั้งใน QTN,ตรวจจำนวนและขนาดก่อนเสนอ
ELE-YAZ-2.5,09 งานระบบไฟ,สายไฟ Yazaki 60227 IEC 02 THW (F) 1x2.5 sq.mm,เมตร,80,Pricebook,สายไฟ Yazaki 60227 IEC 02 THW (F) 1x2.5 sq.mm,,ตามเงื่อนไขวัสดุและงานติดตั้งใน QTN,ตรวจจำนวนและขนาดก่อนเสนอ
ELE-YAZ-4,09 งานระบบไฟ,สายไฟ Yazaki 60227 IEC 02 THW (F) 1x4 sq.mm,เมตร,100,Pricebook,สายไฟ Yazaki 60227 IEC 02 THW (F) 1x4 sq.mm,,ตามเงื่อนไขวัสดุและงานติดตั้งใน QTN,ตรวจจำนวนและขนาดก่อนเสนอ
ELE-YAZ-6,09 งานระบบไฟ,สายไฟ Yazaki 60227 IEC 02 THW (F) 1x6 sq.mm,เมตร,150,Pricebook,สายไฟ Yazaki 60227 IEC 02 THW (F) 1x6 sq.mm,,ตามเงื่อนไขวัสดุและงานติดตั้งใน QTN,ตรวจจำนวนและขนาดก่อนเสนอ
ELE-YAZ-10,09 งานระบบไฟ,สายไฟ Yazaki 60227 IEC 02 THW (F) 1x10 sq.mm,เมตร,220,Pricebook,สายไฟ Yazaki 60227 IEC 02 THW (F) 1x10 sq.mm,,ตามเงื่อนไขวัสดุและงานติดตั้งใน QTN,ตรวจจำนวนและขนาดก่อนเสนอ
ELE-NANO-RCBO20,09 งานระบบไฟ,เซอร์กิตเบรกเกอร์ NANO RCBO 1P 6kA 20A 30mA รุ่น PLE31C,ตัว,950,Pricebook,เซอร์กิตเบรกเกอร์ NANO RCBO 1P 6kA 20A 30mA รุ่น PLE31C,,ตามเงื่อนไขวัสดุและงานติดตั้งใน QTN,ตรวจจำนวนและขนาดก่อนเสนอ
ELE-NANO-RCBO32,09 งานระบบไฟ,เซอร์กิตเบรกเกอร์ NANO RCBO 1P 6kA 32A 30mA รุ่น PLE31C,ตัว,950,Pricebook,เซอร์กิตเบรกเกอร์ NANO RCBO 1P 6kA 32A 30mA รุ่น PLE31C,,ตามเงื่อนไขวัสดุและงานติดตั้งใน QTN,ตรวจจำนวนและขนาดก่อนเสนอ
ELE-TIMER,09 งานระบบไฟ,Timer Switch 24 ชั่วโมง 16A พร้อมติดตั้ง,ชุด,,ประเมินหน้างาน,วัสดุและค่าแรงตามรายการที่ระบุ,ไม่รวมแก้ตู้ DB เดิม เพิ่มโหลดอาคาร งานกรีด/ฝัง และงานวิศวกรรมรับรอง เว้นระบุ,Warranty ตามอุปกรณ์และงานติดตั้ง,YES หากไม่ทราบโหลด/เฟส/แนวเดิน
ELE-DB,09 งานระบบไฟ,ตู้ไฟย่อยพร้อม RCBO และอุปกรณ์ป้องกัน,ชุด,,ประเมินหน้างาน,วัสดุและค่าแรงตามรายการที่ระบุ,ไม่รวมแก้ตู้ DB เดิม เพิ่มโหลดอาคาร งานกรีด/ฝัง และงานวิศวกรรมรับรอง เว้นระบุ,Warranty ตามอุปกรณ์และงานติดตั้ง,YES หากไม่ทราบโหลด/เฟส/แนวเดิน
ELE-PHASE,09 งานระบบไฟ,อุปกรณ์ป้องกันไฟตก ไฟเกิน และลำดับเฟส 3 เฟส,ชุด,2800,อัตราบริษัทในตารางซ่อม (rates.js),เท่ากับเปลี่ยน Phase Protector ในตารางซ่อม · วัสดุและค่าแรงตามรายการที่ระบุ,ไม่รวมแก้ตู้ DB เดิม เพิ่มโหลดอาคาร งานกรีด/ฝัง และงานวิศวกรรมรับรอง เว้นระบุ,Warranty ตามอุปกรณ์และงานติดตั้ง,YES หากไม่ทราบโหลด/เฟส/แนวเดิน
DRAIN-TRAP-34,10 ระบบน้ำทิ้งและอุปกรณ์,"ชุดกาลักน้ำทิ้ง PVC SCG ขนาด 3/4""",ชุด,700,Pricebook,"ชุดกาลักน้ำทิ้ง PVC SCG ขนาด 3/4""",,ตามเงื่อนไขใบเสนอราคา,ไม่ต้องสำรวจเมื่อระยะและตำแหน่งชัดเจน
DRAIN-TRAP-1,10 ระบบน้ำทิ้งและอุปกรณ์,"ชุดกาลักน้ำทิ้ง PVC SCG ขนาด 1""",ชุด,1000,Pricebook,"ชุดกาลักน้ำทิ้ง PVC SCG ขนาด 1""",,ตามเงื่อนไขใบเสนอราคา,ไม่ต้องสำรวจเมื่อระยะและตำแหน่งชัดเจน
DRAIN-PUMP-15,10 ระบบน้ำทิ้งและอุปกรณ์,ชุดปั๊มน้ำทิ้ง 12–15 ลิตร/ชั่วโมง พร้อมลูกลอย,ชุด,2500,Pricebook,ชุดปั๊มน้ำทิ้ง 12–15 ลิตร/ชั่วโมง พร้อมลูกลอย,,ตามเงื่อนไขใบเสนอราคา,ไม่ต้องสำรวจเมื่อระยะและตำแหน่งชัดเจน
MAT-SCG-DRAIN-34,10 ระบบน้ำทิ้งและอุปกรณ์,"ท่อ PVC SCG สีเทา ขนาด 3/4""",เมตร,80,Pricebook,"ท่อ PVC SCG สีเทา ขนาด 3/4""",,ตามเงื่อนไขวัสดุและงานติดตั้งใน QTN,ตรวจจำนวนและขนาดก่อนเสนอ
MAT-SCG-DRAIN-1,10 ระบบน้ำทิ้งและอุปกรณ์,"ท่อ PVC SCG ขนาด 1""",เมตร,120,Pricebook,"ท่อ PVC SCG ขนาด 1""",,ตามเงื่อนไขวัสดุและงานติดตั้งใน QTN,ตรวจจำนวนและขนาดก่อนเสนอ
FIRESTOP-4,10 ระบบน้ำทิ้งและอุปกรณ์,งานอุดช่องเปิด Fire Stop ขนาดไม่เกิน 4 นิ้ว,จุด,800,Pricebook,งานอุดช่องเปิด Fire Stop ขนาดไม่เกิน 4 นิ้ว,,ตามเงื่อนไขใบเสนอราคา,ไม่ต้องสำรวจเมื่อระยะและตำแหน่งชัดเจน
REF-EXIST,11 งานระบบสารทำความเย็น,ตรวจสภาพและทำความสะอาดท่อน้ำยาเดิม,ระบบ,,ประเมินหน้างาน,ตามขั้นตอนและค่าที่ระบุใน QTN/Method Statement,ไม่รวมซ่อมรั่ว เปลี่ยนท่อ หรือเติมเกินจากที่อนุมัติ,Warranty เฉพาะฝีมือในจุดที่ดำเนินการ,YES ยกเว้น Vacuum มาตรฐานในงานติดตั้งที่รวมไว้แล้ว
REF-OILTRAP,11 งานระบบสารทำความเย็น,ติดตั้ง Oil Trap สำหรับแนวท่อต่างระดับ,ชุด,,ประเมินหน้างาน,ตามขั้นตอนและค่าที่ระบุใน QTN/Method Statement,ไม่รวมซ่อมรั่ว เปลี่ยนท่อ หรือเติมเกินจากที่อนุมัติ,Warranty เฉพาะฝีมือในจุดที่ดำเนินการ,YES ยกเว้น Vacuum มาตรฐานในงานติดตั้งที่รวมไว้แล้ว
REF-BRANCH,11 งานระบบสารทำความเย็น,ติดตั้ง Refnet / Branch Joint / Header ระบบ VRF/VRV,ชุด,,ประเมินหน้างาน,ตามขั้นตอนและค่าที่ระบุใน QTN/Method Statement,ไม่รวมซ่อมรั่ว เปลี่ยนท่อ หรือเติมเกินจากที่อนุมัติ,Warranty เฉพาะฝีมือในจุดที่ดำเนินการ,YES ยกเว้น Vacuum มาตรฐานในงานติดตั้งที่รวมไว้แล้ว
REF-VAC,11 งานระบบสารทำความเย็น,ทำ Vacuum และทดสอบเดินเครื่อง,เครื่อง,2400,อัตราบริษัทในตารางซ่อม (rates.js),เท่ากับ Vacuum ระบบ / ไล่ความชื้น ในตารางซ่อม · ตามขั้นตอนและค่าที่ระบุใน QTN/Method Statement,ไม่รวมซ่อมรั่ว เปลี่ยนท่อ หรือเติมเกินจากที่อนุมัติ,Warranty เฉพาะฝีมือในจุดที่ดำเนินการ,YES ยกเว้น Vacuum มาตรฐานในงานติดตั้งที่รวมไว้แล้ว
REF-FLUSH,11 งานระบบสารทำความเย็น,ล้างระบบท่อน้ำยาเดิมด้วยน้ำยา Flushing,ระบบ,,ประเมินหน้างาน,ตามขั้นตอนและค่าที่ระบุใน QTN/Method Statement,ไม่รวมซ่อมรั่ว เปลี่ยนท่อ หรือเติมเกินจากที่อนุมัติ,Warranty เฉพาะฝีมือในจุดที่ดำเนินการ,YES ยกเว้น Vacuum มาตรฐานในงานติดตั้งที่รวมไว้แล้ว
REF-LEAK,11 งานระบบสารทำความเย็น,อัดไนโตรเจนตรวจรั่วระบบท่อน้ำยา,ระบบ,2200,อัตราบริษัทในตารางซ่อม (rates.js),เท่ากับตรวจรั่วด้วยไนโตรเจน ในตารางซ่อม · ตามขั้นตอนและค่าที่ระบุใน QTN/Method Statement,ไม่รวมซ่อมรั่ว เปลี่ยนท่อ หรือเติมเกินจากที่อนุมัติ,Warranty เฉพาะฝีมือในจุดที่ดำเนินการ,YES ยกเว้น Vacuum มาตรฐานในงานติดตั้งที่รวมไว้แล้ว
REF-PUMPDOWN,11 งานระบบสารทำความเย็น,เก็บสารทำความเย็นก่อนรื้อหรือย้ายเครื่อง,เครื่อง,500,ราคากลางตลาด 2569 (rates.js),เก็บน้ำยากลับคอยล์ร้อนโดยเครื่องอยู่ที่เดิม เช่น ก่อนรีโนเวทหรือทาสี (ถ้ารื้อเครื่อง รวมอยู่ในค่ารื้อแล้ว) · ตามขั้นตอนและค่าที่ระบุใน QTN/Method Statement,ไม่รวมซ่อมรั่ว เปลี่ยนท่อ หรือเติมเกินจากที่อนุมัติ,Warranty เฉพาะฝีมือในจุดที่ดำเนินการ,YES ยกเว้น Vacuum มาตรฐานในงานติดตั้งที่รวมไว้แล้ว
REF-R22,11 งานระบบสารทำความเย็น,เติมสารทำความเย็น R22,กิโลกรัม,3000,อัตราบริษัทในตารางซ่อม (rates.js),เท่ากับค่าเติม R22 ส่วนเกินต่อ kg ในตารางซ่อม · ตามขั้นตอนและค่าที่ระบุใน QTN/Method Statement,ไม่รวมซ่อมรั่ว เปลี่ยนท่อ หรือเติมเกินจากที่อนุมัติ,Warranty เฉพาะฝีมือในจุดที่ดำเนินการ,YES ยกเว้น Vacuum มาตรฐานในงานติดตั้งที่รวมไว้แล้ว
REF-R32,11 งานระบบสารทำความเย็น,เติมสารทำความเย็น R32,กิโลกรัม,2100,อัตราบริษัทในตารางซ่อม (rates.js),เท่ากับค่าเติม R32/R410A ส่วนเกินต่อ kg ในตารางซ่อม · ตามขั้นตอนและค่าที่ระบุใน QTN/Method Statement,ไม่รวมซ่อมรั่ว เปลี่ยนท่อ หรือเติมเกินจากที่อนุมัติ,Warranty เฉพาะฝีมือในจุดที่ดำเนินการ,YES ยกเว้น Vacuum มาตรฐานในงานติดตั้งที่รวมไว้แล้ว
REF-R410A,11 งานระบบสารทำความเย็น,เติมสารทำความเย็น R410A,กิโลกรัม,2100,อัตราบริษัทในตารางซ่อม (rates.js),เท่ากับค่าเติม R32/R410A ส่วนเกินต่อ kg ในตารางซ่อม · ตามขั้นตอนและค่าที่ระบุใน QTN/Method Statement,ไม่รวมซ่อมรั่ว เปลี่ยนท่อ หรือเติมเกินจากที่อนุมัติ,Warranty เฉพาะฝีมือในจุดที่ดำเนินการ,YES ยกเว้น Vacuum มาตรฐานในงานติดตั้งที่รวมไว้แล้ว
SUP-HANG,12 ฐานรองและกันสั่น,ชุด Rod / Anchor / Channel สำหรับแขวนเครื่อง,ชุด,,ประเมินหน้างาน,ตามน้ำหนักเครื่อง จุดยึด และแบบที่อนุมัติ,ไม่รวมวิศวกรรับรอง งานโครงสร้างหลัก หรือซ่อมกันซึมเดิม เว้นระบุ,Warranty เฉพาะงานที่บริษัทดำเนินการ,YES
SUP-SPRING,12 ฐานรองและกันสั่น,ชุด Spring Isolator ลดแรงสั่นสะเทือน,ชุด,,ประเมินหน้างาน,ตามน้ำหนักเครื่อง จุดยึด และแบบที่อนุมัติ,ไม่รวมวิศวกรรับรอง งานโครงสร้างหลัก หรือซ่อมกันซึมเดิม เว้นระบุ,Warranty เฉพาะงานที่บริษัทดำเนินการ,YES
SUP-STD,12 ฐานรองและกันสั่น,ชุดขาแขวน ฐานรอง และยางกันสั่น,ชุด,,ประเมินหน้างาน,ตามน้ำหนักเครื่อง จุดยึด และแบบที่อนุมัติ,ไม่รวมวิศวกรรับรอง งานโครงสร้างหลัก หรือซ่อมกันซึมเดิม เว้นระบุ,Warranty เฉพาะงานที่บริษัทดำเนินการ,YES
SUP-CONC,12 ฐานรองและกันสั่น,ฐานคอนกรีตพร้อม Anchor,ฐาน,,ประเมินหน้างาน,ตามน้ำหนักเครื่อง จุดยึด และแบบที่อนุมัติ,ไม่รวมวิศวกรรับรอง งานโครงสร้างหลัก หรือซ่อมกันซึมเดิม เว้นระบุ,Warranty เฉพาะงานที่บริษัทดำเนินการ,YES
SUP-ROOF,12 ฐานรองและกันสั่น,ฐานรองบนหลังคาพร้อมงานกันซึม,งาน,,ประเมินหน้างาน,ตามน้ำหนักเครื่อง จุดยึด และแบบที่อนุมัติ,ไม่รวมวิศวกรรับรอง งานโครงสร้างหลัก หรือซ่อมกันซึมเดิม เว้นระบุ,Warranty เฉพาะงานที่บริษัทดำเนินการ,YES
SUP-CUSTOM,12 ฐานรองและกันสั่น,ฐานเหล็กและ Support ผลิตตามขนาดเครื่อง,ชุด,,ประเมินหน้างาน,ตามน้ำหนักเครื่อง จุดยึด และแบบที่อนุมัติ,ไม่รวมวิศวกรรับรอง งานโครงสร้างหลัก หรือซ่อมกันซึมเดิม เว้นระบุ,Warranty เฉพาะงานที่บริษัทดำเนินการ,YES
DISPOSE,13 งานรื้อ ย้าย และขนย้าย,ขนย้ายเครื่องเดิมออกจากพื้นที่,เครื่อง,500,ราคากลางตลาด 2569 (rates.js),"ขนเครื่องเดิมออกจากพื้นที่ต่อเครื่อง (m: ค่าขนย้าย/ค่ารถ 300–1,000) · ตามรายการรื้อ/ย้าย/ติดตั้งกลับและ Commissioning ที่ระบุ",ไม่รวมซ่อมตัวเครื่อง ท่อใหม่ อะไหล่ งานโยธา อุปกรณ์ยก และขนทิ้ง เว้นระบุ,ตาม QTN; เครื่องเดิม/อะไหล่เดิมไม่อยู่ใน Warranty,YES
CUSTOMER_UNIT,13 งานรื้อ ย้าย และขนย้าย,ติดตั้งเครื่องที่ลูกค้าจัดหา,เครื่อง,,ประเมินหน้างาน,ตามรายการรื้อ/ย้าย/ติดตั้งกลับและ Commissioning ที่ระบุ,ไม่รวมซ่อมตัวเครื่อง ท่อใหม่ อะไหล่ งานโยธา อุปกรณ์ยก และขนทิ้ง เว้นระบุ,รับประกันงานติดตั้ง 1 ปีสำหรับเครื่องลูกค้าจัดหา/เครื่องมือสอง; เครื่องและอะไหล่ไม่อยู่ใน Warranty บริษัท,YES
DEMOLISH,13 งานรื้อ ย้าย และขนย้าย,รื้อท่อน้ำยา สายไฟ ท่อน้ำทิ้ง ราง และ Support,เมตร,,ประเมินหน้างาน,ตามรายการรื้อ/ย้าย/ติดตั้งกลับและ Commissioning ที่ระบุ,ไม่รวมซ่อมตัวเครื่อง ท่อใหม่ อะไหล่ งานโยธา อุปกรณ์ยก และขนทิ้ง เว้นระบุ,ตาม QTN; เครื่องเดิม/อะไหล่เดิมไม่อยู่ใน Warranty,YES
MOVE-W-9000-12000,13 งานรื้อ ย้าย และขนย้าย,"ย้ายแอร์ติดผนัง 9,000–12,000 BTU (รื้อ + ติดตั้งมาตรฐานจุดใหม่)",เครื่อง,4800,รื้อ + ติดตั้งมาตรฐาน (rates.js),"รื้อเครื่องเดิม (฿1,000: รวมเก็บน้ำยากลับคอยล์ร้อน ปลดท่อ ปิดปลายท่อ และยกเครื่องลง) + ติดตั้งมาตรฐานจุดใหม่ (฿3,800: ท่อน้ำยาและวัสดุ 4 เมตรแรก Vacuum ทดสอบเดินเครื่อง) ในสถานที่เดียวกัน",ไม่รวมท่อส่วนเกิน 4 เมตร ซ่อมตัวเครื่อง อะไหล่ งานสูงเกิน 3 ม. ซ่อมผนังจุดเดิม และขนย้ายข้ามสถานที่ (คิดค่าเดินทางตามระยะ),รับประกันงานติดตั้ง 1 ปี (เครื่องเดิมของลูกค้า) · ตัวเครื่องและอะไหล่เดิมไม่อยู่ในประกัน,NO
MOVE-W-13000-18000,13 งานรื้อ ย้าย และขนย้าย,"ย้ายแอร์ติดผนัง 13,000–18,000 BTU (รื้อ + ติดตั้งมาตรฐานจุดใหม่)",เครื่อง,5500,รื้อ + ติดตั้งมาตรฐาน (rates.js),"รื้อเครื่องเดิม (฿1,000: รวมเก็บน้ำยากลับคอยล์ร้อน ปลดท่อ ปิดปลายท่อ และยกเครื่องลง) + ติดตั้งมาตรฐานจุดใหม่ (฿4,500: ท่อน้ำยาและวัสดุ 4 เมตรแรก Vacuum ทดสอบเดินเครื่อง) ในสถานที่เดียวกัน",ไม่รวมท่อส่วนเกิน 4 เมตร ซ่อมตัวเครื่อง อะไหล่ งานสูงเกิน 3 ม. ซ่อมผนังจุดเดิม และขนย้ายข้ามสถานที่ (คิดค่าเดินทางตามระยะ),รับประกันงานติดตั้ง 1 ปี (เครื่องเดิมของลูกค้า) · ตัวเครื่องและอะไหล่เดิมไม่อยู่ในประกัน,NO
MOVE-W-19000-24000,13 งานรื้อ ย้าย และขนย้าย,"ย้ายแอร์ติดผนัง 19,000–24,000 BTU (รื้อ + ติดตั้งมาตรฐานจุดใหม่)",เครื่อง,6200,รื้อ + ติดตั้งมาตรฐาน (rates.js),"รื้อเครื่องเดิม (฿1,000: รวมเก็บน้ำยากลับคอยล์ร้อน ปลดท่อ ปิดปลายท่อ และยกเครื่องลง) + ติดตั้งมาตรฐานจุดใหม่ (฿5,200: ท่อน้ำยาและวัสดุ 4 เมตรแรก Vacuum ทดสอบเดินเครื่อง) ในสถานที่เดียวกัน",ไม่รวมท่อส่วนเกิน 4 เมตร ซ่อมตัวเครื่อง อะไหล่ งานสูงเกิน 3 ม. ซ่อมผนังจุดเดิม และขนย้ายข้ามสถานที่ (คิดค่าเดินทางตามระยะ),รับประกันงานติดตั้ง 1 ปี (เครื่องเดิมของลูกค้า) · ตัวเครื่องและอะไหล่เดิมไม่อยู่ในประกัน,NO
MOVE-W-25000-30000,13 งานรื้อ ย้าย และขนย้าย,"ย้ายแอร์ติดผนัง 25,000–30,000 BTU (รื้อ + ติดตั้งมาตรฐานจุดใหม่)",เครื่อง,7000,รื้อ + ติดตั้งมาตรฐาน (rates.js),"รื้อเครื่องเดิม (฿1,000: รวมเก็บน้ำยากลับคอยล์ร้อน ปลดท่อ ปิดปลายท่อ และยกเครื่องลง) + ติดตั้งมาตรฐานจุดใหม่ (฿6,000: ท่อน้ำยาและวัสดุ 4 เมตรแรก Vacuum ทดสอบเดินเครื่อง) ในสถานที่เดียวกัน",ไม่รวมท่อส่วนเกิน 4 เมตร ซ่อมตัวเครื่อง อะไหล่ งานสูงเกิน 3 ม. ซ่อมผนังจุดเดิม และขนย้ายข้ามสถานที่ (คิดค่าเดินทางตามระยะ),รับประกันงานติดตั้ง 1 ปี (เครื่องเดิมของลูกค้า) · ตัวเครื่องและอะไหล่เดิมไม่อยู่ในประกัน,NO
MOVE-W-31000-36000,13 งานรื้อ ย้าย และขนย้าย,"ย้ายแอร์ติดผนัง 31,000–36,000 BTU (รื้อ + ติดตั้งมาตรฐานจุดใหม่)",เครื่อง,7500,รื้อ + ติดตั้งมาตรฐาน (rates.js),"รื้อเครื่องเดิม (฿1,000: รวมเก็บน้ำยากลับคอยล์ร้อน ปลดท่อ ปิดปลายท่อ และยกเครื่องลง) + ติดตั้งมาตรฐานจุดใหม่ (฿6,500: ท่อน้ำยาและวัสดุ 4 เมตรแรก Vacuum ทดสอบเดินเครื่อง) ในสถานที่เดียวกัน",ไม่รวมท่อส่วนเกิน 4 เมตร ซ่อมตัวเครื่อง อะไหล่ งานสูงเกิน 3 ม. ซ่อมผนังจุดเดิม และขนย้ายข้ามสถานที่ (คิดค่าเดินทางตามระยะ),รับประกันงานติดตั้ง 1 ปี (เครื่องเดิมของลูกค้า) · ตัวเครื่องและอะไหล่เดิมไม่อยู่ในประกัน,NO
MOVE-W-37000-48000,13 งานรื้อ ย้าย และขนย้าย,"ย้ายแอร์ติดผนัง 37,000–48,000 BTU (รื้อ + ติดตั้งมาตรฐานจุดใหม่)",เครื่อง,8800,รื้อ + ติดตั้งมาตรฐาน (rates.js),"รื้อเครื่องเดิม (฿1,000: รวมเก็บน้ำยากลับคอยล์ร้อน ปลดท่อ ปิดปลายท่อ และยกเครื่องลง) + ติดตั้งมาตรฐานจุดใหม่ (฿7,800: ท่อน้ำยาและวัสดุ 4 เมตรแรก Vacuum ทดสอบเดินเครื่อง) ในสถานที่เดียวกัน",ไม่รวมท่อส่วนเกิน 4 เมตร ซ่อมตัวเครื่อง อะไหล่ งานสูงเกิน 3 ม. ซ่อมผนังจุดเดิม และขนย้ายข้ามสถานที่ (คิดค่าเดินทางตามระยะ),รับประกันงานติดตั้ง 1 ปี (เครื่องเดิมของลูกค้า) · ตัวเครื่องและอะไหล่เดิมไม่อยู่ในประกัน,NO
MOVE-W-49000-60000,13 งานรื้อ ย้าย และขนย้าย,"ย้ายแอร์ติดผนัง 49,000–60,000 BTU (รื้อ + ติดตั้งมาตรฐานจุดใหม่)",เครื่อง,10000,รื้อ + ติดตั้งมาตรฐาน (rates.js),"รื้อเครื่องเดิม (฿1,000: รวมเก็บน้ำยากลับคอยล์ร้อน ปลดท่อ ปิดปลายท่อ และยกเครื่องลง) + ติดตั้งมาตรฐานจุดใหม่ (฿9,000: ท่อน้ำยาและวัสดุ 4 เมตรแรก Vacuum ทดสอบเดินเครื่อง) ในสถานที่เดียวกัน",ไม่รวมท่อส่วนเกิน 4 เมตร ซ่อมตัวเครื่อง อะไหล่ งานสูงเกิน 3 ม. ซ่อมผนังจุดเดิม และขนย้ายข้ามสถานที่ (คิดค่าเดินทางตามระยะ),รับประกันงานติดตั้ง 1 ปี (เครื่องเดิมของลูกค้า) · ตัวเครื่องและอะไหล่เดิมไม่อยู่ในประกัน,NO
MOVE-C-9000-17000,13 งานรื้อ ย้าย และขนย้าย,"ย้ายแอร์แขวนใต้ฝ้า 9,000–17,000 BTU (รื้อ + ติดตั้งมาตรฐานจุดใหม่)",เครื่อง,8300,รื้อ + ติดตั้งมาตรฐาน (rates.js),"รื้อเครื่องเดิม (฿1,800: รวมเก็บน้ำยากลับคอยล์ร้อน ปลดท่อ ปิดปลายท่อ และยกเครื่องลง) + ติดตั้งมาตรฐานจุดใหม่ (฿6,500: ท่อน้ำยาและวัสดุ 4 เมตรแรก Vacuum ทดสอบเดินเครื่อง) ในสถานที่เดียวกัน",ไม่รวมท่อส่วนเกิน 4 เมตร ซ่อมตัวเครื่อง อะไหล่ งานสูงเกิน 3 ม. ซ่อมผนังจุดเดิม และขนย้ายข้ามสถานที่ (คิดค่าเดินทางตามระยะ),รับประกันงานติดตั้ง 1 ปี (เครื่องเดิมของลูกค้า) · ตัวเครื่องและอะไหล่เดิมไม่อยู่ในประกัน,NO
MOVE-C-18000-24000,13 งานรื้อ ย้าย และขนย้าย,"ย้ายแอร์แขวนใต้ฝ้า 18,000–24,000 BTU (รื้อ + ติดตั้งมาตรฐานจุดใหม่)",เครื่อง,8800,รื้อ + ติดตั้งมาตรฐาน (rates.js),"รื้อเครื่องเดิม (฿1,800: รวมเก็บน้ำยากลับคอยล์ร้อน ปลดท่อ ปิดปลายท่อ และยกเครื่องลง) + ติดตั้งมาตรฐานจุดใหม่ (฿7,000: ท่อน้ำยาและวัสดุ 4 เมตรแรก Vacuum ทดสอบเดินเครื่อง) ในสถานที่เดียวกัน",ไม่รวมท่อส่วนเกิน 4 เมตร ซ่อมตัวเครื่อง อะไหล่ งานสูงเกิน 3 ม. ซ่อมผนังจุดเดิม และขนย้ายข้ามสถานที่ (คิดค่าเดินทางตามระยะ),รับประกันงานติดตั้ง 1 ปี (เครื่องเดิมของลูกค้า) · ตัวเครื่องและอะไหล่เดิมไม่อยู่ในประกัน,NO
MOVE-C-25000-30000,13 งานรื้อ ย้าย และขนย้าย,"ย้ายแอร์แขวนใต้ฝ้า 25,000–30,000 BTU (รื้อ + ติดตั้งมาตรฐานจุดใหม่)",เครื่อง,9300,รื้อ + ติดตั้งมาตรฐาน (rates.js),"รื้อเครื่องเดิม (฿1,800: รวมเก็บน้ำยากลับคอยล์ร้อน ปลดท่อ ปิดปลายท่อ และยกเครื่องลง) + ติดตั้งมาตรฐานจุดใหม่ (฿7,500: ท่อน้ำยาและวัสดุ 4 เมตรแรก Vacuum ทดสอบเดินเครื่อง) ในสถานที่เดียวกัน",ไม่รวมท่อส่วนเกิน 4 เมตร ซ่อมตัวเครื่อง อะไหล่ งานสูงเกิน 3 ม. ซ่อมผนังจุดเดิม และขนย้ายข้ามสถานที่ (คิดค่าเดินทางตามระยะ),รับประกันงานติดตั้ง 1 ปี (เครื่องเดิมของลูกค้า) · ตัวเครื่องและอะไหล่เดิมไม่อยู่ในประกัน,NO
MOVE-C-31000-36000,13 งานรื้อ ย้าย และขนย้าย,"ย้ายแอร์แขวนใต้ฝ้า 31,000–36,000 BTU (รื้อ + ติดตั้งมาตรฐานจุดใหม่)",เครื่อง,10300,รื้อ + ติดตั้งมาตรฐาน (rates.js),"รื้อเครื่องเดิม (฿1,800: รวมเก็บน้ำยากลับคอยล์ร้อน ปลดท่อ ปิดปลายท่อ และยกเครื่องลง) + ติดตั้งมาตรฐานจุดใหม่ (฿8,500: ท่อน้ำยาและวัสดุ 4 เมตรแรก Vacuum ทดสอบเดินเครื่อง) ในสถานที่เดียวกัน",ไม่รวมท่อส่วนเกิน 4 เมตร ซ่อมตัวเครื่อง อะไหล่ งานสูงเกิน 3 ม. ซ่อมผนังจุดเดิม และขนย้ายข้ามสถานที่ (คิดค่าเดินทางตามระยะ),รับประกันงานติดตั้ง 1 ปี (เครื่องเดิมของลูกค้า) · ตัวเครื่องและอะไหล่เดิมไม่อยู่ในประกัน,NO
MOVE-C-37000-48000,13 งานรื้อ ย้าย และขนย้าย,"ย้ายแอร์แขวนใต้ฝ้า 37,000–48,000 BTU (รื้อ + ติดตั้งมาตรฐานจุดใหม่)",เครื่อง,11800,รื้อ + ติดตั้งมาตรฐาน (rates.js),"รื้อเครื่องเดิม (฿1,800: รวมเก็บน้ำยากลับคอยล์ร้อน ปลดท่อ ปิดปลายท่อ และยกเครื่องลง) + ติดตั้งมาตรฐานจุดใหม่ (฿10,000: ท่อน้ำยาและวัสดุ 4 เมตรแรก Vacuum ทดสอบเดินเครื่อง) ในสถานที่เดียวกัน",ไม่รวมท่อส่วนเกิน 4 เมตร ซ่อมตัวเครื่อง อะไหล่ งานสูงเกิน 3 ม. ซ่อมผนังจุดเดิม และขนย้ายข้ามสถานที่ (คิดค่าเดินทางตามระยะ),รับประกันงานติดตั้ง 1 ปี (เครื่องเดิมของลูกค้า) · ตัวเครื่องและอะไหล่เดิมไม่อยู่ในประกัน,NO
MOVE-C-49000-60000,13 งานรื้อ ย้าย และขนย้าย,"ย้ายแอร์แขวนใต้ฝ้า 49,000–60,000 BTU (รื้อ + ติดตั้งมาตรฐานจุดใหม่)",เครื่อง,13800,รื้อ + ติดตั้งมาตรฐาน (rates.js),"รื้อเครื่องเดิม (฿1,800: รวมเก็บน้ำยากลับคอยล์ร้อน ปลดท่อ ปิดปลายท่อ และยกเครื่องลง) + ติดตั้งมาตรฐานจุดใหม่ (฿12,000: ท่อน้ำยาและวัสดุ 4 เมตรแรก Vacuum ทดสอบเดินเครื่อง) ในสถานที่เดียวกัน",ไม่รวมท่อส่วนเกิน 4 เมตร ซ่อมตัวเครื่อง อะไหล่ งานสูงเกิน 3 ม. ซ่อมผนังจุดเดิม และขนย้ายข้ามสถานที่ (คิดค่าเดินทางตามระยะ),รับประกันงานติดตั้ง 1 ปี (เครื่องเดิมของลูกค้า) · ตัวเครื่องและอะไหล่เดิมไม่อยู่ในประกัน,NO
MOVE-K-9000-17000,13 งานรื้อ ย้าย และขนย้าย,"ย้ายแอร์สี่ทิศทาง 9,000–17,000 BTU (รื้อ + ติดตั้งมาตรฐานจุดใหม่)",เครื่อง,10000,รื้อ + ติดตั้งมาตรฐาน (rates.js),"รื้อเครื่องเดิม (฿2,500: รวมเก็บน้ำยา ถอดหน้ากาก ปลดท่อและท่อน้ำทิ้ง ยกเครื่องลงจากฝ้า (ไม่รวมงานซ่อมฝ้า)) + ติดตั้งมาตรฐานจุดใหม่ (฿7,500: ท่อน้ำยาและวัสดุ 4 เมตรแรก Vacuum ทดสอบเดินเครื่อง) ในสถานที่เดียวกัน",ไม่รวมท่อส่วนเกิน 4 เมตร ซ่อมตัวเครื่อง อะไหล่ งานสูงเกิน 3 ม. ซ่อมผนังจุดเดิม และขนย้ายข้ามสถานที่ (คิดค่าเดินทางตามระยะ),รับประกันงานติดตั้ง 1 ปี (เครื่องเดิมของลูกค้า) · ตัวเครื่องและอะไหล่เดิมไม่อยู่ในประกัน,NO
MOVE-K-18000-24000,13 งานรื้อ ย้าย และขนย้าย,"ย้ายแอร์สี่ทิศทาง 18,000–24,000 BTU (รื้อ + ติดตั้งมาตรฐานจุดใหม่)",เครื่อง,11000,รื้อ + ติดตั้งมาตรฐาน (rates.js),"รื้อเครื่องเดิม (฿2,500: รวมเก็บน้ำยา ถอดหน้ากาก ปลดท่อและท่อน้ำทิ้ง ยกเครื่องลงจากฝ้า (ไม่รวมงานซ่อมฝ้า)) + ติดตั้งมาตรฐานจุดใหม่ (฿8,500: ท่อน้ำยาและวัสดุ 4 เมตรแรก Vacuum ทดสอบเดินเครื่อง) ในสถานที่เดียวกัน",ไม่รวมท่อส่วนเกิน 4 เมตร ซ่อมตัวเครื่อง อะไหล่ งานสูงเกิน 3 ม. ซ่อมผนังจุดเดิม และขนย้ายข้ามสถานที่ (คิดค่าเดินทางตามระยะ),รับประกันงานติดตั้ง 1 ปี (เครื่องเดิมของลูกค้า) · ตัวเครื่องและอะไหล่เดิมไม่อยู่ในประกัน,NO
MOVE-K-25000-30000,13 งานรื้อ ย้าย และขนย้าย,"ย้ายแอร์สี่ทิศทาง 25,000–30,000 BTU (รื้อ + ติดตั้งมาตรฐานจุดใหม่)",เครื่อง,12000,รื้อ + ติดตั้งมาตรฐาน (rates.js),"รื้อเครื่องเดิม (฿2,500: รวมเก็บน้ำยา ถอดหน้ากาก ปลดท่อและท่อน้ำทิ้ง ยกเครื่องลงจากฝ้า (ไม่รวมงานซ่อมฝ้า)) + ติดตั้งมาตรฐานจุดใหม่ (฿9,500: ท่อน้ำยาและวัสดุ 4 เมตรแรก Vacuum ทดสอบเดินเครื่อง) ในสถานที่เดียวกัน",ไม่รวมท่อส่วนเกิน 4 เมตร ซ่อมตัวเครื่อง อะไหล่ งานสูงเกิน 3 ม. ซ่อมผนังจุดเดิม และขนย้ายข้ามสถานที่ (คิดค่าเดินทางตามระยะ),รับประกันงานติดตั้ง 1 ปี (เครื่องเดิมของลูกค้า) · ตัวเครื่องและอะไหล่เดิมไม่อยู่ในประกัน,NO
MOVE-K-31000-36000,13 งานรื้อ ย้าย และขนย้าย,"ย้ายแอร์สี่ทิศทาง 31,000–36,000 BTU (รื้อ + ติดตั้งมาตรฐานจุดใหม่)",เครื่อง,13000,รื้อ + ติดตั้งมาตรฐาน (rates.js),"รื้อเครื่องเดิม (฿2,500: รวมเก็บน้ำยา ถอดหน้ากาก ปลดท่อและท่อน้ำทิ้ง ยกเครื่องลงจากฝ้า (ไม่รวมงานซ่อมฝ้า)) + ติดตั้งมาตรฐานจุดใหม่ (฿10,500: ท่อน้ำยาและวัสดุ 4 เมตรแรก Vacuum ทดสอบเดินเครื่อง) ในสถานที่เดียวกัน",ไม่รวมท่อส่วนเกิน 4 เมตร ซ่อมตัวเครื่อง อะไหล่ งานสูงเกิน 3 ม. ซ่อมผนังจุดเดิม และขนย้ายข้ามสถานที่ (คิดค่าเดินทางตามระยะ),รับประกันงานติดตั้ง 1 ปี (เครื่องเดิมของลูกค้า) · ตัวเครื่องและอะไหล่เดิมไม่อยู่ในประกัน,NO
MOVE-K-37000-48000,13 งานรื้อ ย้าย และขนย้าย,"ย้ายแอร์สี่ทิศทาง 37,000–48,000 BTU (รื้อ + ติดตั้งมาตรฐานจุดใหม่)",เครื่อง,15000,รื้อ + ติดตั้งมาตรฐาน (rates.js),"รื้อเครื่องเดิม (฿2,500: รวมเก็บน้ำยา ถอดหน้ากาก ปลดท่อและท่อน้ำทิ้ง ยกเครื่องลงจากฝ้า (ไม่รวมงานซ่อมฝ้า)) + ติดตั้งมาตรฐานจุดใหม่ (฿12,500: ท่อน้ำยาและวัสดุ 4 เมตรแรก Vacuum ทดสอบเดินเครื่อง) ในสถานที่เดียวกัน",ไม่รวมท่อส่วนเกิน 4 เมตร ซ่อมตัวเครื่อง อะไหล่ งานสูงเกิน 3 ม. ซ่อมผนังจุดเดิม และขนย้ายข้ามสถานที่ (คิดค่าเดินทางตามระยะ),รับประกันงานติดตั้ง 1 ปี (เครื่องเดิมของลูกค้า) · ตัวเครื่องและอะไหล่เดิมไม่อยู่ในประกัน,NO
MOVE-K-49000-60000,13 งานรื้อ ย้าย และขนย้าย,"ย้ายแอร์สี่ทิศทาง 49,000–60,000 BTU (รื้อ + ติดตั้งมาตรฐานจุดใหม่)",เครื่อง,17000,รื้อ + ติดตั้งมาตรฐาน (rates.js),"รื้อเครื่องเดิม (฿2,500: รวมเก็บน้ำยา ถอดหน้ากาก ปลดท่อและท่อน้ำทิ้ง ยกเครื่องลงจากฝ้า (ไม่รวมงานซ่อมฝ้า)) + ติดตั้งมาตรฐานจุดใหม่ (฿14,500: ท่อน้ำยาและวัสดุ 4 เมตรแรก Vacuum ทดสอบเดินเครื่อง) ในสถานที่เดียวกัน",ไม่รวมท่อส่วนเกิน 4 เมตร ซ่อมตัวเครื่อง อะไหล่ งานสูงเกิน 3 ม. ซ่อมผนังจุดเดิม และขนย้ายข้ามสถานที่ (คิดค่าเดินทางตามระยะ),รับประกันงานติดตั้ง 1 ปี (เครื่องเดิมของลูกค้า) · ตัวเครื่องและอะไหล่เดิมไม่อยู่ในประกัน,NO
MOVE-FS-36000-48000,13 งานรื้อ ย้าย และขนย้าย,"ย้ายแอร์ตู้ตั้งพื้น 36,000–48,000 BTU (รื้อ + ติดตั้งมาตรฐานจุดใหม่)",เครื่อง,13000,รื้อ + ติดตั้งมาตรฐาน (rates.js),"รื้อเครื่องเดิม (฿2,000: รวมเก็บน้ำยากลับคอยล์ร้อน ปลดท่อ ปิดปลายท่อ) + ติดตั้งมาตรฐานจุดใหม่ (฿11,000: ท่อน้ำยาและวัสดุ 4 เมตรแรก Vacuum ทดสอบเดินเครื่อง) ในสถานที่เดียวกัน",ไม่รวมท่อส่วนเกิน 4 เมตร ซ่อมตัวเครื่อง อะไหล่ งานสูงเกิน 3 ม. ซ่อมผนังจุดเดิม และขนย้ายข้ามสถานที่ (คิดค่าเดินทางตามระยะ),รับประกันงานติดตั้ง 1 ปี (เครื่องเดิมของลูกค้า) · ตัวเครื่องและอะไหล่เดิมไม่อยู่ในประกัน,NO
MOVE-FS-49000-60000,13 งานรื้อ ย้าย และขนย้าย,"ย้ายแอร์ตู้ตั้งพื้น 49,000–60,000 BTU (รื้อ + ติดตั้งมาตรฐานจุดใหม่)",เครื่อง,15000,รื้อ + ติดตั้งมาตรฐาน (rates.js),"รื้อเครื่องเดิม (฿2,000: รวมเก็บน้ำยากลับคอยล์ร้อน ปลดท่อ ปิดปลายท่อ) + ติดตั้งมาตรฐานจุดใหม่ (฿13,000: ท่อน้ำยาและวัสดุ 4 เมตรแรก Vacuum ทดสอบเดินเครื่อง) ในสถานที่เดียวกัน",ไม่รวมท่อส่วนเกิน 4 เมตร ซ่อมตัวเครื่อง อะไหล่ งานสูงเกิน 3 ม. ซ่อมผนังจุดเดิม และขนย้ายข้ามสถานที่ (คิดค่าเดินทางตามระยะ),รับประกันงานติดตั้ง 1 ปี (เครื่องเดิมของลูกค้า) · ตัวเครื่องและอะไหล่เดิมไม่อยู่ในประกัน,NO
REPLACE,13 งานรื้อ ย้าย และขนย้าย,รื้อเครื่องเดิมและติดตั้งเครื่องใหม่,เครื่อง,,ประเมินหน้างาน,ตามรายการรื้อ/ย้าย/ติดตั้งกลับและ Commissioning ที่ระบุ,ไม่รวมซ่อมตัวเครื่อง ท่อใหม่ อะไหล่ งานโยธา อุปกรณ์ยก และขนทิ้ง เว้นระบุ,ตาม QTN; เครื่องเดิม/อะไหล่เดิมไม่อยู่ใน Warranty,YES
REM-K,13 งานรื้อ ย้าย และขนย้าย,รื้อแอร์ 4 ทิศทาง,เครื่อง,2500,ราคากลางตลาด 2569 (rates.js),รวมเก็บน้ำยา ถอดหน้ากาก ปลดท่อและท่อน้ำทิ้ง ยกเครื่องลงจากฝ้า (ไม่รวมงานซ่อมฝ้า) · ตามรายการรื้อ/ย้าย/ติดตั้งกลับและ Commissioning ที่ระบุ,ไม่รวมซ่อมตัวเครื่อง ท่อใหม่ อะไหล่ งานโยธา อุปกรณ์ยก และขนทิ้ง เว้นระบุ,ตาม QTN; เครื่องเดิม/อะไหล่เดิมไม่อยู่ใน Warranty,YES
REM-DUCT,13 งานรื้อ ย้าย และขนย้าย,รื้อแอร์ซ่อนในฝ้าและจุดต่อท่อลม,เครื่อง,,ประเมินหน้างาน,ตามรายการรื้อ/ย้าย/ติดตั้งกลับและ Commissioning ที่ระบุ,ไม่รวมซ่อมตัวเครื่อง ท่อใหม่ อะไหล่ งานโยธา อุปกรณ์ยก และขนทิ้ง เว้นระบุ,ตาม QTN; เครื่องเดิม/อะไหล่เดิมไม่อยู่ใน Warranty,YES
REM-W,13 งานรื้อ ย้าย และขนย้าย,รื้อแอร์ติดผนัง,เครื่อง,1000,ราคากลางตลาด 2569 (rates.js),รวมเก็บน้ำยากลับคอยล์ร้อน ปลดท่อ ปิดปลายท่อ และยกเครื่องลง · ตามรายการรื้อ/ย้าย/ติดตั้งกลับและ Commissioning ที่ระบุ,ไม่รวมซ่อมตัวเครื่อง ท่อใหม่ อะไหล่ งานโยธา อุปกรณ์ยก และขนทิ้ง เว้นระบุ,ตาม QTN; เครื่องเดิม/อะไหล่เดิมไม่อยู่ใน Warranty,YES
REM-FS,13 งานรื้อ ย้าย และขนย้าย,รื้อแอร์ตู้ตั้งพื้น,เครื่อง,2000,ราคากลางตลาด 2569 (rates.js),รวมเก็บน้ำยากลับคอยล์ร้อน ปลดท่อ ปิดปลายท่อ · ตามรายการรื้อ/ย้าย/ติดตั้งกลับและ Commissioning ที่ระบุ,ไม่รวมซ่อมตัวเครื่อง ท่อใหม่ อะไหล่ งานโยธา อุปกรณ์ยก และขนทิ้ง เว้นระบุ,ตาม QTN; เครื่องเดิม/อะไหล่เดิมไม่อยู่ใน Warranty,YES
REM-C,13 งานรื้อ ย้าย และขนย้าย,รื้อแอร์แขวนใต้ฝ้าหรือแอร์ตั้งพื้น,เครื่อง,1800,ราคากลางตลาด 2569 (rates.js),รวมเก็บน้ำยากลับคอยล์ร้อน ปลดท่อ ปิดปลายท่อ และยกเครื่องลง · ตามรายการรื้อ/ย้าย/ติดตั้งกลับและ Commissioning ที่ระบุ,ไม่รวมซ่อมตัวเครื่อง ท่อใหม่ อะไหล่ งานโยธา อุปกรณ์ยก และขนทิ้ง เว้นระบุ,ตาม QTN; เครื่องเดิม/อะไหล่เดิมไม่อยู่ใน Warranty,YES
ACC-HEIGHT,14 งานสูงและอุปกรณ์ยก,ค่าแรงงานสูงและอุปกรณ์ความปลอดภัย,งาน,,ประเมินหน้างาน,ตามอุปกรณ์ เวลา และผู้ควบคุมที่ระบุ,ไม่รวมค่าพื้นที่จอด การปิดถนน ใบอนุญาตพิเศษ และ OT เว้นระบุ,ตามผู้ให้เช่า/ผู้รับเหมาช่วง; ไม่รวม Warranty เครื่องปรับอากาศ,YES
ACC-PERMIT,14 งานสูงและอุปกรณ์ยก,งานประสาน Permit และควบคุมพื้นที่,งาน,,ประเมินหน้างาน,ตามอุปกรณ์ เวลา และผู้ควบคุมที่ระบุ,ไม่รวมค่าพื้นที่จอด การปิดถนน ใบอนุญาตพิเศษ และ OT เว้นระบุ,ตามผู้ให้เช่า/ผู้รับเหมาช่วง; ไม่รวม Warranty เครื่องปรับอากาศ,YES
ACC-ROPE,14 งานสูงและอุปกรณ์ยก,ทีมโรยตัวพร้อมอุปกรณ์ความปลอดภัย,งาน,,ประเมินหน้างาน,ตามอุปกรณ์ เวลา และผู้ควบคุมที่ระบุ,ไม่รวมค่าพื้นที่จอด การปิดถนน ใบอนุญาตพิเศษ และ OT เว้นระบุ,ตามผู้ให้เช่า/ผู้รับเหมาช่วง; ไม่รวม Warranty เครื่องปรับอากาศ,YES
ACC-SCAFF,14 งานสูงและอุปกรณ์ยก,นั่งร้านพร้อมติดตั้งและรื้อถอน,งาน,,ประเมินหน้างาน,ตามอุปกรณ์ เวลา และผู้ควบคุมที่ระบุ,ไม่รวมค่าพื้นที่จอด การปิดถนน ใบอนุญาตพิเศษ และ OT เว้นระบุ,ตามผู้ให้เช่า/ผู้รับเหมาช่วง; ไม่รวม Warranty เครื่องปรับอากาศ,YES
ACC-BOOM,14 งานสูงและอุปกรณ์ยก,รถกระเช้า Boom Lift,วัน,,ประเมินหน้างาน,ตามอุปกรณ์ เวลา และผู้ควบคุมที่ระบุ,ไม่รวมค่าพื้นที่จอด การปิดถนน ใบอนุญาตพิเศษ และ OT เว้นระบุ,ตามผู้ให้เช่า/ผู้รับเหมาช่วง; ไม่รวม Warranty เครื่องปรับอากาศ,YES
ACC-SCISSOR,14 งานสูงและอุปกรณ์ยก,รถกระเช้า Scissor Lift,วัน,,ประเมินหน้างาน,ตามอุปกรณ์ เวลา และผู้ควบคุมที่ระบุ,ไม่รวมค่าพื้นที่จอด การปิดถนน ใบอนุญาตพิเศษ และ OT เว้นระบุ,ตามผู้ให้เช่า/ผู้รับเหมาช่วง; ไม่รวม Warranty เครื่องปรับอากาศ,YES
ACC-CRANE,14 งานสูงและอุปกรณ์ยก,รถเครนยกเครื่องปรับอากาศ,วัน,,ประเมินหน้างาน,ตามอุปกรณ์ เวลา และผู้ควบคุมที่ระบุ,ไม่รวมค่าพื้นที่จอด การปิดถนน ใบอนุญาตพิเศษ และ OT เว้นระบุ,ตามผู้ให้เช่า/ผู้รับเหมาช่วง; ไม่รวม Warranty เครื่องปรับอากาศ,YES
ACC-HOIST,14 งานสูงและอุปกรณ์ยก,อุปกรณ์ยกและขนย้ายภายในอาคาร,วัน,,ประเมินหน้างาน,ตามอุปกรณ์ เวลา และผู้ควบคุมที่ระบุ,ไม่รวมค่าพื้นที่จอด การปิดถนน ใบอนุญาตพิเศษ และ OT เว้นระบุ,ตามผู้ให้เช่า/ผู้รับเหมาช่วง; ไม่รวม Warranty เครื่องปรับอากาศ,YES
CIV-CHASE,15 งานโยธา ฝ้า และท่อลม,กรีดผนังหรือพื้นเพื่อฝังท่อและสาย,เมตร,,ประเมินหน้างาน,ขนาด วัสดุ และปริมาณที่อนุมัติ,ไม่รวมงานโครงสร้างหลัก งานตกแต่งพิเศษ และวิศวกรรับรอง เว้นระบุ,Warranty เฉพาะงานที่บริษัทดำเนินการ,YES
CIV-WATERPROOF,15 งานโยธา ฝ้า และท่อลม,งานกันซึมช่องผ่านระบบแอร์,จุด,,ประเมินหน้างาน,ขนาด วัสดุ และปริมาณที่อนุมัติ,ไม่รวมงานโครงสร้างหลัก งานตกแต่งพิเศษ และวิศวกรรับรอง เว้นระบุ,Warranty เฉพาะงานที่บริษัทดำเนินการ,YES
CIV-PATCH,15 งานโยธา ฝ้า และท่อลม,ฉาบซ่อม ทาสี และคืนสภาพ,งาน,,ประเมินหน้างาน,ขนาด วัสดุ และปริมาณที่อนุมัติ,ไม่รวมงานโครงสร้างหลัก งานตกแต่งพิเศษ และวิศวกรรับรอง เว้นระบุ,Warranty เฉพาะงานที่บริษัทดำเนินการ,YES
DUCT-GRILLE,15 งานโยธา ฝ้า และท่อลม,ติดตั้ง Grille / Diffuser / Louver,ชุด,,ประเมินหน้างาน,ขนาด วัสดุ และปริมาณที่อนุมัติ,ไม่รวมงานโครงสร้างหลัก งานตกแต่งพิเศษ และวิศวกรรับรอง เว้นระบุ,Warranty เฉพาะงานที่บริษัทดำเนินการ,YES
DUCT-FAB,15 งานโยธา ฝ้า และท่อลม,ผลิตและติดตั้ง Duct / Plenum / Flexible Duct,งาน,,ประเมินหน้างาน,ขนาด วัสดุ และปริมาณที่อนุมัติ,ไม่รวมงานโครงสร้างหลัก งานตกแต่งพิเศษ และวิศวกรรับรอง เว้นระบุ,Warranty เฉพาะงานที่บริษัทดำเนินการ,YES
DUCT-INS,15 งานโยธา ฝ้า และท่อลม,หุ้มฉนวนดักท์และ Vapor Barrier,ตารางเมตร,,ประเมินหน้างาน,ขนาด วัสดุ และปริมาณที่อนุมัติ,ไม่รวมงานโครงสร้างหลัก งานตกแต่งพิเศษ และวิศวกรรับรอง เว้นระบุ,Warranty เฉพาะงานที่บริษัทดำเนินการ,YES
CIV-CORE,15 งานโยธา ฝ้า และท่อลม,เจาะ Core Drill,จุด,600,ราคากลางตลาด 2569 (rates.js),รูเดินท่อแอร์ผ่านผนังคอนกรีต ขนาดไม่เกิน 5 นิ้ว พร้อมเก็บฝุ่น · ขนาด วัสดุ และปริมาณที่อนุมัติ,ไม่รวมงานโครงสร้างหลัก งานตกแต่งพิเศษ และวิศวกรรับรอง เว้นระบุ,Warranty เฉพาะงานที่บริษัทดำเนินการ,YES
CIV-CEIL,15 งานโยธา ฝ้า และท่อลม,เปิดและคืนฝ้า / ช่อง Service,จุด,,ประเมินหน้างาน,ขนาด วัสดุ และปริมาณที่อนุมัติ,ไม่รวมงานโครงสร้างหลัก งานตกแต่งพิเศษ และวิศวกรรับรอง เว้นระบุ,Warranty เฉพาะงานที่บริษัทดำเนินการ,YES
LOG-URGENT,16 ค่าเดินทางและงานนอกเวลา,ค่าจัดทีมและขนส่งเร่งด่วน,งาน,,ประเมินหน้างาน,ตามจำนวนเที่ยว เวลา บุคลากร และค่าใช้จ่ายจริง,ไม่รวมในราคาติดตั้งมาตรฐาน เว้น QTN ระบุ,ไม่อยู่ใน Warranty งานติดตั้ง,ตามเงื่อนไข
LOG-PARK,16 ค่าเดินทางและงานนอกเวลา,ค่าที่จอดรถและทางด่วน,งาน,,ประเมินหน้างาน,ตามจำนวนเที่ยว เวลา บุคลากร และค่าใช้จ่ายจริง,ไม่รวมในราคาติดตั้งมาตรฐาน เว้น QTN ระบุ,ไม่อยู่ใน Warranty งานติดตั้ง,ตามเงื่อนไข
LOG-HOTEL,16 ค่าเดินทางและงานนอกเวลา,ค่าที่พักและเบี้ยเลี้ยง,คน-วัน,,ประเมินหน้างาน,ตามจำนวนเที่ยว เวลา บุคลากร และค่าใช้จ่ายจริง,ไม่รวมในราคาติดตั้งมาตรฐาน เว้น QTN ระบุ,ไม่อยู่ใน Warranty งานติดตั้ง,ตามเงื่อนไข
LOG-STORAGE,16 ค่าเดินทางและงานนอกเวลา,ค่าพื้นที่เก็บวัสดุและขนส่งเพิ่มเติม,งาน,,ประเมินหน้างาน,ตามจำนวนเที่ยว เวลา บุคลากร และค่าใช้จ่ายจริง,ไม่รวมในราคาติดตั้งมาตรฐาน เว้น QTN ระบุ,ไม่อยู่ใน Warranty งานติดตั้ง,ตามเงื่อนไข
LOG-TRAVEL,16 ค่าเดินทางและงานนอกเวลา,ค่าเดินทาง ขนส่ง และ Mobilization,เที่ยว,,ประเมินหน้างาน,ตามจำนวนเที่ยว เวลา บุคลากร และค่าใช้จ่ายจริง,ไม่รวมในราคาติดตั้งมาตรฐาน เว้น QTN ระบุ,ไม่อยู่ใน Warranty งานติดตั้ง,ตามเงื่อนไข
LOG-NIGHT,16 ค่าเดินทางและงานนอกเวลา,ค่าแรงปฏิบัติงานนอกเวลาทำการ,งาน,,ประเมินหน้างาน,ตามจำนวนเที่ยว เวลา บุคลากร และค่าใช้จ่ายจริง,ไม่รวมในราคาติดตั้งมาตรฐาน เว้น QTN ระบุ,ไม่อยู่ใน Warranty งานติดตั้ง,ตามเงื่อนไข
LOG-SUN,16 ค่าเดินทางและงานนอกเวลา,ค่าแรงวันอาทิตย์และวันหยุด,งาน,,ประเมินหน้างาน,ตามจำนวนเที่ยว เวลา บุคลากร และค่าใช้จ่ายจริง,ไม่รวมในราคาติดตั้งมาตรฐาน เว้น QTN ระบุ,ไม่อยู่ใน Warranty งานติดตั้ง,ตามเงื่อนไข
DOC-COMM,17 บริหารงานและเอกสาร,Equipment List และ Commissioning Report,โครงการ,,ประเมินหน้างาน,ตามรายการเอกสารและรอบแก้ไขที่ระบุ,ไม่รวมค่าธรรมเนียมหน่วยงานภายนอกและวิศวกรรับรอง เว้นระบุ,ไม่อยู่ใน Warranty ตัวเครื่อง; เอกสารเป็นส่วนส่งมอบตาม QTN,ตามโครงการ
DOC-METHOD,17 บริหารงานและเอกสาร,Method Statement / JSA / Risk Assessment,โครงการ,,ประเมินหน้างาน,ตามรายการเอกสารและรอบแก้ไขที่ระบุ,ไม่รวมค่าธรรมเนียมหน่วยงานภายนอกและวิศวกรรับรอง เว้นระบุ,ไม่อยู่ใน Warranty ตัวเครื่อง; เอกสารเป็นส่วนส่งมอบตาม QTN,ตามโครงการ
DOC-SHOP,17 บริหารงานและเอกสาร,Shop Drawing / RFA / As-built,โครงการ,,ประเมินหน้างาน,ตามรายการเอกสารและรอบแก้ไขที่ระบุ,ไม่รวมค่าธรรมเนียมหน่วยงานภายนอกและวิศวกรรับรอง เว้นระบุ,ไม่อยู่ใน Warranty ตัวเครื่อง; เอกสารเป็นส่วนส่งมอบตาม QTN,ตามโครงการ
DOC-SUPV,17 บริหารงานและเอกสาร,ควบคุมงานและประสานงานโครงการ,โครงการ,,ประเมินหน้างาน,ตามรายการเอกสารและรอบแก้ไขที่ระบุ,ไม่รวมค่าธรรมเนียมหน่วยงานภายนอกและวิศวกรรับรอง เว้นระบุ,ไม่อยู่ใน Warranty ตัวเครื่อง; เอกสารเป็นส่วนส่งมอบตาม QTN,ตามโครงการ
DOC-SURVEY,17 บริหารงานและเอกสาร,สำรวจหน้างานและจัดทำข้อมูลเสนอราคา,งาน,,ประเมินหน้างาน,ตามรายการเอกสารและรอบแก้ไขที่ระบุ,ไม่รวมค่าธรรมเนียมหน่วยงานภายนอกและวิศวกรรับรอง เว้นระบุ,ไม่อยู่ใน Warranty ตัวเครื่อง; เอกสารเป็นส่วนส่งมอบตาม QTN,ตามโครงการ
DOC-WARRANTY,17 บริหารงานและเอกสาร,เอกสารรับประกันและลงทะเบียนเครื่อง,โครงการ,,ประเมินหน้างาน,ตามรายการเอกสารและรอบแก้ไขที่ระบุ,ไม่รวมค่าธรรมเนียมหน่วยงานภายนอกและวิศวกรรับรอง เว้นระบุ,ไม่อยู่ใน Warranty ตัวเครื่อง; เอกสารเป็นส่วนส่งมอบตาม QTN,ตามโครงการ
