หมวด,รายการ,หน่วย,ราคาบนเว็บ ก่อน VAT,ราคา Pricebook ก่อน VAT,รับประกัน,รวม,ไม่รวม,สถานะ
ตรวจวินิจฉัย,"ตรวจวินิจฉัยแอร์ติดผนัง ≤36,000 BTU",ครั้ง,900,850,ไม่รับประกัน เนื่องจากเป็นค่าตรวจวินิจฉัยและยังไม่รวมการซ่อม,ตรวจอาการ เปิดทดสอบเมื่อทำได้ ตรวจระบบไฟ การระบายน้ำ อุณหภูมิ Error และจุดที่เข้าถึงได้ พร้อมเสนอแนวทางซ่อม,ไม่รวมรื้อเชิงลึก อะไหล่ เติมน้ำยา งานสูง และงานแก้ไข,Active
ตรวจวินิจฉัย,"ตรวจวินิจฉัยแอร์แขวน/ฝังฝ้า/สี่ทิศทาง ≤60,000 BTU",ครั้ง,1200,1200,ไม่รับประกัน เนื่องจากเป็นค่าตรวจวินิจฉัยและยังไม่รวมการซ่อม,ตรวจอาการและระบบหลักตามจุดที่เข้าถึงได้ รวม Pump/Float/Drain/Control ตามประเภทเครื่อง,ไม่รวมเปิดฝ้า งานสูง รื้อระบบ อะไหล่ และการซ่อม,Active
ระบบน้ำทิ้ง,ซ่อม/เปลี่ยนถาดน้ำทิ้ง,เครื่อง,ประเมินหน้างาน,,อะไหล่รับประกันตามผู้ขาย/ผู้ผลิตที่ระบุใน QTN; ฝีมือติดตั้ง 30 วัน,สำรวจรอยรั่ว สนิม การเสียรูป จุดยึด และพื้นที่ถอด ก่อนซ่อมหรือเปลี่ยนถาด,ไม่รวมเปิดฝ้า งานโครงสร้าง และความเสียหายจากตัวเครื่องผุหลายส่วน,Survey
ระบบน้ำทิ้ง,ทำ/แก้ Trap ท่อน้ำทิ้ง AHU/Duct,ชุด,ประเมินหน้างาน,,รับประกันฝีมือเฉพาะจุดที่ดำเนินการ 30 วัน,สำรวจ Static Pressure ระดับท่อ พื้นที่ และจุด Cleanout ก่อนกำหนดขนาด Trap,ไม่รวมท่อรวมอาคาร เปิดพื้น/ฝ้า และงานระบบที่เกิน QTN,Survey
ระบบน้ำทิ้ง,เดินท่อน้ำทิ้งใหม่/แก้ Slope ต่อเมตร,เมตร,900,900,รับประกันฝีมือเฉพาะจุดที่ดำเนินการ 30 วัน,เดินหรือแก้แนวท่อน้ำทิ้งตามขนาดและ Slope ที่ทำได้ พร้อมยึดและทดสอบการไหล,ไม่รวมเปิดผนัง/ฝ้า งานสี ท่อรวมอาคาร ปั๊มน้ำทิ้ง และข้อต่อพิเศษนอก QTN,Budget
ระบบน้ำทิ้ง,เปลี่ยน Float Switch/เซ็นเซอร์ระดับน้ำ,ชุด,2300,2300,อะไหล่ใหม่ที่บริษัทจัดหา 90 วัน; ฝีมือติดตั้ง 30 วัน,ตรวจวงจร Float/ตำแหน่งน้ำ เปลี่ยนอุปกรณ์ตรงรุ่นและทดสอบการสั่ง Pump/Alarm,"ไม่รวม Pump, PCB, ท่ออุดตัน และการเปิดฝ้า",Budget
ระบบน้ำทิ้ง,เปลี่ยนข้อต่อ/ท่อน้ำทิ้งแตกเฉพาะจุด,จุด,1200,1200,รับประกันฝีมือเฉพาะจุดที่ดำเนินการ 30 วัน,ตัดเปลี่ยนท่อหรือข้อต่อเฉพาะจุดที่เข้าถึงได้ ยึดแนวและทดสอบการไหล,ไม่รวมท่อผุทั้งแนว ท่อฝังผนัง/ฝ้า และงานตกแต่ง,Budget
ระบบน้ำทิ้ง,เปลี่ยนปั๊มน้ำทิ้ง Condensate Pump,ชุด,3500,3500,อะไหล่ใหม่ที่บริษัทจัดหา 90 วัน; ฝีมือติดตั้ง 30 วัน,ตรวจ Pump/ไฟเลี้ยง/ท่อ เปลี่ยนปั๊มตามกำลังส่งและพื้นที่ติดตั้ง พร้อมทดสอบการตัดต่อและการระบาย,ราคา Final ตามรุ่น ระยะส่ง และ Access; ไม่รวมเดินท่อใหม่ เปิดฝ้า และไฟต้นทาง,Budget
ระบบน้ำทิ้ง,แก้ท่อน้ำทิ้งตัน/น้ำหยดเฉพาะแนวที่เข้าถึงได้,เครื่อง,900,900,รับประกันฝีมือเฉพาะจุดที่ดำเนินการ 30 วัน,เปิดตรวจ ล้าง/เป่าแนวท่อน้ำทิ้งที่เข้าถึงได้ ตรวจถาด ข้อต่อ และทดสอบการไหลหลังงาน,ไม่รวมท่อรวมอาคาร ท่อแตก/ผุ การเดินท่อใหม่ ปั๊มน้ำทิ้ง และการย้อนระดับ,Active
ไฟฟ้า,"เปลี่ยนคาปาซิเตอร์คอมเพรสเซอร์ ≤36,000 BTU",เครื่อง,1200,1200,อะไหล่ใหม่ที่บริษัทจัดหา 90 วัน; ฝีมือติดตั้ง 30 วัน,ตรวจค่า µF/สภาพอุปกรณ์ เปลี่ยนคาปาซิเตอร์ค่าตรงสเปก ต่อสายและทดสอบกระแส/การออกตัว,ไม่รวมคอมเพรสเซอร์เสีย ไฟต้นทางผิดปกติ และอุปกรณ์อื่นที่ทำให้คาปาซิเตอร์เสียซ้ำ,Active
ไฟฟ้า,เปลี่ยนคาปาซิเตอร์มอเตอร์คอยล์ร้อน,เครื่อง,1200,1200,อะไหล่ใหม่ที่บริษัทจัดหา 90 วัน; ฝีมือติดตั้ง 30 วัน,ตรวจค่า µF เปลี่ยนคาปาซิเตอร์มอเตอร์ค่าตรงสเปกและทดสอบรอบ/กระแส,ไม่รวมมอเตอร์เสื่อม ขดลวดไหม้ ใบพัดติดขัด หรือไฟต้นทางผิดปกติ,Active
ไฟฟ้า,เปลี่ยนแมกเนติกคอนแทคเตอร์ 1 เฟส,เครื่อง,1500,1500,อะไหล่ใหม่ที่บริษัทจัดหา 90 วัน; ฝีมือติดตั้ง 30 วัน,ตรวจ Coil/Contact เปลี่ยนคอนแทคเตอร์พิกัดเหมาะสม ขันขั้วและทดสอบการตัดต่อ,ไม่รวมไฟตก ไฟเกิน ขั้วต้นทางร้อน ระบบควบคุม และโหลดผิดปกติ,Active
Electrical,ซ่อมสายไฟ/เปลี่ยน Terminal/Connector ไหม้เฉพาะจุด,จุด,2100,2100,รับประกันฝีมือเฉพาะจุดที่ดำเนินการ 30 วัน,ตัดเปลี่ยนสายหรือขั้วที่เสียหายเฉพาะจุด ขันขั้วและทดสอบกระแส/ความร้อน,ไม่รวมเดินเมนใหม่ ตู้ไฟ ระบบอาคาร และสายเสื่อมทั้งแนว,Budget
Electrical,ตรวจแก้ระบบไฟ/เปลี่ยน Circuit Breaker เฉพาะวงจรเครื่อง,วงจร,2100,2100,อะไหล่ใหม่ที่บริษัทจัดหา 90 วัน; ฝีมือติดตั้ง 30 วัน,ตรวจ Voltage/Current/ขั้วต่อ เปลี่ยน Breaker พิกัดเหมาะสมและทดสอบวงจรเครื่อง,ไม่รวมเมนไฟ ตู้ MDB/DB สายต้นทาง Ground อาคาร ไฟตก/ไฟเกิน และงานวิศวกรรมไฟฟ้า,Budget
Electrical,เปลี่ยน Fuse/ฟิวส์วงจรเครื่อง,จุด,1000,1000,อะไหล่ใหม่ที่บริษัทจัดหา 90 วัน; ฝีมือติดตั้ง 30 วัน,ตรวจพิกัดและสาเหตุเบื้องต้น เปลี่ยน Fuse ตรงสเปกและทดสอบ,"ไม่รวมการซ่อม Short Circuit, PCB, Motor และไฟต้นทางที่ทำให้ Fuse ขาดซ้ำ",Active
Electrical,เปลี่ยน Overload/Thermal Protector,ชุด,1800,1800,อะไหล่ใหม่ที่บริษัทจัดหา 90 วัน; ฝีมือติดตั้ง 30 วัน,ตรวจพิกัดและกระแส เปลี่ยนอุปกรณ์ป้องกันตรงสเปกและทดสอบ,ไม่รวม Compressor/Motor เสียและไฟต้นทางผิดปกติ,Budget
ไฟฟ้า 3 เฟส,เปลี่ยนแมกเนติกคอนแทคเตอร์ 3 เฟส,เครื่อง,3400,3400,อะไหล่ใหม่ที่บริษัทจัดหา 90 วัน; ฝีมือติดตั้ง 30 วัน,ตรวจระบบ 3 เฟส เปลี่ยนคอนแทคเตอร์ตามพิกัด ตรวจ Phase/Current และทดสอบ,ไม่รวม Phase loss ไฟต้นทาง ตู้ MDB/DB และอุปกรณ์ป้องกันภายนอก,Active
Electrical 3 เฟส,เปลี่ยน Phase Protector/Phase Sequence Relay,ชุด,2800,2800,อะไหล่ใหม่ที่บริษัทจัดหา 90 วัน; ฝีมือติดตั้ง 30 วัน,ตรวจ Phase/Voltage เปลี่ยนอุปกรณ์ป้องกันและตั้งค่าตามระบบ,ไม่รวมตู้ MDB/DB ไฟต้นทาง Contactor และงานวิศวกรรมไฟฟ้า,Budget
Electrical/Control,เปลี่ยน Relay/Power Relay,ชิ้น,1800,1800,อะไหล่ใหม่ที่บริษัทจัดหา 90 วัน; ฝีมือติดตั้ง 30 วัน,ตรวจ Coil/Contact/สัญญาณควบคุม เปลี่ยน Relay พิกัดตรงและทดสอบโหลด,ไม่รวม PCB เสีย ไฟต้นทาง และโหลดลัดวงจร,Budget
Electrical/Control,เปลี่ยน Transformer/Power Supply,ชุด,2500,2500,อะไหล่ใหม่ที่บริษัทจัดหา 90 วัน; ฝีมือติดตั้ง 30 วัน,ตรวจแรงดันเข้า-ออกและโหลด เปลี่ยนอุปกรณ์ตรงสเปกและทดสอบวงจร,ไม่รวม PCB/โหลดเสียและความเสียหายจากไฟตกไฟเกิน,Budget
Control/Sensor,เปลี่ยนเซ็นเซอร์อุณหภูมิ/เซ็นเซอร์น้ำแข็ง,เครื่อง,1500,1500,อะไหล่ใหม่ที่บริษัทจัดหา 90 วัน; ฝีมือติดตั้ง 30 วัน,ตรวจค่าความต้านทาน/ตำแหน่ง เปลี่ยน Sensor ตรงรุ่นหรือ Compatible ที่อนุมัติ และทดสอบ Error,"ไม่รวม PCB, สายสัญญาณ, Connector และอาการที่เกิดจากระบบน้ำยาหรือ Airflow",Active
Mechanical/Control,เปลี่ยนบานสวิง/เฟือง/ข้อต่อบานสวิง,ชุด,1800,1800,อะไหล่ใหม่ที่บริษัทจัดหา 90 วัน; ฝีมือติดตั้ง 30 วัน,ตรวจบานสวิง เฟือง ข้อต่อและจุดยึด เปลี่ยนชิ้นส่วนที่ระบุและทดสอบ,ไม่รวมมอเตอร์บานสวิง PCB และพลาสติกส่วนอื่น,Budget
Mechanical/Control,เปลี่ยนมอเตอร์บานสวิง,เครื่อง,1600,1600,อะไหล่ใหม่ที่บริษัทจัดหา 90 วัน; ฝีมือติดตั้ง 30 วัน,ตรวจกลไกบานสวิง เปลี่ยนมอเตอร์ตรงรุ่นและทดสอบการเปิดปิด/ตำแหน่ง,ไม่รวมบานสวิงแตก เฟือง/ข้อต่อเสีย PCB และพลาสติกเดิมเปราะ,Active
Motor,"เปลี่ยนมอเตอร์ FCU/CDU มากกว่า 36,000 BTU",เครื่อง,ประเมินหน้างาน,,อะไหล่รับประกันตามผู้ขาย/ผู้ผลิตที่ระบุใน QTN; ฝีมือติดตั้ง 30 วัน,"ยืนยัน Model, AC/DC/EC Motor, กำลัง, รอบ, Shaft และระบบควบคุมก่อนเสนอราคา",ไม่รวม PCB/VFD ใบพัด โครงสร้าง และอุปกรณ์ยก,Survey
Motor,"เปลี่ยนมอเตอร์คอยล์ร้อนพร้อมใบพัด ≤36,000 BTU",เครื่อง,4200,4200,อะไหล่ใหม่ที่บริษัทจัดหา 90 วัน; ฝีมือติดตั้ง 30 วัน,ตรวจ Motor/Capacitor/ใบพัด เปลี่ยนชุดมอเตอร์และใบพัดตามรุ่น ประกอบและทดสอบกระแส/การสั่น,ราคา Final ตามรุ่น/กำลัง/ขนาดใบพัด ไม่รวม PCB Inverter และโครงสร้างเดิม,Budget
Motor,"เปลี่ยนมอเตอร์คอยล์เย็น/Blower Motor ≤36,000 BTU",เครื่อง,5100,5100,อะไหล่ใหม่ที่บริษัทจัดหา 90 วัน; ฝีมือติดตั้ง 30 วัน,ตรวจ Motor/Blower/ลูกปืนและระบบควบคุม เปลี่ยนมอเตอร์ตรงรุ่น ประกอบและทดสอบเสียง/รอบ,"ราคา Final ตามรุ่น AC/DC Motor ไม่รวม Blower Wheel, PCB และพลาสติกเดิม",Budget
Motor/Mechanical,เปลี่ยน Bearing/Bushing มอเตอร์หรือพัดลม,ชุด,2800,2800,รับประกันฝีมือเฉพาะจุดที่ดำเนินการ 30 วัน,ตรวจเสียง ระยะคลอน และสภาพเพลา ถอดเปลี่ยน Bearing/Bushing เมื่อโครงสร้างรองรับ,ไม่รวมมอเตอร์/เพลาเสียและงานกลึง,Budget
Motor/Mechanical,เปลี่ยน Blower Wheel/ใบพัดคอยล์เย็น,ชุด,3200,3200,อะไหล่ใหม่ที่บริษัทจัดหา 90 วัน; ฝีมือติดตั้ง 30 วัน,ตรวจใบพัดแตก/คด ยืนยันขนาดและเพลา เปลี่ยนและทดสอบ Balance/เสียง,ไม่รวมมอเตอร์ PCB Housing และพลาสติกเดิมเปราะ,Budget
Motor/Mechanical,เปลี่ยนใบพัดคอยล์ร้อนอย่างเดียว,ชิ้น,2500,2500,อะไหล่ใหม่ที่บริษัทจัดหา 90 วัน; ฝีมือติดตั้ง 30 วัน,ยืนยันขนาด รูเพลา ทิศทางและ Pitch เปลี่ยนใบพัดและทดสอบการสั่น,ไม่รวมมอเตอร์ โครงพัดลม และความเสียหายจาก Shaft,Budget
Motor/Mechanical,แก้เสียงสั่น/เปลี่ยนยางรอง/Balance ใบพัด,เครื่อง,1800,1800,รับประกันฝีมือเฉพาะจุดที่ดำเนินการ 30 วัน,ตรวจจุดสั่น ขันยึด เปลี่ยนยางรองหรือปรับ Balance ตามสภาพที่ทำได้,ไม่รวม Bearing/Motor/Compressor เสียและโครงสร้างทรุด,Budget
PCB/Control,"เปลี่ยนบอร์ดควบคุม Fixed Speed ≤36,000 BTU",เครื่อง,4200,4200,PCB ใหม่ที่บริษัทจัดหา 90 วัน; PCB ซ่อม/Refurbished 30 วัน; ฝีมือติดตั้ง 30 วัน,ตรวจแหล่งจ่าย/โหลดที่เกี่ยวข้อง เปลี่ยน PCB ตรงรุ่น ตั้งค่าและทดสอบ Function/Error,ราคา Final ตามรุ่น ไม่รวมความเสียหายจากไฟต้นทาง น้ำ แมลง สัตว์ และโหลดลัดวงจร,Budget
PCB Inverter,ซ่อม/เปลี่ยนบอร์ด Inverter,เครื่อง,ประเมินหน้างาน,,PCB ใหม่ที่บริษัทจัดหา 90 วัน; PCB ซ่อม/Refurbished 30 วัน; ฝีมือติดตั้ง 30 วัน,ตรวจ Error/ไฟเลี้ยง/โหลด ถอดส่งซ่อมหรือเปลี่ยน PCB ตามทางเลือกที่อนุมัติ พร้อมทดสอบ,ราคา Final ตาม Model/Part No. ไม่รวม Compressor/IPM/Motor และความเสียหายจากไฟต้นทาง,Survey
PCB Inverter,เปลี่ยน IPM/Power Module Inverter,ชุด,ประเมินหน้างาน,,อะไหล่รับประกันตามผู้ขาย/ผู้ผลิตที่ระบุใน QTN; ฝีมือติดตั้ง 30 วัน,"ตรวจ Error, DC Bus, Compressor/Motor และยืนยัน Part No. ก่อนเปลี่ยน Power Module",ไม่รวม PCB หลัก Compressor Motor และความเสียหายจากไฟต้นทาง,Survey
Control,เปลี่ยนรีโมต/เทอร์โมรูมแบบมีสาย,ชุด,1900,1900,อะไหล่ใหม่ที่บริษัทจัดหา 90 วัน; ฝีมือติดตั้ง 30 วัน,จัดหาอุปกรณ์ตรงรุ่นหรือ Compatible ที่ยืนยัน ติดตั้ง/ตั้งค่าและทดสอบคำสั่งพื้นฐาน,ราคา Final ตามรุ่น ระบบสื่อสาร Address/Parameter และไม่รวม BMS/Interface,Budget
Control/Communication,ซ่อม/เดินสาย Communication FCU-CDU เฉพาะแนวที่เข้าถึงได้,แนว,3800,3800,รับประกันฝีมือเฉพาะจุดที่ดำเนินการ 30 วัน,ตรวจ Continuity/Polarity/Shield เปลี่ยนหรือเดินสายเฉพาะแนวที่ยืนยันและทดสอบ Error,ไม่รวมเปิดผนัง/ฝ้า ระยะส่วนเกิน PCB Address และสายรวมระบบ,Budget
Control/Commissioning,ตั้ง Address/Parameter/Commissioning Controller,ระบบ,3800,3800,รับประกันฝีมือเฉพาะจุดที่ดำเนินการ 30 วัน,ตั้ง Address/Parameter ตามคู่มือรุ่นและทดสอบการสื่อสาร/Function,ไม่รวมสาย Communication PCB BMS และ License/Software,Budget
BMS/Control,เชื่อมต่อ/แก้ไข BMS Interface,ระบบ,ประเมินหน้างาน,,รับประกันฝีมือเฉพาะจุดที่ดำเนินการ 30 วัน,"สำรวจ Protocol, Interface, Point List, Wiring และผู้ดูแล BMS ก่อนเสนอราคา",ไม่รวม License Gateway งานโปรแกรมฝั่ง BMS และระบบเครือข่าย,Survey
Refrigerant,Pressure Holding Test พร้อมบันทึกแรงดัน,ระบบ,2800,2800,ไม่รับประกันการรั่ว เนื่องจากเป็นการทดสอบและยังไม่รวมซ่อม,อัดไนโตรเจนตามแรงดันที่เหมาะสม บันทึกเวลา/แรงดันและรายงานผล,ไม่รวมเปิดฝ้า ซ่อมเชื่อม Vacuum น้ำยา และการเฝ้าทดสอบข้ามวัน,Budget
Refrigerant,Recover/เก็บสารทำความเย็นเดิม,ระบบ,2300,2300,เป็นงานบริการ ไม่มีการรับประกันสภาพสารทำความเย็นเดิม,เก็บสารทำความเย็นเข้าถัง Recovery ตามชนิดและปริมาณที่ทำได้,ไม่รวมถังกำจัด การวิเคราะห์คุณภาพสาร และการเติมกลับ,Budget
Refrigerant,Vacuum ระบบอย่างเดียว/ไล่ความชื้น,ระบบ,2400,2400,รับประกันฝีมือเฉพาะจุดที่ดำเนินการ 30 วัน,ต่อ Vacuum Pump ตาม Scope ตรวจการคง Vacuum และเตรียมระบบ,ไม่รวมซ่อมรั่ว สารทำความเย็น ล้างระบบ และความชื้นจากอุปกรณ์ที่เสีย,Active
Refrigerant,ซ่อมรั่วเฉพาะจุดที่เข้าถึงได้ + Vacuum,จุด,3500,3500,รับประกันเฉพาะจุดซ่อมและฝีมือ 30 วัน,ซ่อม/เชื่อมจุดรั่วที่ระบุ ทำ Leak Test และ Vacuum ตาม Scope แล้วทดสอบระบบ,ไม่รวมจุดรั่วอื่น/รั่วแฝง คอยล์ผุหลายจุด สารทำความเย็น และงานเปิดฝ้า,Budget
Refrigerant,ตรวจรั่วด้วยไนโตรเจน,ระบบ,2200,2200,ไม่รับประกันการรั่ว เนื่องจากเป็นการตรวจและยังไม่รวมซ่อมจุดรั่ว,ต่อระบบ อัดไนโตรเจน ตรวจจุดที่เข้าถึงได้ บันทึกแรงดัน/จุดต้องสงสัย และเสนอขั้นตอนต่อไป,ไม่รวมเปิดฝ้า จุดซ่อนหลายวงจร ซ่อมเชื่อม Vacuum และสารทำความเย็น,Active
Refrigerant,ทำ Flare ใหม่/เปลี่ยน Flare Nut,จุด,2400,2400,รับประกันฝีมือเฉพาะจุดที่ดำเนินการ 30 วัน,ตัดปลายท่อ ทำ Flare ใหม่ เปลี่ยนน็อตเมื่อระบุ ขัน Torque และตรวจรั่ว,ไม่รวมท่อสั้น ท่อผุ จุดรั่วอื่น Vacuum เต็มระบบและน้ำยา,Active
Refrigerant,"ล้างระบบ F11 กรณีระบบตัน ≤20,000 BTU",ระบบ,4800,4800,รับประกันฝีมือ 30 วัน; อะไหล่ที่เปลี่ยนให้ยึดตามรายการ,ถ่าย/จัดการสารตาม Scope ล้างระบบ เปลี่ยน Filter Drier เมื่อระบุ ทำ Vacuum และเตรียม Commissioning,ไม่รับประกันการตันซ้ำจาก Compressor ไหม้ น้ำมัน/กรด/ความชื้นหรือสิ่งปนเปื้อนเดิมที่ไม่ได้เปลี่ยนทั้งหมด,Budget
Refrigerant,สารทำความเย็น R22 ส่วนเกินจาก 1 kg คิดต่อ kg,kg,3000,3000,เติมอย่างเดียวไม่รับประกันระยะเวลาน้ำยาคงอยู่,เติม R22 ส่วนเกินตามน้ำหนักหลังตรวจสภาพระบบเก่า,ไม่รวมซ่อมรั่ว Vacuum ปริมาณ 1 kg แรก และความเสี่ยงระบบเก่า,Budget
Refrigerant,สารทำความเย็น R32/R410A ส่วนเกินจาก 1 kg คิดต่อ kg,kg,2100,2100,เติมอย่างเดียวไม่รับประกันระยะเวลาน้ำยาคงอยู่,เติมปริมาณส่วนเกินตามน้ำหนักและชนิดสารหลังตรวจความเหมาะสมของระบบ,ไม่รวมซ่อมรั่ว Vacuum และปริมาณ 1 kg แรก,Budget
Refrigerant,เชื่อมท่อทองแดงเฉพาะจุด,จุด,2600,2600,รับประกันฝีมือเฉพาะจุดที่ดำเนินการ 30 วัน,เตรียมผิว เชื่อมจุดที่ระบุ Purge Nitrogen เมื่อเหมาะสม และตรวจรั่ว,ไม่รวมท่อผุหลายจุด Vacuum น้ำยา งานสูง และวัสดุรอบข้าง,Budget
Refrigerant,เติมสารทำความเย็น R22 ไม่เกิน 1 kg หลังตรวจรั่ว,ระบบ,2800,2800,ไม่รับประกันระยะเวลาน้ำยาคงอยู่ หากไม่ได้รวมซ่อมรั่ว; หากซ่อมรั่วร่วมให้ยึดจุดซ่อม 30 วัน,ยืนยันระบบ R22 ตรวจอาการ เติมตามน้ำหนัก/ค่าที่เหมาะสม และทดสอบ,ไม่รวมซ่อมรั่ว Vacuum เต็มระบบ ปริมาณเกิน 1 kg และความเสี่ยงจากระบบเก่า,Budget
Refrigerant,เติมสารทำความเย็น R32/R410A ไม่เกิน 1 kg หลังตรวจรั่ว,ระบบ,2300,2300,ไม่รับประกันระยะเวลาน้ำยาคงอยู่ หากไม่ได้รวมซ่อมรั่ว; หากซ่อมรั่วร่วมให้ยึดจุดซ่อม 30 วัน,ยืนยันชนิดสาร ตรวจอาการ/จุดเสี่ยง เติมตามน้ำหนักหรือค่าที่เหมาะสม และทดสอบการทำงาน,ไม่รวมซ่อมรั่ว Vacuum เต็มระบบ และปริมาณเกิน 1 kg,Budget
Refrigerant,เปลี่ยน 4-Way Reversing Valve,ชุด,ประเมินหน้างาน,,อะไหล่รับประกันตามผู้ขาย/ผู้ผลิตที่ระบุใน QTN; ฝีมือติดตั้ง 30 วัน,ยืนยันรุ่น ขนาดท่อ Coil และสภาพ Compressor ก่อนกำหนดวิธีเปลี่ยน,ไม่รวมสารทำความเย็น ล้างระบบ ความเสียหายจากความร้อน และ Compressor,Survey
Refrigerant,เปลี่ยน Accumulator/Receiver/Check Valve,ชุด,ประเมินหน้างาน,,อะไหล่รับประกันตามผู้ขาย/ผู้ผลิตที่ระบุใน QTN; ฝีมือติดตั้ง 30 วัน,ยืนยันชนิด ขนาด ปริมาตร ทิศทาง และตำแหน่งติดตั้งก่อนเสนอราคา,ไม่รวมสารทำความเย็น ล้างระบบ งานยก และอุปกรณ์อื่น,Survey
Refrigerant,"เปลี่ยน Capillary Tube / Filter Drier ≤20,000 BTU",ระบบ,4600,4600,อะไหล่ใหม่ที่บริษัทจัดหา 90 วัน; ฝีมือ/จุดเชื่อม 30 วัน,เปลี่ยนชิ้นส่วนที่ระบุ เชื่อม Leak Test/Vacuum และเตรียมระบบสำหรับเติมน้ำยา,ไม่รวมสารทำความเย็น การล้างระบบ F11 และสิ่งปนเปื้อนลึก,Budget
Refrigerant,"เปลี่ยน Service Valve ≤20,000 BTU",จุด,3800,3800,อะไหล่ใหม่ที่บริษัทจัดหา 90 วัน; จุดเชื่อม/ฝีมือ 30 วัน,เปลี่ยน Service Valve ตามขนาด ทำ Leak Test/Vacuum และทดสอบตาม Scope,ไม่รวมสารทำความเย็น จุดรั่วอื่น และความเสียหายจากท่อเดิม,Budget
Refrigerant,เปลี่ยน TXV/Thermostatic Expansion Valve,ชุด,ประเมินหน้างาน,,อะไหล่รับประกันตามผู้ขาย/ผู้ผลิตที่ระบุใน QTN; ฝีมือติดตั้ง 30 วัน,ยืนยันรุ่น Capacity น้ำยา Superheat และตำแหน่ง Bulb ก่อนเปลี่ยน TXV,ไม่รวมสารทำความเย็น Filter Drier ล้างระบบ และอาการจาก Compressor/Coil,Survey
Refrigerant,เปลี่ยนท่อทองแดงรั่วเฉพาะช่วง คิดต่อเมตร,เมตร,1800,1800,รับประกันฝีมือเฉพาะจุดที่ดำเนินการ 30 วัน,ยืนยันขนาดท่อ ตัดเปลี่ยนเฉพาะช่วง เชื่อม/Flare ตรวจรั่วและหุ้มฉนวนตาม Scope,ราคา Final ตามขนาดท่อ Access ราง ฉนวน Vacuum น้ำยา และงานเปิดฝ้า,Budget
Refrigerant/Control,เปลี่ยน EEV/Electronic Expansion Valve,ชุด,ประเมินหน้างาน,,อะไหล่รับประกันตามผู้ขาย/ผู้ผลิตที่ระบุใน QTN; ฝีมือติดตั้ง 30 วัน,ยืนยัน Valve/Coil/Step Motor/Control Signal และ Part No. ก่อนเปลี่ยน,ไม่รวม PCB Sensor น้ำยา และการตั้งค่าระบบที่ไม่ได้ระบุ,Survey
Refrigerant/Control,เปลี่ยน Solenoid Valve,ชุด,ประเมินหน้างาน,,อะไหล่รับประกันตามผู้ขาย/ผู้ผลิตที่ระบุใน QTN; ฝีมือติดตั้ง 30 วัน,ยืนยันขนาดท่อ Coil Voltage ทิศทางและชนิดสารก่อนเปลี่ยน,ไม่รวม PCB น้ำยา Filter Drier และระบบควบคุมภายนอก,Survey
Compressor,"เปลี่ยนคอมเพรสเซอร์ 21,000-36,000 BTU",เครื่อง,ประเมินหน้างาน,,อะไหล่รับประกันตามผู้ขาย/ผู้ผลิตที่ระบุใน QTN; ฝีมือติดตั้ง 30 วัน,ยืนยัน Model น้ำยา ไฟ ขนาด และสภาพระบบก่อนกำหนด Compressor/อุปกรณ์ร่วม,ไม่รวมระบบไหม้ F11 น้ำยา อะไหล่อื่น และงานยก,Survey
Compressor,เปลี่ยนคอมเพรสเซอร์ 3 เฟส/Commercial,เครื่อง,ประเมินหน้างาน,,อะไหล่รับประกันตามผู้ขาย/ผู้ผลิตที่ระบุใน QTN; ฝีมือติดตั้ง 30 วัน,ตรวจระบบไฟ 3 เฟส ขนาด Compressor Contactor Protection และ Oil ก่อนเสนอราคา,ไม่รวมตู้ไฟ น้ำยา ระบบท่อ งานยก และ Commissioning พิเศษ,Survey
Compressor,"เปลี่ยนคอมเพรสเซอร์ 37,000-60,000 BTU",เครื่อง,ประเมินหน้างาน,,อะไหล่รับประกันตามผู้ขาย/ผู้ผลิตที่ระบุใน QTN; ฝีมือติดตั้ง 30 วัน,ยืนยัน Model น้ำยา ไฟ ขนาด น้ำหนัก และ Access ก่อนเสนอราคา,ไม่รวมระบบไหม้ F11 น้ำยา อะไหล่อื่น และอุปกรณ์ยก,Survey
Compressor,"เปลี่ยนคอมเพรสเซอร์ 9,000-20,000 BTU",เครื่อง,ประเมินหน้างาน,,คอมเพรสเซอร์รับประกันตามผู้ขาย/ผู้ผลิตและต้องระบุใน QTN; ฝีมือติดตั้ง 30 วัน,ยืนยัน Model/น้ำยา/ไฟ/ขนาด เปลี่ยน Compressor พร้อมงานเชื่อม Vacuum และ Commissioning ตาม QTN,ราคา Final ตามรุ่น ไม่รวมระบบไหม้/กรด การล้างระบบ F11 อะไหล่อื่น และน้ำยาเกิน Scope,Survey
Compressor Inverter,เปลี่ยนคอมเพรสเซอร์ Inverter,เครื่อง,ประเมินหน้างาน,,อะไหล่รับประกันตามผู้ขาย/ผู้ผลิตที่ระบุใน QTN; ฝีมือติดตั้ง 30 วัน,ยืนยัน Part No. น้ำยา PCB/IPM ค่า Winding/Insulation และสาเหตุก่อนเปลี่ยน,ไม่รวม PCB/IPM น้ำยา ล้างระบบ และความเสียหายจากไฟต้นทาง,Survey
Compressor/Electrical,เปลี่ยน Start Relay/Overload/Start Kit คอมเพรสเซอร์,ชุด,2200,2200,อะไหล่ใหม่ที่บริษัทจัดหา 90 วัน; ฝีมือติดตั้ง 30 วัน,ตรวจการออกตัว กระแส และอุปกรณ์ Start เปลี่ยนตามพิกัดและทดสอบ,ไม่รับประกันหาก Compressor เสื่อม/ล็อก หรือไฟต้นทางผิดปกติ,Budget
Compressor/Refrigerant,ชุดแก้ระบบคอมเพรสเซอร์ไหม้ F11 + Filter Drier + Vacuum,ระบบ,ประเมินหน้างาน,,รับประกันฝีมือเฉพาะจุดที่ดำเนินการ 30 วัน,ประเมินกรด น้ำมัน สิ่งปนเปื้อน ขนาดระบบ และจำนวนรอบล้างก่อนกำหนด Scope,ไม่รับประกันการปนเปื้อนตกค้างหากไม่ได้เปลี่ยนอุปกรณ์/ท่อที่เสียหายทั้งหมด,Survey
Coil,เปลี่ยนแผงคอยล์ร้อน,เครื่อง,ประเมินหน้างาน,,อะไหล่รับประกันตามผู้ขาย/ผู้ผลิตที่ระบุใน QTN; จุดเชื่อมและฝีมือ 30 วัน,ยืนยันรุ่น/ขนาด/น้ำยา เปลี่ยน Coil ทำ Leak Test/Vacuum และ Commissioning ตาม QTN,ราคา Final ตามรุ่น ไม่รวมจุดรั่วอื่น สารทำความเย็น งานยก และโครงสร้าง,Survey
Coil,เปลี่ยนแผงคอยล์เย็น,เครื่อง,ประเมินหน้างาน,,อะไหล่รับประกันตามผู้ขาย/ผู้ผลิตที่ระบุใน QTN; จุดเชื่อมและฝีมือ 30 วัน,ยืนยันรุ่น/ขนาด/น้ำยา เปลี่ยน Coil ทำ Leak Test/Vacuum และ Commissioning ตาม QTN,ราคา Final ตามรุ่น ไม่รวมจุดรั่วอื่น สารทำความเย็นและงานเปิดฝ้า/โครงสร้าง,Survey
AHU/Mechanical,ซ่อม AHU/FCU: ตั้งความตึง/ตั้งแนวสายพานและ Pulley,ชุด,1800,1800,รับประกันฝีมือเฉพาะจุดที่ดำเนินการ 30 วัน,ตรวจแนว Pulley ความตึง และจุดยึด ปรับตั้งตามสภาพที่ทำได้,ไม่รวมเปลี่ยนสายพาน Pulley Bearing Motor และงานกลึง,Budget
AHU/Mechanical,ซ่อม AHU/FCU: เปลี่ยน Bearing/Pillow Block,ชุด,ประเมินหน้างาน,,อะไหล่รับประกันตามผู้ขาย/ผู้ผลิตที่ระบุใน QTN; ฝีมือติดตั้ง 30 วัน,ยืนยันเบอร์เพลา Bearing จุดยึด Alignment และ Access ก่อนเสนอราคา,ไม่รวมเพลา Pulley งานกลึง อุปกรณ์ยก และ Balance,Survey
AHU/Mechanical,ซ่อม AHU/FCU: เปลี่ยนสายพานพัดลม,เส้น,2500,2500,อะไหล่ใหม่ที่บริษัทจัดหา 90 วัน; ฝีมือติดตั้ง 30 วัน,ยืนยันเบอร์/จำนวน เปลี่ยนสายพานและตั้งความตึงเบื้องต้น พร้อมทดสอบ,ไม่รวม Pulley Bearing Motor และการตั้งศูนย์เชิงลึก,Budget
AHU/Control,ซ่อม AHU: เปลี่ยน Actuator/Damper Motor,ชุด,ประเมินหน้างาน,,อะไหล่รับประกันตามผู้ขาย/ผู้ผลิตที่ระบุใน QTN; ฝีมือติดตั้ง 30 วัน,ยืนยัน Torque Voltage Signal/Feedback และกลไก Damper ก่อนเสนอราคา,ไม่รวม BMS Linkage/Damper Blade และงานแก้โครงสร้าง,Survey
AHU/Drainage,ซ่อม AHU: ซ่อม Trap/ถาดน้ำทิ้ง/จุดรั่วเฉพาะส่วน,งาน,ประเมินหน้างาน,,รับประกันฝีมือเฉพาะจุดที่ดำเนินการ 30 วัน,สำรวจแรงดัน ลักษณะถาด สนิม จุดรั่ว และพื้นที่ทำงานก่อนกำหนดวิธีซ่อม,ไม่รวมเปลี่ยน AHU Section งานสเตนเลสเต็มถาด และระบบท่อรวม,Survey
Filter,ซ่อม AHU/FCU: เปลี่ยนแผ่นกรองอากาศ Washable/Disposable/Bag Filter,แผ่น/ถุง,1000,1000,อะไหล่รับประกันตามผู้ขาย; ไม่รับประกันอายุจากสภาพฝุ่น,ยืนยันขนาด จำนวน Class และชนิดกรอง จัดหา/ติดตั้งตาม QTN,ราคาเริ่มต้นเป็นค่าแรง/ชิ้นส่วนมาตรฐาน ไม่รวม HEPA และกรอบดัดแปลง,Budget
Filter/Controlled Area,ซ่อม AHU: เปลี่ยน HEPA Filter,แผ่น,ประเมินหน้างาน,,อะไหล่รับประกันตามผู้ขาย/ผู้ผลิตที่ระบุใน QTN; ฝีมือติดตั้ง 30 วัน,ยืนยันขนาด Class Gasket Housing และข้อกำหนด Leak Test/Certification,ไม่รวม DOP/PAO Test Certification และงาน Cleanroom,Survey
Chilled Water,ซ่อม FCU/AHU: ล้าง Strainer/Flushing Chilled-Water Coil,ชุด,ประเมินหน้างาน,,รับประกันฝีมือเฉพาะจุดที่ดำเนินการ 30 วัน,สำรวจวาล์ว Isolate จุด Drain สภาพน้ำและวิธีเก็บน้ำก่อนกำหนด Scope,ไม่รับประกันการอุดตันซ้ำจากระบบน้ำรวม สนิม ตะกรัน และ Chemical Treatment,Survey
Chilled Water,ซ่อม FCU/AHU: เปลี่ยนวาล์วน้ำเย็น 2-Way/3-Way Valve,ชุด,ประเมินหน้างาน,,อะไหล่รับประกันตามผู้ขาย/ผู้ผลิตที่ระบุใน QTN; ฝีมือติดตั้ง 30 วัน,ยืนยันขนาดท่อ Connection Cv Actuator และแผน Isolate/Drain น้ำก่อนเสนอราคา,ไม่รวม Drain ระบบใหญ่ Balancing BMS และน้ำรั่วจากท่อเดิม,Survey
FCU/Control,ซ่อม FCU: เปลี่ยน Thermostat/Controller,ชุด,2800,2800,อะไหล่ใหม่ที่บริษัทจัดหา 90 วัน; ฝีมือติดตั้ง 30 วัน,ยืนยัน Voltage Output Valve/Fan Speed และชนิด Controller ก่อนเปลี่ยน/ตั้งค่า,ไม่รวม Actuator BMS Wiring และระบบไฟต้นทาง,Budget
VFD/Control,ซ่อม AHU: ซ่อม/เปลี่ยน VFD,ชุด,ประเมินหน้างาน,,VFD ใหม่ตามผู้ขาย; VFD ซ่อมตามผู้ซ่อม; ฝีมือติดตั้ง 30 วัน,อ่าน Error ตรวจไฟเข้า Motor Parameter และยืนยันขนาด kW/Current ก่อนส่งซ่อมหรือเปลี่ยน,ไม่รวม Motor สายไฟ Harmonic Bypass และระบบควบคุมภายนอก,Survey
Labor,งานซ่อม: ค่าแรงถอดอะไหล่ส่งซ่อมและติดตั้งกลับ,รายการ,2500,2500,รับประกันฝีมือเฉพาะจุดที่ดำเนินการ 30 วัน,ถอดอะไหล่ที่ระบุ ส่งซ่อม/รับกลับ ติดตั้งและทดสอบตาม Scope,ไม่รวมค่าซ่อมอะไหล่ ขนส่งพิเศษ อะไหล่ทดแทน และงานรื้อเพิ่ม,Budget
Labor,งานซ่อม: ค่าแรงเปลี่ยนอะไหล่ที่ลูกค้าจัดหา,รายการ,1800,1800,ไม่รับประกันสินค้า/อะไหล่ลูกค้าจัดหา; รับประกันฝีมือติดตั้ง 30 วัน,ตรวจความเข้ากันได้เบื้องต้น ติดตั้งอะไหล่ลูกค้าจัดหาและทดสอบ,หากอะไหล่ไม่ตรงรุ่นหรือเสียหาย บริษัทมีสิทธิ์หยุดงานและคิดค่าเข้าบริการ,Budget
Labor/Access,งานซ่อม: ค่าแรงถอดและติดตั้งเครื่องกลับเพื่อเข้าซ่อม,เครื่อง,3500,3500,รับประกันฝีมือเฉพาะจุดที่ดำเนินการ 30 วัน,ถอดและติดตั้งกลับเฉพาะเครื่อง/ชิ้นส่วนตาม QTN พร้อมทดสอบหลังงาน,ไม่รวมสารทำความเย็น ท่อ/สายใหม่ งานยก ฝ้า และความเสียหายเดิม,Budget
Access/Risk,งานซ่อมเพิ่ม: งานสูง/นั่งร้าน/รถกระเช้า/อุปกรณ์ยก,งาน,ประเมินหน้างาน,,ตามรายการซ่อมหลัก,สำรวจความสูง จุดตั้งอุปกรณ์ น้ำหนัก และ Site Rule ก่อนเสนอราคา,ไม่รวม Permit ผู้ควบคุมความปลอดภัย และค่าอุปกรณ์จนกว่าจะยืนยัน,Survey
Access/Risk,งานซ่อมเพิ่ม: เครน/รถยก/ขนย้ายอุปกรณ์,งาน,ประเมินหน้างาน,,ตามรายการซ่อมหลัก,สำรวจน้ำหนัก จุดยก เส้นทางและพื้นที่ตั้งรถก่อนกำหนดแผนยก,ไม่รวม Permit ปิดพื้นที่ ผู้ให้สัญญาณ และค่าอุปกรณ์จนกว่าจะยืนยัน,Survey
Access/Risk,งานซ่อมเพิ่ม: เปิดฝ้า/ปิดฝ้าคืน,จุด,ประเมินหน้างาน,,รับประกันฝีมือเฉพาะจุดที่ดำเนินการ 30 วัน,สำรวจชนิดฝ้า โครง ช่อง Service และงานคืนสภาพก่อนเสนอราคา,ไม่รวมงานสี ฝ้าพิเศษ ระบบเหนือฝ้า และความเสียหายเดิม,Survey
เงื่อนไขเวลา,งานซ่อมเพิ่ม: งานกลางคืน/วันหยุด/เร่งด่วน,งาน,2000,2000,ตามรายการซ่อมหลัก,ค่าเตรียมทีมและดำเนินงานนอกเวลาปกติตามช่วงเวลาที่อนุมัติ,ราคา Final ตามจำนวนทีม ชั่วโมงทำงาน และข้อจำกัดพื้นที่,Budget
Mobilization,งานซ่อมเพิ่ม: ค่าเดินทาง/ต่างจังหวัด/ที่พัก/Mobilization,เที่ยว,1500,1500,ไม่ใช่งานซ่อม ไม่มี Warranty แยก,ค่าเดินทางและเตรียมทีมตามระยะทาง จำนวนรอบ และพื้นที่ปฏิบัติงาน,ราคา Final ต้องยืนยันระยะทาง ที่พัก ทางด่วน ที่จอด และจำนวนทีม,Budget
Other Repair,งานอื่นตาม Model/Part No.,รายการ,ประเมินหน้างาน,,ระบุแยกใน QTN ตามอะไหล่และลักษณะงาน,ใช้สำหรับรายการที่ไม่มีใน Pricebook ต้องระบุรุ่น Part No. อาการ Scope และผลทดสอบให้ครบ,ห้ามออก Final Price ก่อน Manager/ช่างยืนยัน,Survey
