จังหวัด,เขต/อำเภอ,แขวง/ตำบล,รหัสไปรษณีย์,ระยะถนนโดยประมาณ กม.,โซน,ค่าเดินทาง ก่อน VAT
กรุงเทพมหานคร,คลองสาน,คลองต้นไทร,10600,13,พื้นที่หลัก,0
กรุงเทพมหานคร,คลองสาน,คลองสาน,10600,14,พื้นที่หลัก,0
กรุงเทพมหานคร,คลองสาน,บางลำภูล่าง,10600,40,นอกพื้นที่หลัก,400
กรุงเทพมหานคร,คลองสาน,สมเด็จเจ้าพระยา,10600,13,พื้นที่หลัก,0
กรุงเทพมหานคร,คลองสามวา,ทรายกองดิน,10510,48,นอกพื้นที่หลัก,500
กรุงเทพมหานคร,คลองสามวา,ทรายกองดินใต้,10510,48,นอกพื้นที่หลัก,500
กรุงเทพมหานคร,คลองสามวา,บางชัน,10510,48,นอกพื้นที่หลัก,500
กรุงเทพมหานคร,คลองสามวา,สามวาตะวันตก,10510,48,นอกพื้นที่หลัก,500
กรุงเทพมหานคร,คลองสามวา,สามวาตะวันออก,10510,48,นอกพื้นที่หลัก,500
กรุงเทพมหานคร,คลองเตย,คลองตัน,10110,22,พื้นที่หลัก,0
กรุงเทพมหานคร,คลองเตย,คลองเตย,10110,22,พื้นที่หลัก,0
กรุงเทพมหานคร,คลองเตย,พระโขนง,10110,22,พื้นที่หลัก,0
กรุงเทพมหานคร,คันนายาว,คันนายาว,10230,42,นอกพื้นที่หลัก,500
กรุงเทพมหานคร,คันนายาว,รามอินทรา,10230,42,นอกพื้นที่หลัก,500
กรุงเทพมหานคร,จตุจักร,จตุจักร,10900,25,พื้นที่หลัก,0
กรุงเทพมหานคร,จตุจักร,จอมพล,10900,29,พื้นที่หลัก,0
กรุงเทพมหานคร,จตุจักร,จันทรเกษม,10900,31,นอกพื้นที่หลัก,400
กรุงเทพมหานคร,จตุจักร,ลาดยาว,10900,30,พื้นที่หลัก,0
กรุงเทพมหานคร,จตุจักร,เสนานิคม,10900,32,นอกพื้นที่หลัก,400
กรุงเทพมหานคร,จอมทอง,จอมทอง,10150,7,พื้นที่หลัก,0
กรุงเทพมหานคร,จอมทอง,บางขุนเทียน,10150,7,พื้นที่หลัก,0
กรุงเทพมหานคร,จอมทอง,บางค้อ,10150,7,พื้นที่หลัก,0
กรุงเทพมหานคร,จอมทอง,บางมด,10150,7,พื้นที่หลัก,0
กรุงเทพมหานคร,ดอนเมือง,ดอนเมือง,10210,43,นอกพื้นที่หลัก,500
กรุงเทพมหานคร,ดอนเมือง,สนามบิน,10210,43,นอกพื้นที่หลัก,500
กรุงเทพมหานคร,ดอนเมือง,สีกัน,10210,43,นอกพื้นที่หลัก,500
กรุงเทพมหานคร,ดินแดง,ดินแดง,10400,22,พื้นที่หลัก,0
กรุงเทพมหานคร,ดินแดง,รัชดาภิเษก,10400,22,พื้นที่หลัก,0
กรุงเทพมหานคร,ดุสิต,ดุสิต,10300,21,พื้นที่หลัก,0
กรุงเทพมหานคร,ดุสิต,ถนนนครไชยศรี,10300,21,พื้นที่หลัก,0
กรุงเทพมหานคร,ดุสิต,วชิรพยาบาล,10300,20,พื้นที่หลัก,0
กรุงเทพมหานคร,ดุสิต,สวนจิตรลดา,10300,20,พื้นที่หลัก,0
กรุงเทพมหานคร,ดุสิต,สี่แยกมหานาค,10300,18,พื้นที่หลัก,0
กรุงเทพมหานคร,ตลิ่งชัน,คลองชักพระ,10170,17,พื้นที่หลัก,0
กรุงเทพมหานคร,ตลิ่งชัน,ฉิมพลี,10170,18,พื้นที่หลัก,0
กรุงเทพมหานคร,ตลิ่งชัน,ตลิ่งชัน,10170,19,พื้นที่หลัก,0
กรุงเทพมหานคร,ตลิ่งชัน,บางพรม,10170,13,พื้นที่หลัก,0
กรุงเทพมหานคร,ตลิ่งชัน,บางระมาด,10170,16,พื้นที่หลัก,0
กรุงเทพมหานคร,ตลิ่งชัน,บางเชือกหนัง,10170,13,พื้นที่หลัก,0
กรุงเทพมหานคร,ทวีวัฒนา,ทวีวัฒนา,10170,24,พื้นที่หลัก,0
กรุงเทพมหานคร,ทวีวัฒนา,ศาลาธรรมสพน์,10170,24,พื้นที่หลัก,0
กรุงเทพมหานคร,ทุ่งครุ,ทุ่งครุ,10140,11,พื้นที่หลัก,0
กรุงเทพมหานคร,ทุ่งครุ,บางมด,10140,11,พื้นที่หลัก,0
กรุงเทพมหานคร,ธนบุรี,ดาวคะนอง,10600,9,พื้นที่หลัก,0
กรุงเทพมหานคร,ธนบุรี,ตลาดพลู,10600,9,พื้นที่หลัก,0
กรุงเทพมหานคร,ธนบุรี,บางยี่เรือ,10600,12,พื้นที่หลัก,0
กรุงเทพมหานคร,ธนบุรี,บุคคโล,10600,10,พื้นที่หลัก,0
กรุงเทพมหานคร,ธนบุรี,วัดกัลยาณ์,10600,14,พื้นที่หลัก,0
กรุงเทพมหานคร,ธนบุรี,สำเหร่,10600,10,พื้นที่หลัก,0
กรุงเทพมหานคร,ธนบุรี,หิรัญรูจี,10600,12,พื้นที่หลัก,0
กรุงเทพมหานคร,บางกอกน้อย,บางขุนนนท์,10700,17,พื้นที่หลัก,0
กรุงเทพมหานคร,บางกอกน้อย,บางขุนศรี,10700,16,พื้นที่หลัก,0
กรุงเทพมหานคร,บางกอกน้อย,บ้านช่างหล่อ,10700,15,พื้นที่หลัก,0
กรุงเทพมหานคร,บางกอกน้อย,ศิริราช,10700,16,พื้นที่หลัก,0
กรุงเทพมหานคร,บางกอกน้อย,อรุณอมรินทร์,10700,16,พื้นที่หลัก,0
กรุงเทพมหานคร,บางกอกใหญ่,วัดท่าพระ,10600,11,พื้นที่หลัก,0
กรุงเทพมหานคร,บางกอกใหญ่,วัดอรุณ,10600,13,พื้นที่หลัก,0
กรุงเทพมหานคร,บางกะปิ,คลองจั่น,10240,33,นอกพื้นที่หลัก,400
กรุงเทพมหานคร,บางกะปิ,หัวหมาก,10240,32,นอกพื้นที่หลัก,400
กรุงเทพมหานคร,บางขุนเทียน,ท่าข้าม,10150,15,พื้นที่หลัก,0
กรุงเทพมหานคร,บางขุนเทียน,แสมดำ,10150,1,พื้นที่หลัก,0
กรุงเทพมหานคร,บางคอแหลม,บางคอแหลม,10120,10,พื้นที่หลัก,0
กรุงเทพมหานคร,บางคอแหลม,บางโคล่,10120,10,พื้นที่หลัก,0
กรุงเทพมหานคร,บางคอแหลม,วัดพระยาไกร,10120,10,พื้นที่หลัก,0
กรุงเทพมหานคร,บางซื่อ,บางซื่อ,10800,26,พื้นที่หลัก,0
กรุงเทพมหานคร,บางซื่อ,วงศ์สว่าง,10800,26,พื้นที่หลัก,0
กรุงเทพมหานคร,บางนา,บางนาเหนือ,10260,29,พื้นที่หลัก,0
กรุงเทพมหานคร,บางนา,บางนาใต้,10260,29,พื้นที่หลัก,0
กรุงเทพมหานคร,บางบอน,คลองบางบอน,10150,5,พื้นที่หลัก,0
กรุงเทพมหานคร,บางบอน,คลองบางพราน,10150,5,พื้นที่หลัก,0
กรุงเทพมหานคร,บางบอน,บางบอนเหนือ,10150,5,พื้นที่หลัก,0
กรุงเทพมหานคร,บางบอน,บางบอนใต้,10150,5,พื้นที่หลัก,0
กรุงเทพมหานคร,บางพลัด,บางบำหรุ,10700,22,พื้นที่หลัก,0
กรุงเทพมหานคร,บางพลัด,บางพลัด,10700,22,พื้นที่หลัก,0
กรุงเทพมหานคร,บางพลัด,บางยี่ขัน,10700,22,พื้นที่หลัก,0
กรุงเทพมหานคร,บางพลัด,บางอ้อ,10700,22,พื้นที่หลัก,0
กรุงเทพมหานคร,บางรัก,บางรัก,10500,14,พื้นที่หลัก,0
กรุงเทพมหานคร,บางรัก,มหาพฤฒาราม,10500,16,พื้นที่หลัก,0
กรุงเทพมหานคร,บางรัก,สีลม,10500,16,พื้นที่หลัก,0
กรุงเทพมหานคร,บางรัก,สี่พระยา,10500,16,พื้นที่หลัก,0
กรุงเทพมหานคร,บางรัก,สุริยวงศ์,10500,16,พื้นที่หลัก,0
กรุงเทพมหานคร,บางเขน,ท่าแร้ง,10220,39,นอกพื้นที่หลัก,400
กรุงเทพมหานคร,บางเขน,อนุสาวรีย์,10220,39,นอกพื้นที่หลัก,400
กรุงเทพมหานคร,บางแค,บางแค,10160,7,พื้นที่หลัก,0
กรุงเทพมหานคร,บางแค,บางแคเหนือ,10160,7,พื้นที่หลัก,0
กรุงเทพมหานคร,บางแค,บางไผ่,10160,7,พื้นที่หลัก,0
กรุงเทพมหานคร,บางแค,หลักสอง,10160,7,พื้นที่หลัก,0
กรุงเทพมหานคร,บึงกุ่ม,คลองกุ่ม,10240,38,นอกพื้นที่หลัก,400
กรุงเทพมหานคร,บึงกุ่ม,นวมินทร์,10240,38,นอกพื้นที่หลัก,400
กรุงเทพมหานคร,บึงกุ่ม,นวลจันทร์,10240,38,นอกพื้นที่หลัก,400
กรุงเทพมหานคร,ปทุมวัน,ปทุมวัน,10330,18,พื้นที่หลัก,0
กรุงเทพมหานคร,ปทุมวัน,รองเมือง,10330,17,พื้นที่หลัก,0
กรุงเทพมหานคร,ปทุมวัน,ลุมพินี,10330,19,พื้นที่หลัก,0
กรุงเทพมหานคร,ปทุมวัน,วังใหม่,10330,16,พื้นที่หลัก,0
กรุงเทพมหานคร,ประเวศ,ดอกไม้,10250,38,นอกพื้นที่หลัก,400
กรุงเทพมหานคร,ประเวศ,ประเวศ,10250,38,นอกพื้นที่หลัก,400
กรุงเทพมหานคร,ประเวศ,หนองบอน,10250,38,นอกพื้นที่หลัก,400
กรุงเทพมหานคร,ป้อมปราบศัตรูพ่าย,คลองมหานาค,10100,17,พื้นที่หลัก,0
กรุงเทพมหานคร,ป้อมปราบศัตรูพ่าย,บ้านบาตร,10100,16,พื้นที่หลัก,0
กรุงเทพมหานคร,ป้อมปราบศัตรูพ่าย,ป้อมปราบ,10100,16,พื้นที่หลัก,0
กรุงเทพมหานคร,ป้อมปราบศัตรูพ่าย,วัดเทพศิรินทร์,10100,16,พื้นที่หลัก,0
กรุงเทพมหานคร,ป้อมปราบศัตรูพ่าย,วัดโสมนัส,10100,18,พื้นที่หลัก,0
กรุงเทพมหานคร,พญาไท,พญาไท,10400,23,พื้นที่หลัก,0
กรุงเทพมหานคร,พญาไท,สามเสนใน,10400,23,พื้นที่หลัก,0
กรุงเทพมหานคร,พระนคร,ชนะสงคราม,10200,17,พื้นที่หลัก,0
กรุงเทพมหานคร,พระนคร,ตลาดยอด,10200,17,พื้นที่หลัก,0
กรุงเทพมหานคร,พระนคร,บวรนิเวศ,10200,16,พื้นที่หลัก,0
กรุงเทพมหานคร,พระนคร,บางขุนพรหม,10200,18,พื้นที่หลัก,0
กรุงเทพมหานคร,พระนคร,บ้านพานถม,10200,17,พื้นที่หลัก,0
กรุงเทพมหานคร,พระนคร,พระบรมมหาราชวัง,10200,16,พื้นที่หลัก,0
กรุงเทพมหานคร,พระนคร,วังบูรพาภิรมย์,10200,15,พื้นที่หลัก,0
กรุงเทพมหานคร,พระนคร,วัดราชบพิธ,10200,15,พื้นที่หลัก,0
กรุงเทพมหานคร,พระนคร,วัดสามพระยา,10200,18,พื้นที่หลัก,0
กรุงเทพมหานคร,พระนคร,ศาลเจ้าพ่อเสือ,10200,16,พื้นที่หลัก,0
กรุงเทพมหานคร,พระนคร,สำราญราษฎร์,10200,16,พื้นที่หลัก,0
กรุงเทพมหานคร,พระนคร,เสาชิงช้า,10200,15,พื้นที่หลัก,0
กรุงเทพมหานคร,พระโขนง,บางจาก,10260,24,พื้นที่หลัก,0
กรุงเทพมหานคร,พระโขนง,พระโขนงใต้,10260,24,พื้นที่หลัก,0
กรุงเทพมหานคร,ภาษีเจริญ,คลองขวาง,10160,12,พื้นที่หลัก,0
กรุงเทพมหานคร,ภาษีเจริญ,คูหาสวรรค์,10160,12,พื้นที่หลัก,0
กรุงเทพมหานคร,ภาษีเจริญ,บางจาก,10160,8,พื้นที่หลัก,0
กรุงเทพมหานคร,ภาษีเจริญ,บางด้วน,10160,41,นอกพื้นที่หลัก,500
กรุงเทพมหานคร,ภาษีเจริญ,บางหว้า,10160,8,พื้นที่หลัก,0
กรุงเทพมหานคร,ภาษีเจริญ,บางแวก,10160,11,พื้นที่หลัก,0
กรุงเทพมหานคร,ภาษีเจริญ,ปากคลองภาษีเจริญ,10160,10,พื้นที่หลัก,0
กรุงเทพมหานคร,มีนบุรี,มีนบุรี,10510,46,นอกพื้นที่หลัก,500
กรุงเทพมหานคร,มีนบุรี,แสนแสบ,10510,50,นอกพื้นที่หลัก,500
กรุงเทพมหานคร,ยานนาวา,ช่องนนทรี,10120,16,พื้นที่หลัก,0
กรุงเทพมหานคร,ยานนาวา,บางโพงพาง,10120,13,พื้นที่หลัก,0
กรุงเทพมหานคร,ราชเทวี,ถนนพญาไท,10400,20,พื้นที่หลัก,0
กรุงเทพมหานคร,ราชเทวี,ถนนเพชรบุรี,10400,20,พื้นที่หลัก,0
กรุงเทพมหานคร,ราชเทวี,ทุ่งพญาไท,10400,20,พื้นที่หลัก,0
กรุงเทพมหานคร,ราชเทวี,มักกะสัน,10400,20,พื้นที่หลัก,0
กรุงเทพมหานคร,ราษฎร์บูรณะ,บางปะกอก,10140,10,พื้นที่หลัก,0
กรุงเทพมหานคร,ราษฎร์บูรณะ,ราษฎร์บูรณะ,10140,10,พื้นที่หลัก,0
กรุงเทพมหานคร,ลาดกระบัง,ขุมทอง,10520,63,นอกพื้นที่หลัก,700
กรุงเทพมหานคร,ลาดกระบัง,คลองสองต้นนุ่น,10520,42,นอกพื้นที่หลัก,500
กรุงเทพมหานคร,ลาดกระบัง,คลองสามประเวศ,10520,51,นอกพื้นที่หลัก,600
กรุงเทพมหานคร,ลาดกระบัง,ทับยาว,10520,51,นอกพื้นที่หลัก,600
กรุงเทพมหานคร,ลาดกระบัง,ลาดกระบัง,10520,46,นอกพื้นที่หลัก,500
กรุงเทพมหานคร,ลาดกระบัง,ลำปลาทิว,10520,51,นอกพื้นที่หลัก,600
กรุงเทพมหานคร,ลาดพร้าว,จรเข้บัว,10230,32,นอกพื้นที่หลัก,400
กรุงเทพมหานคร,ลาดพร้าว,ลาดพร้าว,10230,32,นอกพื้นที่หลัก,400
กรุงเทพมหานคร,วังทองหลาง,คลองเจ้าคุณสิงห์,10310,28,พื้นที่หลัก,0
กรุงเทพมหานคร,วังทองหลาง,พลับพลา,10310,28,พื้นที่หลัก,0
กรุงเทพมหานคร,วังทองหลาง,วังทองหลาง,10310,28,พื้นที่หลัก,0
กรุงเทพมหานคร,วังทองหลาง,สะพานสอง,10310,28,พื้นที่หลัก,0
กรุงเทพมหานคร,วัฒนา,คลองตันเหนือ,10110,24,พื้นที่หลัก,0
กรุงเทพมหานคร,วัฒนา,คลองเตยเหนือ,10110,24,พื้นที่หลัก,0
กรุงเทพมหานคร,วัฒนา,พระโขนงเหนือ,10110,24,พื้นที่หลัก,0
กรุงเทพมหานคร,สวนหลวง,พัฒนาการ,10250,29,พื้นที่หลัก,0
กรุงเทพมหานคร,สวนหลวง,สวนหลวง,10250,29,พื้นที่หลัก,0
กรุงเทพมหานคร,สวนหลวง,อ่อนนุช,10250,29,พื้นที่หลัก,0
กรุงเทพมหานคร,สะพานสูง,ทับช้าง,10250,39,นอกพื้นที่หลัก,400
กรุงเทพมหานคร,สะพานสูง,ราษฎร์พัฒนา,10240,39,นอกพื้นที่หลัก,400
กรุงเทพมหานคร,สะพานสูง,สะพานสูง,10240,39,นอกพื้นที่หลัก,400
กรุงเทพมหานคร,สัมพันธวงศ์,จักรวรรดิ,10100,15,พื้นที่หลัก,0
กรุงเทพมหานคร,สัมพันธวงศ์,ตลาดน้อย,10100,15,พื้นที่หลัก,0
กรุงเทพมหานคร,สัมพันธวงศ์,สัมพันธวงศ์,10100,15,พื้นที่หลัก,0
กรุงเทพมหานคร,สาทร,ทุ่งมหาเมฆ,10120,14,พื้นที่หลัก,0
กรุงเทพมหานคร,สาทร,ทุ่งวัดดอน,10120,14,พื้นที่หลัก,0
กรุงเทพมหานคร,สาทร,ยานนาวา,10120,14,พื้นที่หลัก,0
กรุงเทพมหานคร,สายไหม,คลองถนน,10220,49,นอกพื้นที่หลัก,500
กรุงเทพมหานคร,สายไหม,สายไหม,10220,49,นอกพื้นที่หลัก,500
กรุงเทพมหานคร,สายไหม,ออเงิน,10220,49,นอกพื้นที่หลัก,500
กรุงเทพมหานคร,หนองจอก,กระทุ่มราย,10530,68,นอกพื้นที่หลัก,700
กรุงเทพมหานคร,หนองจอก,คลองสิบ,10530,68,นอกพื้นที่หลัก,700
กรุงเทพมหานคร,หนองจอก,คลองสิบสอง,10530,68,นอกพื้นที่หลัก,700
กรุงเทพมหานคร,หนองจอก,คู้ฝั่งเหนือ,10530,68,นอกพื้นที่หลัก,700
กรุงเทพมหานคร,หนองจอก,ลำต้อยติ่ง,10530,68,นอกพื้นที่หลัก,700
กรุงเทพมหานคร,หนองจอก,ลำผักชี,10530,68,นอกพื้นที่หลัก,700
กรุงเทพมหานคร,หนองจอก,หนองจอก,10530,68,นอกพื้นที่หลัก,700
กรุงเทพมหานคร,หนองจอก,โคกแฝด,10530,68,นอกพื้นที่หลัก,700
กรุงเทพมหานคร,หนองแขม,หนองค้างพลู,10160,12,พื้นที่หลัก,0
กรุงเทพมหานคร,หนองแขม,หนองแขม,10160,15,พื้นที่หลัก,0
กรุงเทพมหานคร,หลักสี่,ตลาดบางเขน,10210,39,นอกพื้นที่หลัก,400
กรุงเทพมหานคร,หลักสี่,ทุ่งสองห้อง,10210,39,นอกพื้นที่หลัก,400
กรุงเทพมหานคร,ห้วยขวาง,บางกะปิ,10310,25,พื้นที่หลัก,0
กรุงเทพมหานคร,ห้วยขวาง,สามเสนนอก,10310,26,พื้นที่หลัก,0
กรุงเทพมหานคร,ห้วยขวาง,ห้วยขวาง,10310,27,พื้นที่หลัก,0
กาญจนบุรี,ด่านมะขามเตี้ย,กลอนโด,71260,153,งานโครงการ,
กาญจนบุรี,ด่านมะขามเตี้ย,จรเข้เผือก,71260,153,งานโครงการ,
กาญจนบุรี,ด่านมะขามเตี้ย,ด่านมะขามเตี้ย,71260,153,งานโครงการ,
กาญจนบุรี,ด่านมะขามเตี้ย,หนองไผ่,71260,153,งานโครงการ,
กาญจนบุรี,ทองผาภูมิ,ชะแล,71180,310,งานโครงการ,
กาญจนบุรี,ทองผาภูมิ,ท่าขนุน,71180,308,งานโครงการ,
กาญจนบุรี,ทองผาภูมิ,ปิล๊อก,71180,338,งานโครงการ,
กาญจนบุรี,ทองผาภูมิ,ลิ่นถิ่น,71180,310,งานโครงการ,
กาญจนบุรี,ทองผาภูมิ,สหกรณ์นิคม,71180,310,งานโครงการ,
กาญจนบุรี,ทองผาภูมิ,หินดาด,71180,287,งานโครงการ,
กาญจนบุรี,ทองผาภูมิ,ห้วยเขย่ง,71180,310,งานโครงการ,
กาญจนบุรี,ท่ามะกา,ดอนขมิ้น,71120,95,นอกพื้นที่หลัก,1000
กาญจนบุรี,ท่ามะกา,ดอนชะเอม,71130,106,นอกพื้นที่หลัก,1100
กาญจนบุรี,ท่ามะกา,ตะคร้ำเอน,71130,106,นอกพื้นที่หลัก,1100
กาญจนบุรี,ท่ามะกา,ท่ามะกา,71120,106,นอกพื้นที่หลัก,1100
กาญจนบุรี,ท่ามะกา,ท่าเรือ,71130,106,นอกพื้นที่หลัก,1100
กาญจนบุรี,ท่ามะกา,ท่าเสา,71120,216,งานโครงการ,
กาญจนบุรี,ท่ามะกา,ท่าไม้,71120,99,นอกพื้นที่หลัก,1000
กาญจนบุรี,ท่ามะกา,พงตึก,71120,106,นอกพื้นที่หลัก,1100
กาญจนบุรี,ท่ามะกา,พระแท่น,71130,111,นอกพื้นที่หลัก,1200
กาญจนบุรี,ท่ามะกา,ยางม่วง,71120,106,นอกพื้นที่หลัก,1100
กาญจนบุรี,ท่ามะกา,สนามแย้,70190,106,นอกพื้นที่หลัก,1100
กาญจนบุรี,ท่ามะกา,หนองลาน,71130,106,นอกพื้นที่หลัก,1100
กาญจนบุรี,ท่ามะกา,หวายเหนียว,71120,106,นอกพื้นที่หลัก,1100
กาญจนบุรี,ท่ามะกา,อุโลกสี่หมื่น,71130,106,นอกพื้นที่หลัก,1100
กาญจนบุรี,ท่ามะกา,เขาสามสิบหาบ,71120,106,นอกพื้นที่หลัก,1100
กาญจนบุรี,ท่ามะกา,แสนตอ,71130,106,นอกพื้นที่หลัก,1100
กาญจนบุรี,ท่ามะกา,โคกตะบอง,71120,106,นอกพื้นที่หลัก,1100
กาญจนบุรี,ท่าม่วง,ทุ่งทอง,71110,125,นอกพื้นที่หลัก,1300
กาญจนบุรี,ท่าม่วง,ท่าตะคร้อ,71130,125,นอกพื้นที่หลัก,1300
กาญจนบุรี,ท่าม่วง,ท่าม่วง,71110,125,นอกพื้นที่หลัก,1300
กาญจนบุรี,ท่าม่วง,ท่าล้อ,71110,125,นอกพื้นที่หลัก,1300
กาญจนบุรี,ท่าม่วง,บ้านใหม่,71110,125,นอกพื้นที่หลัก,1300
กาญจนบุรี,ท่าม่วง,พังตรุ,71110,125,นอกพื้นที่หลัก,1300
กาญจนบุรี,ท่าม่วง,ม่วงชุม,71110,125,นอกพื้นที่หลัก,1300
กาญจนบุรี,ท่าม่วง,รางสาลี่,71110,125,นอกพื้นที่หลัก,1300
กาญจนบุรี,ท่าม่วง,วังขนาย,71110,125,นอกพื้นที่หลัก,1300
กาญจนบุรี,ท่าม่วง,วังศาลา,71110,125,นอกพื้นที่หลัก,1300
กาญจนบุรี,ท่าม่วง,หนองขาว,71110,136,นอกพื้นที่หลัก,1400
กาญจนบุรี,ท่าม่วง,หนองตากยา,71110,125,นอกพื้นที่หลัก,1300
กาญจนบุรี,ท่าม่วง,เขาน้อย,71110,125,นอกพื้นที่หลัก,1300
กาญจนบุรี,บ่อพลอย,ช่องด่าน,71160,168,งานโครงการ,
กาญจนบุรี,บ่อพลอย,บ่อพลอย,71160,166,งานโครงการ,
กาญจนบุรี,บ่อพลอย,หนองกร่าง,71220,186,งานโครงการ,
กาญจนบุรี,บ่อพลอย,หนองกุ่ม,71160,168,งานโครงการ,
กาญจนบุรี,บ่อพลอย,หนองรี,71220,192,งานโครงการ,
กาญจนบุรี,บ่อพลอย,หลุมรัง,71160,179,งานโครงการ,
กาญจนบุรี,พนมทวน,ดอนตาเพชร,71140,130,นอกพื้นที่หลัก,1300
กาญจนบุรี,พนมทวน,ดอนเจดีย์,71140,129,นอกพื้นที่หลัก,1300
กาญจนบุรี,พนมทวน,ทุ่งสมอ,71140,129,นอกพื้นที่หลัก,1300
กาญจนบุรี,พนมทวน,พนมทวน,71140,128,นอกพื้นที่หลัก,1300
กาญจนบุรี,พนมทวน,พังตรุ,71140,129,นอกพื้นที่หลัก,1300
กาญจนบุรี,พนมทวน,รางหวาย,71170,129,นอกพื้นที่หลัก,1300
กาญจนบุรี,พนมทวน,หนองสาหร่าย,71140,119,นอกพื้นที่หลัก,1200
กาญจนบุรี,พนมทวน,หนองโรง,71140,129,นอกพื้นที่หลัก,1300
กาญจนบุรี,ศรีสวัสดิ์,ด่านแม่แฉลบ,71250,239,งานโครงการ,
กาญจนบุรี,ศรีสวัสดิ์,ท่ากระดาน,71250,224,งานโครงการ,
กาญจนบุรี,ศรีสวัสดิ์,นาสวน,71250,239,งานโครงการ,
กาญจนบุรี,ศรีสวัสดิ์,หนองเป็ด,71250,221,งานโครงการ,
กาญจนบุรี,ศรีสวัสดิ์,เขาโจด,71220,219,งานโครงการ,
กาญจนบุรี,ศรีสวัสดิ์,แม่กระบุง,71250,239,งานโครงการ,
กาญจนบุรี,สังขละบุรี,ปรังเผล,71240,366,งานโครงการ,
กาญจนบุรี,สังขละบุรี,หนองลู,71240,365,งานโครงการ,
กาญจนบุรี,สังขละบุรี,ไล่โว่,71240,366,งานโครงการ,
กาญจนบุรี,หนองปรือ,สมเด็จเจริญ,71220,202,งานโครงการ,
กาญจนบุรี,หนองปรือ,หนองปรือ,71220,202,งานโครงการ,
กาญจนบุรี,หนองปรือ,หนองปลาไหล,71220,202,งานโครงการ,
กาญจนบุรี,ห้วยกระเจา,ดอนแสลบ,71170,150,นอกพื้นที่หลัก,1500
กาญจนบุรี,ห้วยกระเจา,วังไผ่,71170,150,นอกพื้นที่หลัก,1500
กาญจนบุรี,ห้วยกระเจา,สระลงเรือ,71170,150,นอกพื้นที่หลัก,1500
กาญจนบุรี,ห้วยกระเจา,ห้วยกระเจา,71170,150,นอกพื้นที่หลัก,1500
กาญจนบุรี,เมืองกาญจนบุรี,ช่องสะเดา,71190,139,นอกพื้นที่หลัก,1400
กาญจนบุรี,เมืองกาญจนบุรี,ท่ามะขาม,71000,139,นอกพื้นที่หลัก,1400
กาญจนบุรี,เมืองกาญจนบุรี,บ้านเก่า,71000,172,งานโครงการ,
กาญจนบุรี,เมืองกาญจนบุรี,บ้านเหนือ,71000,139,นอกพื้นที่หลัก,1400
กาญจนบุรี,เมืองกาญจนบุรี,บ้านใต้,71000,139,นอกพื้นที่หลัก,1400
กาญจนบุรี,เมืองกาญจนบุรี,ปากแพรก,71000,139,นอกพื้นที่หลัก,1400
กาญจนบุรี,เมืองกาญจนบุรี,ลาดหญ้า,71190,139,นอกพื้นที่หลัก,1400
กาญจนบุรี,เมืองกาญจนบุรี,วังด้ง,71190,139,นอกพื้นที่หลัก,1400
กาญจนบุรี,เมืองกาญจนบุรี,วังเย็น,71000,139,นอกพื้นที่หลัก,1400
กาญจนบุรี,เมืองกาญจนบุรี,หนองบัว,71190,139,นอกพื้นที่หลัก,1400
กาญจนบุรี,เมืองกาญจนบุรี,หนองหญ้า,71000,151,งานโครงการ,
กาญจนบุรี,เมืองกาญจนบุรี,เกาะสำโรง,71000,139,นอกพื้นที่หลัก,1400
กาญจนบุรี,เมืองกาญจนบุรี,แก่งเสี้ยน,71000,139,นอกพื้นที่หลัก,1400
กาญจนบุรี,เลาขวัญ,ทุ่งกระบ่ำ,71210,182,งานโครงการ,
กาญจนบุรี,เลาขวัญ,หนองนกแก้ว,71210,170,งานโครงการ,
กาญจนบุรี,เลาขวัญ,หนองประดู่,71210,146,นอกพื้นที่หลัก,1500
กาญจนบุรี,เลาขวัญ,หนองปลิง,71210,170,งานโครงการ,
กาญจนบุรี,เลาขวัญ,หนองฝ้าย,71210,170,งานโครงการ,
กาญจนบุรี,เลาขวัญ,หนองโสน,71210,179,งานโครงการ,
กาญจนบุรี,เลาขวัญ,เลาขวัญ,71210,170,งานโครงการ,
กาญจนบุรี,ไทรโยค,ท่าเสา,71150,216,งานโครงการ,
กาญจนบุรี,ไทรโยค,บ้องตี้,71150,219,งานโครงการ,
กาญจนบุรี,ไทรโยค,ลุ่มสุ่ม,71150,200,งานโครงการ,
กาญจนบุรี,ไทรโยค,วังกระแจะ,71150,219,งานโครงการ,
กาญจนบุรี,ไทรโยค,ศรีมงคล,71150,190,งานโครงการ,
กาญจนบุรี,ไทรโยค,สิงห์,71150,180,งานโครงการ,
กาญจนบุรี,ไทรโยค,ไทรโยค,71150,262,งานโครงการ,
ฉะเชิงเทรา,คลองเขื่อน,ก้อนแก้ว,24000,107,นอกพื้นที่หลัก,1100
ฉะเชิงเทรา,คลองเขื่อน,คลองเขื่อน,24000,107,นอกพื้นที่หลัก,1100
ฉะเชิงเทรา,คลองเขื่อน,บางตลาด,24110,107,นอกพื้นที่หลัก,1100
ฉะเชิงเทรา,คลองเขื่อน,บางเล่า,24000,107,นอกพื้นที่หลัก,1100
ฉะเชิงเทรา,คลองเขื่อน,บางโรง,24000,107,นอกพื้นที่หลัก,1100
ฉะเชิงเทรา,ท่าตะเกียบ,คลองตะเกรา,24160,174,งานโครงการ,
ฉะเชิงเทรา,ท่าตะเกียบ,ท่าตะเกียบ,24160,174,งานโครงการ,
ฉะเชิงเทรา,บางคล้า,ท่าทองหลาง,24110,114,นอกพื้นที่หลัก,1200
ฉะเชิงเทรา,บางคล้า,บางกระเจ็ด,24110,112,นอกพื้นที่หลัก,1200
ฉะเชิงเทรา,บางคล้า,บางคล้า,24110,113,นอกพื้นที่หลัก,1200
ฉะเชิงเทรา,บางคล้า,บางสวน,24110,112,นอกพื้นที่หลัก,1200
ฉะเชิงเทรา,บางคล้า,ปากน้ำ,24110,112,นอกพื้นที่หลัก,1200
ฉะเชิงเทรา,บางคล้า,สาวชะโงก,24110,104,นอกพื้นที่หลัก,1100
ฉะเชิงเทรา,บางคล้า,หัวไทร,24110,117,นอกพื้นที่หลัก,1200
ฉะเชิงเทรา,บางคล้า,เสม็ดเหนือ,24110,112,นอกพื้นที่หลัก,1200
ฉะเชิงเทรา,บางคล้า,เสม็ดใต้,24110,105,นอกพื้นที่หลัก,1100
ฉะเชิงเทรา,บางน้ำเปรี้ยว,ดอนฉิมพลี,24170,89,นอกพื้นที่หลัก,900
ฉะเชิงเทรา,บางน้ำเปรี้ยว,ดอนเกาะกา,24170,95,นอกพื้นที่หลัก,1000
ฉะเชิงเทรา,บางน้ำเปรี้ยว,บางขนาก,24150,107,นอกพื้นที่หลัก,1100
ฉะเชิงเทรา,บางน้ำเปรี้ยว,บางน้ำเปรี้ยว,24150,94,นอกพื้นที่หลัก,1000
ฉะเชิงเทรา,บางน้ำเปรี้ยว,บึงน้ำรักษ์,24170,94,นอกพื้นที่หลัก,1000
ฉะเชิงเทรา,บางน้ำเปรี้ยว,ศาลาแดง,24000,77,นอกพื้นที่หลัก,800
ฉะเชิงเทรา,บางน้ำเปรี้ยว,สิงโตทอง,24150,96,นอกพื้นที่หลัก,1000
ฉะเชิงเทรา,บางน้ำเปรี้ยว,หมอนทอง,24150,93,นอกพื้นที่หลัก,1000
ฉะเชิงเทรา,บางน้ำเปรี้ยว,โพรงอากาศ,24150,94,นอกพื้นที่หลัก,1000
ฉะเชิงเทรา,บางน้ำเปรี้ยว,โยธะกา,24150,107,นอกพื้นที่หลัก,1100
ฉะเชิงเทรา,บางปะกง,ท่าข้าม,24130,83,นอกพื้นที่หลัก,900
ฉะเชิงเทรา,บางปะกง,ท่าสะอ้าน,24130,83,นอกพื้นที่หลัก,900
ฉะเชิงเทรา,บางปะกง,บางปะกง,24130,79,นอกพื้นที่หลัก,800
ฉะเชิงเทรา,บางปะกง,บางผึ้ง,24130,83,นอกพื้นที่หลัก,900
ฉะเชิงเทรา,บางปะกง,บางวัว,24180,83,นอกพื้นที่หลัก,900
ฉะเชิงเทรา,บางปะกง,บางสมัคร,24180,76,นอกพื้นที่หลัก,800
ฉะเชิงเทรา,บางปะกง,บางเกลือ,24180,83,นอกพื้นที่หลัก,900
ฉะเชิงเทรา,บางปะกง,พิมพา,24130,83,นอกพื้นที่หลัก,900
ฉะเชิงเทรา,บางปะกง,สองคลอง,24130,83,นอกพื้นที่หลัก,900
ฉะเชิงเทรา,บางปะกง,หนองจอก,24130,79,นอกพื้นที่หลัก,800
ฉะเชิงเทรา,บางปะกง,หอมศีล,24180,71,นอกพื้นที่หลัก,800
ฉะเชิงเทรา,บางปะกง,เขาดิน,24130,83,นอกพื้นที่หลัก,900
ฉะเชิงเทรา,บ้านโพธิ์,คลองขุด,24140,94,นอกพื้นที่หลัก,1000
ฉะเชิงเทรา,บ้านโพธิ์,คลองบ้านโพธิ์,24140,90,นอกพื้นที่หลัก,900
ฉะเชิงเทรา,บ้านโพธิ์,คลองประเวศ,24140,94,นอกพื้นที่หลัก,1000
ฉะเชิงเทรา,บ้านโพธิ์,ดอนทราย,24140,94,นอกพื้นที่หลัก,1000
ฉะเชิงเทรา,บ้านโพธิ์,ท่าพลับ,24140,94,นอกพื้นที่หลัก,1000
ฉะเชิงเทรา,บ้านโพธิ์,บางกรูด,24140,94,นอกพื้นที่หลัก,1000
ฉะเชิงเทรา,บ้านโพธิ์,บางซ่อน,24140,94,นอกพื้นที่หลัก,1000
ฉะเชิงเทรา,บ้านโพธิ์,บ้านโพธิ์,24140,328,งานโครงการ,
ฉะเชิงเทรา,บ้านโพธิ์,ลาดขวาง,24140,88,นอกพื้นที่หลัก,900
ฉะเชิงเทรา,บ้านโพธิ์,สนามจันทร์,24140,90,นอกพื้นที่หลัก,900
ฉะเชิงเทรา,บ้านโพธิ์,สิบเอ็ดศอก,24140,94,นอกพื้นที่หลัก,1000
ฉะเชิงเทรา,บ้านโพธิ์,หนองตีนนก,24140,94,นอกพื้นที่หลัก,1000
ฉะเชิงเทรา,บ้านโพธิ์,หนองบัว,24140,94,นอกพื้นที่หลัก,1000
ฉะเชิงเทรา,บ้านโพธิ์,เกาะไร่,24140,94,นอกพื้นที่หลัก,1000
ฉะเชิงเทรา,บ้านโพธิ์,เทพราช,24140,94,นอกพื้นที่หลัก,1000
ฉะเชิงเทรา,บ้านโพธิ์,แสนภูดาษ,24140,94,นอกพื้นที่หลัก,1000
ฉะเชิงเทรา,บ้านโพธิ์,แหลมประดู่,24140,94,นอกพื้นที่หลัก,1000
ฉะเชิงเทรา,พนมสารคาม,ท่าถ่าน,24120,134,นอกพื้นที่หลัก,1400
ฉะเชิงเทรา,พนมสารคาม,บ้านซ่อง,24120,133,นอกพื้นที่หลัก,1400
ฉะเชิงเทรา,พนมสารคาม,พนมสารคาม,24120,133,นอกพื้นที่หลัก,1400
ฉะเชิงเทรา,พนมสารคาม,หนองยาว,24120,135,นอกพื้นที่หลัก,1400
ฉะเชิงเทรา,พนมสารคาม,หนองแหน,24120,129,นอกพื้นที่หลัก,1300
ฉะเชิงเทรา,พนมสารคาม,เกาะขนุน,24120,133,นอกพื้นที่หลัก,1400
ฉะเชิงเทรา,พนมสารคาม,เขาหินซ้อน,24120,149,นอกพื้นที่หลัก,1500
ฉะเชิงเทรา,พนมสารคาม,เมืองเก่า,24120,133,นอกพื้นที่หลัก,1400
ฉะเชิงเทรา,ราชสาส์น,ดงน้อย,24120,124,นอกพื้นที่หลัก,1300
ฉะเชิงเทรา,ราชสาส์น,บางคา,24120,123,นอกพื้นที่หลัก,1300
ฉะเชิงเทรา,ราชสาส์น,เมืองใหม่,24120,124,นอกพื้นที่หลัก,1300
ฉะเชิงเทรา,สนามชัยเขต,คู้ยายหมี,24160,146,นอกพื้นที่หลัก,1500
ฉะเชิงเทรา,สนามชัยเขต,ทุ่งพระยา,24160,146,นอกพื้นที่หลัก,1500
ฉะเชิงเทรา,สนามชัยเขต,ท่ากระดาน,24160,168,งานโครงการ,
ฉะเชิงเทรา,สนามชัยเขต,ลาดกระทิง,24160,146,นอกพื้นที่หลัก,1500
ฉะเชิงเทรา,เมืองฉะเชิงเทรา,คลองจุกกระเฌอ,24000,92,นอกพื้นที่หลัก,1000
ฉะเชิงเทรา,เมืองฉะเชิงเทรา,คลองนครเนื่องเขต,24000,92,นอกพื้นที่หลัก,1000
ฉะเชิงเทรา,เมืองฉะเชิงเทรา,คลองนา,24000,96,นอกพื้นที่หลัก,1000
ฉะเชิงเทรา,เมืองฉะเชิงเทรา,คลองหลวงแพ่ง,24000,92,นอกพื้นที่หลัก,1000
ฉะเชิงเทรา,เมืองฉะเชิงเทรา,คลองอุดมชลจร,24000,92,นอกพื้นที่หลัก,1000
ฉะเชิงเทรา,เมืองฉะเชิงเทรา,คลองเปรง,24000,92,นอกพื้นที่หลัก,1000
ฉะเชิงเทรา,เมืองฉะเชิงเทรา,ท่าไข่,24000,92,นอกพื้นที่หลัก,1000
ฉะเชิงเทรา,เมืองฉะเชิงเทรา,บางกะไห,24000,85,นอกพื้นที่หลัก,900
ฉะเชิงเทรา,เมืองฉะเชิงเทรา,บางขวัญ,24000,92,นอกพื้นที่หลัก,1000
ฉะเชิงเทรา,เมืองฉะเชิงเทรา,บางตีนเป็ด,24000,92,นอกพื้นที่หลัก,1000
ฉะเชิงเทรา,เมืองฉะเชิงเทรา,บางพระ,24000,89,นอกพื้นที่หลัก,900
ฉะเชิงเทรา,เมืองฉะเชิงเทรา,บางเตย,24000,92,นอกพื้นที่หลัก,1000
ฉะเชิงเทรา,เมืองฉะเชิงเทรา,บางแก้ว,24000,92,นอกพื้นที่หลัก,1000
ฉะเชิงเทรา,เมืองฉะเชิงเทรา,บางไผ่,24000,92,นอกพื้นที่หลัก,1000
ฉะเชิงเทรา,เมืองฉะเชิงเทรา,บ้านใหม่,24000,92,นอกพื้นที่หลัก,1000
ฉะเชิงเทรา,เมืองฉะเชิงเทรา,วังตะเคียน,24000,88,นอกพื้นที่หลัก,900
ฉะเชิงเทรา,เมืองฉะเชิงเทรา,หนามแดง,24000,92,นอกพื้นที่หลัก,1000
ฉะเชิงเทรา,เมืองฉะเชิงเทรา,หน้าเมือง,24000,92,นอกพื้นที่หลัก,1000
ฉะเชิงเทรา,เมืองฉะเชิงเทรา,โสธร,24000,92,นอกพื้นที่หลัก,1000
ฉะเชิงเทรา,แปลงยาว,วังเย็น,24190,124,นอกพื้นที่หลัก,1300
ฉะเชิงเทรา,แปลงยาว,หนองไม้แก่น,24190,124,นอกพื้นที่หลัก,1300
ฉะเชิงเทรา,แปลงยาว,หัวสำโรง,24190,124,นอกพื้นที่หลัก,1300
ฉะเชิงเทรา,แปลงยาว,แปลงยาว,24190,124,นอกพื้นที่หลัก,1300
ชลบุรี,บางละมุง,ตะเคียนเตี้ย,20150,124,นอกพื้นที่หลัก,1300
ชลบุรี,บางละมุง,นาเกลือ,20150,125,นอกพื้นที่หลัก,1300
ชลบุรี,บางละมุง,บางละมุง,20150,124,นอกพื้นที่หลัก,1300
ชลบุรี,บางละมุง,หนองปรือ,20150,124,นอกพื้นที่หลัก,1300
ชลบุรี,บางละมุง,หนองปลาไหล,20150,127,นอกพื้นที่หลัก,1300
ชลบุรี,บางละมุง,ห้วยใหญ่,20150,124,นอกพื้นที่หลัก,1300
ชลบุรี,บางละมุง,เขาไม้แก้ว,20150,139,นอกพื้นที่หลัก,1400
ชลบุรี,บางละมุง,โป่ง,20150,124,นอกพื้นที่หลัก,1300
ชลบุรี,บ่อทอง,ธาตุทอง,20270,157,งานโครงการ,
ชลบุรี,บ่อทอง,บ่อกวางทอง,20270,157,งานโครงการ,
ชลบุรี,บ่อทอง,บ่อทอง,20270,157,งานโครงการ,
ชลบุรี,บ่อทอง,พลวงทอง,20270,157,งานโครงการ,
ชลบุรี,บ่อทอง,วัดสุวรรณ,20270,157,งานโครงการ,
ชลบุรี,บ่อทอง,เกษตรสุวรรณ,20270,157,งานโครงการ,
ชลบุรี,บ้านบึง,คลองกิ่ว,20220,118,นอกพื้นที่หลัก,1200
ชลบุรี,บ้านบึง,บ้านบึง,20170,112,นอกพื้นที่หลัก,1200
ชลบุรี,บ้านบึง,มาบไผ่,20170,308,งานโครงการ,
ชลบุรี,บ้านบึง,หนองชาก,20170,111,นอกพื้นที่หลัก,1200
ชลบุรี,บ้านบึง,หนองซ้ำซาก,20170,103,นอกพื้นที่หลัก,1100
ชลบุรี,บ้านบึง,หนองบอนแดง,20170,111,นอกพื้นที่หลัก,1200
ชลบุรี,บ้านบึง,หนองอิรุณ,20220,127,นอกพื้นที่หลัก,1300
ชลบุรี,บ้านบึง,หนองไผ่แก้ว,20220,138,นอกพื้นที่หลัก,1400
ชลบุรี,พนัสนิคม,กุฎโง้ง,20140,112,นอกพื้นที่หลัก,1200
ชลบุรี,พนัสนิคม,ทุ่งขวาง,20140,112,นอกพื้นที่หลัก,1200
ชลบุรี,พนัสนิคม,ท่าข้าม,20140,112,นอกพื้นที่หลัก,1200
ชลบุรี,พนัสนิคม,นามะตูม,20140,112,นอกพื้นที่หลัก,1200
ชลบุรี,พนัสนิคม,นาวังหิน,20140,116,นอกพื้นที่หลัก,1200
ชลบุรี,พนัสนิคม,นาเริก,20140,112,นอกพื้นที่หลัก,1200
ชลบุรี,พนัสนิคม,บ้านช้าง,20140,112,นอกพื้นที่หลัก,1200
ชลบุรี,พนัสนิคม,บ้านเซิด,20140,112,นอกพื้นที่หลัก,1200
ชลบุรี,พนัสนิคม,พนัสนิคม,20140,112,นอกพื้นที่หลัก,1200
ชลบุรี,พนัสนิคม,วัดหลวง,20140,112,นอกพื้นที่หลัก,1200
ชลบุรี,พนัสนิคม,วัดโบสถ์,20140,108,นอกพื้นที่หลัก,1100
ชลบุรี,พนัสนิคม,สระสี่เหลี่ยม,20140,114,นอกพื้นที่หลัก,1200
ชลบุรี,พนัสนิคม,หนองขยาด,20140,112,นอกพื้นที่หลัก,1200
ชลบุรี,พนัสนิคม,หนองปรือ,20140,112,นอกพื้นที่หลัก,1200
ชลบุรี,พนัสนิคม,หนองเหียง,20140,112,นอกพื้นที่หลัก,1200
ชลบุรี,พนัสนิคม,หน้าพระธาตุ,20140,112,นอกพื้นที่หลัก,1200
ชลบุรี,พนัสนิคม,หมอนนาง,20140,121,นอกพื้นที่หลัก,1300
ชลบุรี,พนัสนิคม,หัวถนน,20140,112,นอกพื้นที่หลัก,1200
ชลบุรี,พนัสนิคม,โคกเพลาะ,20140,112,นอกพื้นที่หลัก,1200
ชลบุรี,พนัสนิคม,ไร่หลักทอง,20140,112,นอกพื้นที่หลัก,1200
ชลบุรี,พานทอง,บางนาง,20160,100,นอกพื้นที่หลัก,1000
ชลบุรี,พานทอง,บางหัก,20160,100,นอกพื้นที่หลัก,1000
ชลบุรี,พานทอง,บ้านเก่า,20160,100,นอกพื้นที่หลัก,1000
ชลบุรี,พานทอง,พานทอง,20160,101,นอกพื้นที่หลัก,1100
ชลบุรี,พานทอง,มาบโป่ง,20160,100,นอกพื้นที่หลัก,1000
ชลบุรี,พานทอง,หนองกะขะ,20160,100,นอกพื้นที่หลัก,1000
ชลบุรี,พานทอง,หนองตำลึง,20160,100,นอกพื้นที่หลัก,1000
ชลบุรี,พานทอง,หนองหงษ์,20160,100,นอกพื้นที่หลัก,1000
ชลบุรี,พานทอง,หน้าประดู่,20160,100,นอกพื้นที่หลัก,1000
ชลบุรี,พานทอง,เกาะลอย,20160,97,นอกพื้นที่หลัก,1000
ชลบุรี,พานทอง,โคกขี้หนอน,20160,100,นอกพื้นที่หลัก,1000
ชลบุรี,ศรีราชา,ทุ่งสุขลา,20230,103,นอกพื้นที่หลัก,1100
ชลบุรี,ศรีราชา,บางพระ,20110,103,นอกพื้นที่หลัก,1100
ชลบุรี,ศรีราชา,บึง,20230,103,นอกพื้นที่หลัก,1100
ชลบุรี,ศรีราชา,บ่อวิน,20230,103,นอกพื้นที่หลัก,1100
ชลบุรี,ศรีราชา,ศรีราชา,20110,103,นอกพื้นที่หลัก,1100
ชลบุรี,ศรีราชา,สุรศักดิ์,20110,103,นอกพื้นที่หลัก,1100
ชลบุรี,ศรีราชา,หนองขาม,20110,103,นอกพื้นที่หลัก,1100
ชลบุรี,ศรีราชา,เขาคันทรง,20110,103,นอกพื้นที่หลัก,1100
ชลบุรี,สัตหีบ,นาจอมเทียน,20250,152,งานโครงการ,
ชลบุรี,สัตหีบ,บางเสร่,20250,152,งานโครงการ,
ชลบุรี,สัตหีบ,พลูตาหลวง,20180,164,งานโครงการ,
ชลบุรี,สัตหีบ,สัตหีบ,20180,164,งานโครงการ,
ชลบุรี,สัตหีบ,แสมสาร,20180,164,งานโครงการ,
ชลบุรี,หนองใหญ่,คลองพลู,20190,155,งานโครงการ,
ชลบุรี,หนองใหญ่,หนองเสือช้าง,20190,155,งานโครงการ,
ชลบุรี,หนองใหญ่,หนองใหญ่,20190,155,งานโครงการ,
ชลบุรี,หนองใหญ่,ห้างสูง,20190,155,งานโครงการ,
ชลบุรี,หนองใหญ่,เขาซก,20190,155,งานโครงการ,
ชลบุรี,เกาะจันทร์,ท่าบุญมี,20240,136,นอกพื้นที่หลัก,1400
ชลบุรี,เกาะจันทร์,เกาะจันทร์,20240,136,นอกพื้นที่หลัก,1400
ชลบุรี,เกาะสีชัง,ท่าเทววงษ์,20120,95,นอกพื้นที่หลัก,1000
ชลบุรี,เมืองชลบุรี,คลองตำหรุ,20000,87,นอกพื้นที่หลัก,900
ชลบุรี,เมืองชลบุรี,ดอนหัวฬ่อ,20000,94,นอกพื้นที่หลัก,1000
ชลบุรี,เมืองชลบุรี,นาป่า,20000,94,นอกพื้นที่หลัก,1000
ชลบุรี,เมืองชลบุรี,บางทราย,20000,90,นอกพื้นที่หลัก,900
ชลบุรี,เมืองชลบุรี,บางปลาสร้อย,20000,91,นอกพื้นที่หลัก,1000
ชลบุรี,เมืองชลบุรี,บ้านปึก,20130,91,นอกพื้นที่หลัก,1000
ชลบุรี,เมืองชลบุรี,บ้านสวน,20000,91,นอกพื้นที่หลัก,1000
ชลบุรี,เมืองชลบุรี,บ้านโขด,20000,91,นอกพื้นที่หลัก,1000
ชลบุรี,เมืองชลบุรี,มะขามหย่ง,20000,91,นอกพื้นที่หลัก,1000
ชลบุรี,เมืองชลบุรี,สำนักบก,20000,99,นอกพื้นที่หลัก,1000
ชลบุรี,เมืองชลบุรี,หนองข้างคอก,20000,91,นอกพื้นที่หลัก,1000
ชลบุรี,เมืองชลบุรี,หนองรี,20000,91,นอกพื้นที่หลัก,1000
ชลบุรี,เมืองชลบุรี,หนองไม้แดง,20000,90,นอกพื้นที่หลัก,900
ชลบุรี,เมืองชลบุรี,ห้วยกะปิ,20000,91,นอกพื้นที่หลัก,1000
ชลบุรี,เมืองชลบุรี,อ่างศิลา,20000,91,นอกพื้นที่หลัก,1000
ชลบุรี,เมืองชลบุรี,เสม็ด,20130,88,นอกพื้นที่หลัก,900
ชลบุรี,เมืองชลบุรี,เหมือง,20130,91,นอกพื้นที่หลัก,1000
ชลบุรี,เมืองชลบุรี,แสนสุข,20000,91,นอกพื้นที่หลัก,1000
นครนายก,บ้านนา,ทองหลาง,26110,128,นอกพื้นที่หลัก,1300
นครนายก,บ้านนา,บางอ้อ,26110,128,นอกพื้นที่หลัก,1300
นครนายก,บ้านนา,บ้านนา,26110,128,นอกพื้นที่หลัก,1300
นครนายก,บ้านนา,บ้านพริก,26110,128,นอกพื้นที่หลัก,1300
นครนายก,บ้านนา,บ้านพร้าว,26110,128,นอกพื้นที่หลัก,1300
นครนายก,บ้านนา,ป่าขะ,26110,128,นอกพื้นที่หลัก,1300
นครนายก,บ้านนา,พิกุลออก,26110,128,นอกพื้นที่หลัก,1300
นครนายก,บ้านนา,ศรีกะอาง,26110,128,นอกพื้นที่หลัก,1300
นครนายก,บ้านนา,อาษา,26110,128,นอกพื้นที่หลัก,1300
นครนายก,บ้านนา,เขาเพิ่ม,26110,128,นอกพื้นที่หลัก,1300
นครนายก,ปากพลี,ท่าเรือ,26130,142,นอกพื้นที่หลัก,1500
นครนายก,ปากพลี,นาหินลาด,26130,142,นอกพื้นที่หลัก,1500
นครนายก,ปากพลี,ปากพลี,26130,142,นอกพื้นที่หลัก,1500
นครนายก,ปากพลี,หนองแสง,26130,150,นอกพื้นที่หลัก,1500
นครนายก,ปากพลี,เกาะหวาย,26130,142,นอกพื้นที่หลัก,1500
นครนายก,ปากพลี,เกาะโพธิ์,26130,142,นอกพื้นที่หลัก,1500
นครนายก,ปากพลี,โคกกรวด,26130,142,นอกพื้นที่หลัก,1500
นครนายก,องครักษ์,คลองใหญ่,26120,101,นอกพื้นที่หลัก,1100
นครนายก,องครักษ์,ชุมพล,26120,87,นอกพื้นที่หลัก,900
นครนายก,องครักษ์,ทรายมูล,26120,107,นอกพื้นที่หลัก,1100
นครนายก,องครักษ์,บางปลากด,26120,104,นอกพื้นที่หลัก,1100
นครนายก,องครักษ์,บางลูกเสือ,26120,107,นอกพื้นที่หลัก,1100
นครนายก,องครักษ์,บางสมบูรณ์,26120,107,นอกพื้นที่หลัก,1100
นครนายก,องครักษ์,บึงศาล,26120,107,นอกพื้นที่หลัก,1100
นครนายก,องครักษ์,พระอาจารย์,26120,107,นอกพื้นที่หลัก,1100
นครนายก,องครักษ์,ศีรษะกระบือ,26120,107,นอกพื้นที่หลัก,1100
นครนายก,องครักษ์,องครักษ์,26120,107,นอกพื้นที่หลัก,1100
นครนายก,องครักษ์,โพธิ์แทน,26120,107,นอกพื้นที่หลัก,1100
นครนายก,เมืองนครนายก,ดงละคร,26000,139,นอกพื้นที่หลัก,1400
นครนายก,เมืองนครนายก,ดอนยอ,26000,139,นอกพื้นที่หลัก,1400
นครนายก,เมืองนครนายก,ท่าช้าง,26000,132,นอกพื้นที่หลัก,1400
นครนายก,เมืองนครนายก,ท่าทราย,26000,139,นอกพื้นที่หลัก,1400
นครนายก,เมืองนครนายก,นครนายก,26000,139,นอกพื้นที่หลัก,1400
นครนายก,เมืองนครนายก,บ้านใหญ่,26000,139,นอกพื้นที่หลัก,1400
นครนายก,เมืองนครนายก,พรหมณี,26000,139,นอกพื้นที่หลัก,1400
นครนายก,เมืองนครนายก,วังกระโจม,26000,136,นอกพื้นที่หลัก,1400
นครนายก,เมืองนครนายก,ศรีจุฬา,26000,139,นอกพื้นที่หลัก,1400
นครนายก,เมืองนครนายก,ศรีนาวา,26000,146,นอกพื้นที่หลัก,1500
นครนายก,เมืองนครนายก,สาริกา,26000,139,นอกพื้นที่หลัก,1400
นครนายก,เมืองนครนายก,หินตั้ง,26000,154,งานโครงการ,
นครนายก,เมืองนครนายก,เขาพระ,26000,139,นอกพื้นที่หลัก,1400
นครปฐม,กำแพงแสน,กระตีบ,73180,95,นอกพื้นที่หลัก,1000
นครปฐม,กำแพงแสน,กำแพงแสน,73140,85,นอกพื้นที่หลัก,900
นครปฐม,กำแพงแสน,ดอนข่อย,73140,80,นอกพื้นที่หลัก,800
นครปฐม,กำแพงแสน,ทุ่งกระพังโหม,73140,77,นอกพื้นที่หลัก,800
นครปฐม,กำแพงแสน,ทุ่งขวาง,73140,83,นอกพื้นที่หลัก,900
นครปฐม,กำแพงแสน,ทุ่งบัว,73140,91,นอกพื้นที่หลัก,1000
นครปฐม,กำแพงแสน,ทุ่งลูกนก,73140,97,นอกพื้นที่หลัก,1000
นครปฐม,กำแพงแสน,รางพิกุล,73140,81,นอกพื้นที่หลัก,900
นครปฐม,กำแพงแสน,วังน้ำเขียว,73140,79,นอกพื้นที่หลัก,800
นครปฐม,กำแพงแสน,สระพัฒนา,73180,91,นอกพื้นที่หลัก,1000
นครปฐม,กำแพงแสน,สระสี่มุม,73140,84,นอกพื้นที่หลัก,900
นครปฐม,กำแพงแสน,หนองกระทุ่ม,73140,81,นอกพื้นที่หลัก,900
นครปฐม,กำแพงแสน,ห้วยขวาง,73140,71,นอกพื้นที่หลัก,800
นครปฐม,กำแพงแสน,ห้วยม่วง,73180,92,นอกพื้นที่หลัก,1000
นครปฐม,กำแพงแสน,ห้วยหมอนทอง,73140,88,นอกพื้นที่หลัก,900
นครปฐม,ดอนตูม,ดอนพุทรา,73150,62,นอกพื้นที่หลัก,700
นครปฐม,ดอนตูม,ดอนรวก,73150,58,นอกพื้นที่หลัก,600
นครปฐม,ดอนตูม,บ้านหลวง,73150,58,นอกพื้นที่หลัก,600
นครปฐม,ดอนตูม,ลำลูกบัว,73150,69,นอกพื้นที่หลัก,700
นครปฐม,ดอนตูม,ลำเหย,73150,72,นอกพื้นที่หลัก,800
นครปฐม,ดอนตูม,สามง่าม,73150,69,นอกพื้นที่หลัก,700
นครปฐม,ดอนตูม,ห้วยด้วน,73150,59,นอกพื้นที่หลัก,600
นครปฐม,ดอนตูม,ห้วยพระ,73150,67,นอกพื้นที่หลัก,700
นครปฐม,นครชัยศรี,ขุนแก้ว,73120,36,นอกพื้นที่หลัก,400
นครปฐม,นครชัยศรี,งิ้วราย,73120,39,นอกพื้นที่หลัก,400
นครปฐม,นครชัยศรี,ดอนแฝก,73120,42,นอกพื้นที่หลัก,500
นครปฐม,นครชัยศรี,ท่ากระชับ,73120,44,นอกพื้นที่หลัก,500
นครปฐม,นครชัยศรี,ท่าตำหนัก,73120,43,นอกพื้นที่หลัก,500
นครปฐม,นครชัยศรี,ท่าพระยา,73120,46,นอกพื้นที่หลัก,500
นครปฐม,นครชัยศรี,นครชัยศรี,73120,41,นอกพื้นที่หลัก,500
นครปฐม,นครชัยศรี,บางกระเบา,73120,42,นอกพื้นที่หลัก,500
นครปฐม,นครชัยศรี,บางพระ,73120,49,นอกพื้นที่หลัก,500
นครปฐม,นครชัยศรี,บางระกำ,73120,48,นอกพื้นที่หลัก,500
นครปฐม,นครชัยศรี,บางแก้ว,73120,44,นอกพื้นที่หลัก,500
นครปฐม,นครชัยศรี,บางแก้วฟ้า,73120,48,นอกพื้นที่หลัก,500
นครปฐม,นครชัยศรี,พะเนียด,73120,49,นอกพื้นที่หลัก,500
นครปฐม,นครชัยศรี,ลานตากฟ้า,73120,40,นอกพื้นที่หลัก,400
นครปฐม,นครชัยศรี,วัดละมุด,73120,48,นอกพื้นที่หลัก,500
นครปฐม,นครชัยศรี,วัดสำโรง,73120,40,นอกพื้นที่หลัก,400
นครปฐม,นครชัยศรี,วัดแค,73120,43,นอกพื้นที่หลัก,500
นครปฐม,นครชัยศรี,ศรีมหาโพธิ์,73120,49,นอกพื้นที่หลัก,500
นครปฐม,นครชัยศรี,ศรีษะทอง,73120,51,นอกพื้นที่หลัก,600
นครปฐม,นครชัยศรี,สัมปทวน,73120,43,นอกพื้นที่หลัก,500
นครปฐม,นครชัยศรี,ห้วยพลู,73120,45,นอกพื้นที่หลัก,500
นครปฐม,นครชัยศรี,แหลมบัว,73120,50,นอกพื้นที่หลัก,500
นครปฐม,นครชัยศรี,โคกพระเจดีย์,73120,48,นอกพื้นที่หลัก,500
นครปฐม,นครชัยศรี,ไทยาวาส,73120,37,นอกพื้นที่หลัก,400
นครปฐม,บางเลน,คลองนกกระทุง,73130,67,นอกพื้นที่หลัก,700
นครปฐม,บางเลน,ดอนตูม,73130,67,นอกพื้นที่หลัก,700
นครปฐม,บางเลน,นราภิรมย์,73130,67,นอกพื้นที่หลัก,700
นครปฐม,บางเลน,นิลเพชร,73130,67,นอกพื้นที่หลัก,700
นครปฐม,บางเลน,บัวปากท่า,73130,67,นอกพื้นที่หลัก,700
นครปฐม,บางเลน,บางปลา,73130,64,นอกพื้นที่หลัก,700
นครปฐม,บางเลน,บางภาษี,73130,67,นอกพื้นที่หลัก,700
นครปฐม,บางเลน,บางระกำ,73130,48,นอกพื้นที่หลัก,500
นครปฐม,บางเลน,บางหลวง,73190,83,นอกพื้นที่หลัก,900
นครปฐม,บางเลน,บางเลน,73130,63,นอกพื้นที่หลัก,700
นครปฐม,บางเลน,บางไทรป่า,73130,67,นอกพื้นที่หลัก,700
นครปฐม,บางเลน,ลำพญา,73130,67,นอกพื้นที่หลัก,700
นครปฐม,บางเลน,หินมูล,73190,67,นอกพื้นที่หลัก,700
นครปฐม,บางเลน,ไทรงาม,73130,67,นอกพื้นที่หลัก,700
นครปฐม,บางเลน,ไผ่หูช้าง,73130,67,นอกพื้นที่หลัก,700
นครปฐม,พุทธมณฑล,คลองโยง,73170,27,นอกพื้นที่หลัก,300
นครปฐม,พุทธมณฑล,มหาสวัสดิ์,73170,27,นอกพื้นที่หลัก,300
นครปฐม,พุทธมณฑล,ศาลายา,73170,27,นอกพื้นที่หลัก,300
นครปฐม,สามพราน,กระทุ่มล้ม,73220,34,นอกพื้นที่หลัก,400
นครปฐม,สามพราน,คลองจินดา,73110,34,นอกพื้นที่หลัก,400
นครปฐม,สามพราน,คลองใหม่,73110,34,นอกพื้นที่หลัก,400
นครปฐม,สามพราน,ตลาดจินดา,73110,34,นอกพื้นที่หลัก,400
นครปฐม,สามพราน,ทรงคนอง,73210,31,นอกพื้นที่หลัก,400
นครปฐม,สามพราน,ท่าข้าม,73110,34,นอกพื้นที่หลัก,400
นครปฐม,สามพราน,ท่าตลาด,73110,34,นอกพื้นที่หลัก,400
นครปฐม,สามพราน,บางกระทึก,73210,34,นอกพื้นที่หลัก,400
นครปฐม,สามพราน,บางช้าง,73110,35,นอกพื้นที่หลัก,400
นครปฐม,สามพราน,บางเตย,73210,29,นอกพื้นที่หลัก,300
นครปฐม,สามพราน,บ้านใหม่,73110,34,นอกพื้นที่หลัก,400
นครปฐม,สามพราน,ยายชา,73110,34,นอกพื้นที่หลัก,400
นครปฐม,สามพราน,สามพราน,73110,34,นอกพื้นที่หลัก,400
นครปฐม,สามพราน,หอมเกร็ด,73110,34,นอกพื้นที่หลัก,400
นครปฐม,สามพราน,อ้อมใหญ่,73160,34,นอกพื้นที่หลัก,400
นครปฐม,สามพราน,ไร่ขิง,73210,34,นอกพื้นที่หลัก,400
นครปฐม,เมืองนครปฐม,ดอนยายหอม,73000,59,นอกพื้นที่หลัก,600
นครปฐม,เมืองนครปฐม,ตาก้อง,73000,65,นอกพื้นที่หลัก,700
นครปฐม,เมืองนครปฐม,ถนนขาด,73000,56,นอกพื้นที่หลัก,600
นครปฐม,เมืองนครปฐม,ทัพหลวง,73000,59,นอกพื้นที่หลัก,600
นครปฐม,เมืองนครปฐม,ทุ่งน้อย,73000,59,นอกพื้นที่หลัก,600
นครปฐม,เมืองนครปฐม,ธรรมศาลา,73000,59,นอกพื้นที่หลัก,600
นครปฐม,เมืองนครปฐม,นครปฐม,73000,59,นอกพื้นที่หลัก,600
นครปฐม,เมืองนครปฐม,บางแขม,73000,59,นอกพื้นที่หลัก,600
นครปฐม,เมืองนครปฐม,บ่อพลับ,73000,59,นอกพื้นที่หลัก,600
นครปฐม,เมืองนครปฐม,บ้านยาง,73000,80,นอกพื้นที่หลัก,800
นครปฐม,เมืองนครปฐม,พระปฐมเจดีย์,73000,59,นอกพื้นที่หลัก,600
นครปฐม,เมืองนครปฐม,พระประโทน,73000,55,นอกพื้นที่หลัก,600
นครปฐม,เมืองนครปฐม,มาบแค,73000,61,นอกพื้นที่หลัก,700
นครปฐม,เมืองนครปฐม,ลำพยา,73000,59,นอกพื้นที่หลัก,600
นครปฐม,เมืองนครปฐม,วังตะกู,73000,67,นอกพื้นที่หลัก,700
นครปฐม,เมืองนครปฐม,วังเย็น,73000,59,นอกพื้นที่หลัก,600
นครปฐม,เมืองนครปฐม,สนามจันทร์,73000,59,นอกพื้นที่หลัก,600
นครปฐม,เมืองนครปฐม,สระกะเทียม,73000,59,นอกพื้นที่หลัก,600
นครปฐม,เมืองนครปฐม,สวนป่าน,73000,59,นอกพื้นที่หลัก,600
นครปฐม,เมืองนครปฐม,สามควายเผือก,73000,55,นอกพื้นที่หลัก,600
นครปฐม,เมืองนครปฐม,หนองงูเหลือม,73000,77,นอกพื้นที่หลัก,800
นครปฐม,เมืองนครปฐม,หนองดินแดง,73000,59,นอกพื้นที่หลัก,600
นครปฐม,เมืองนครปฐม,หนองปากโลง,73000,59,นอกพื้นที่หลัก,600
นครปฐม,เมืองนครปฐม,ห้วยจรเข้,73000,59,นอกพื้นที่หลัก,600
นครปฐม,เมืองนครปฐม,โพรงมะเดื่อ,73000,74,นอกพื้นที่หลัก,800
นนทบุรี,บางกรวย,บางกรวย,11130,22,นอกพื้นที่หลัก,300
นนทบุรี,บางกรวย,บางขนุน,11130,23,นอกพื้นที่หลัก,300
นนทบุรี,บางกรวย,บางขุนกอง,11130,24,นอกพื้นที่หลัก,300
นนทบุรี,บางกรวย,บางคูเวียง,11130,22,นอกพื้นที่หลัก,300
นนทบุรี,บางกรวย,บางสีทอง,11130,23,นอกพื้นที่หลัก,300
นนทบุรี,บางกรวย,ปลายบาง,11130,23,นอกพื้นที่หลัก,300
นนทบุรี,บางกรวย,มหาสวัสดิ์,11130,21,นอกพื้นที่หลัก,300
นนทบุรี,บางกรวย,วัดชลอ,11130,22,นอกพื้นที่หลัก,300
นนทบุรี,บางกรวย,ศาลากลาง,11130,23,นอกพื้นที่หลัก,300
นนทบุรี,บางบัวทอง,บางคูรัด,11110,39,นอกพื้นที่หลัก,400
นนทบุรี,บางบัวทอง,บางบัวทอง,11110,42,นอกพื้นที่หลัก,500
นนทบุรี,บางบัวทอง,บางรักพัฒนา,11110,36,นอกพื้นที่หลัก,400
นนทบุรี,บางบัวทอง,บางรักใหญ่,11110,31,นอกพื้นที่หลัก,400
นนทบุรี,บางบัวทอง,พิมลราช,11110,39,นอกพื้นที่หลัก,400
นนทบุรี,บางบัวทอง,ละหาร,11110,46,นอกพื้นที่หลัก,500
นนทบุรี,บางบัวทอง,ลำโพ,11110,47,นอกพื้นที่หลัก,500
นนทบุรี,บางบัวทอง,โสนลอย,11110,42,นอกพื้นที่หลัก,500
นนทบุรี,บางใหญ่,บางม่วง,11140,26,นอกพื้นที่หลัก,300
นนทบุรี,บางใหญ่,บางเลน,11140,27,นอกพื้นที่หลัก,300
นนทบุรี,บางใหญ่,บางแม่นาง,11140,34,นอกพื้นที่หลัก,400
นนทบุรี,บางใหญ่,บางใหญ่,11140,29,นอกพื้นที่หลัก,300
นนทบุรี,บางใหญ่,บ้านใหม่,11140,36,นอกพื้นที่หลัก,400
นนทบุรี,บางใหญ่,เสาธงหิน,11140,33,นอกพื้นที่หลัก,400
นนทบุรี,ปากเกร็ด,คลองข่อย,11120,44,นอกพื้นที่หลัก,500
นนทบุรี,ปากเกร็ด,คลองพระอุดม,11120,40,นอกพื้นที่หลัก,400
นนทบุรี,ปากเกร็ด,คลองเกลือ,11120,39,นอกพื้นที่หลัก,400
นนทบุรี,ปากเกร็ด,ท่าอิฐ,11120,35,นอกพื้นที่หลัก,400
นนทบุรี,ปากเกร็ด,บางตลาด,11120,35,นอกพื้นที่หลัก,400
นนทบุรี,ปากเกร็ด,บางตะไนย์,11120,41,นอกพื้นที่หลัก,500
นนทบุรี,ปากเกร็ด,บางพลับ,11120,39,นอกพื้นที่หลัก,400
นนทบุรี,ปากเกร็ด,บางพูด,11120,41,นอกพื้นที่หลัก,500
นนทบุรี,ปากเกร็ด,บ้านใหม่,11120,36,นอกพื้นที่หลัก,400
นนทบุรี,ปากเกร็ด,ปากเกร็ด,11120,38,นอกพื้นที่หลัก,400
นนทบุรี,ปากเกร็ด,อ้อมเกร็ด,11120,37,นอกพื้นที่หลัก,400
นนทบุรี,ปากเกร็ด,เกาะเกร็ด,11120,36,นอกพื้นที่หลัก,400
นนทบุรี,เมืองนนทบุรี,ตลาดขวัญ,11000,29,นอกพื้นที่หลัก,300
นนทบุรี,เมืองนนทบุรี,ท่าทราย,11000,32,นอกพื้นที่หลัก,400
นนทบุรี,เมืองนนทบุรี,บางกระสอ,11000,32,นอกพื้นที่หลัก,400
นนทบุรี,เมืองนนทบุรี,บางกร่าง,11000,27,นอกพื้นที่หลัก,300
นนทบุรี,เมืองนนทบุรี,บางรักน้อย,11000,29,นอกพื้นที่หลัก,300
นนทบุรี,เมืองนนทบุรี,บางศรีเมือง,11000,32,นอกพื้นที่หลัก,400
นนทบุรี,เมืองนนทบุรี,บางเขน,11000,29,นอกพื้นที่หลัก,300
นนทบุรี,เมืองนนทบุรี,บางไผ่,11000,27,นอกพื้นที่หลัก,300
นนทบุรี,เมืองนนทบุรี,สวนใหญ่,11000,32,นอกพื้นที่หลัก,400
นนทบุรี,เมืองนนทบุรี,ไทรม้า,11000,34,นอกพื้นที่หลัก,400
นนทบุรี,ไทรน้อย,ขุนศรี,11150,55,นอกพื้นที่หลัก,600
นนทบุรี,ไทรน้อย,คลองขวาง,11150,57,นอกพื้นที่หลัก,600
นนทบุรี,ไทรน้อย,ทวีวัฒนา,11150,45,นอกพื้นที่หลัก,500
นนทบุรี,ไทรน้อย,ราษฎร์นิยม,11150,68,นอกพื้นที่หลัก,700
นนทบุรี,ไทรน้อย,หนองเพรางาย,11150,39,นอกพื้นที่หลัก,400
นนทบุรี,ไทรน้อย,ไทรน้อย,11150,53,นอกพื้นที่หลัก,600
นนทบุรี,ไทรน้อย,ไทรใหญ่,11150,66,นอกพื้นที่หลัก,700
ปทุมธานี,คลองหลวง,คลองสอง,12120,67,นอกพื้นที่หลัก,700
ปทุมธานี,คลองหลวง,คลองสาม,12120,67,นอกพื้นที่หลัก,700
ปทุมธานี,คลองหลวง,คลองสี่,12120,70,นอกพื้นที่หลัก,700
ปทุมธานี,คลองหลวง,คลองหก,12120,67,นอกพื้นที่หลัก,700
ปทุมธานี,คลองหลวง,คลองหนึ่ง,12120,67,นอกพื้นที่หลัก,700
ปทุมธานี,คลองหลวง,คลองห้า,12120,67,นอกพื้นที่หลัก,700
ปทุมธานี,คลองหลวง,คลองเจ็ด,12120,67,นอกพื้นที่หลัก,700
ปทุมธานี,ธัญบุรี,บึงน้ำรักษ์,12110,69,นอกพื้นที่หลัก,700
ปทุมธานี,ธัญบุรี,บึงยี่โถ,12130,69,นอกพื้นที่หลัก,700
ปทุมธานี,ธัญบุรี,บึงสนั่น,12110,69,นอกพื้นที่หลัก,700
ปทุมธานี,ธัญบุรี,ประชาธิปัตย์,12130,69,นอกพื้นที่หลัก,700
ปทุมธานี,ธัญบุรี,รังสิต,12110,71,นอกพื้นที่หลัก,800
ปทุมธานี,ธัญบุรี,ลำผักกูด,12110,69,นอกพื้นที่หลัก,700
ปทุมธานี,ลาดหลุมแก้ว,คลองพระอุดม,12140,47,นอกพื้นที่หลัก,500
ปทุมธานี,ลาดหลุมแก้ว,คูขวาง,12140,56,นอกพื้นที่หลัก,600
ปทุมธานี,ลาดหลุมแก้ว,คูบางหลวง,12140,60,นอกพื้นที่หลัก,600
ปทุมธานี,ลาดหลุมแก้ว,บ่อเงิน,12140,64,นอกพื้นที่หลัก,700
ปทุมธานี,ลาดหลุมแก้ว,ระแหง,12140,56,นอกพื้นที่หลัก,600
ปทุมธานี,ลาดหลุมแก้ว,ลาดหลุมแก้ว,12140,56,นอกพื้นที่หลัก,600
ปทุมธานี,ลาดหลุมแก้ว,หน้าไม้,12140,59,นอกพื้นที่หลัก,600
ปทุมธานี,ลำลูกกา,คูคต,12130,52,นอกพื้นที่หลัก,600
ปทุมธานี,ลำลูกกา,บึงคอไห,12150,84,นอกพื้นที่หลัก,900
ปทุมธานี,ลำลูกกา,บึงคำพร้อย,12150,62,นอกพื้นที่หลัก,700
ปทุมธานี,ลำลูกกา,บึงทองหลาง,12150,60,นอกพื้นที่หลัก,600
ปทุมธานี,ลำลูกกา,พืชอุดม,12150,77,นอกพื้นที่หลัก,800
ปทุมธานี,ลำลูกกา,ลาดสวาย,12150,58,นอกพื้นที่หลัก,600
ปทุมธานี,ลำลูกกา,ลำลูกกา,12150,60,นอกพื้นที่หลัก,600
ปทุมธานี,ลำลูกกา,ลำไทร,12150,75,นอกพื้นที่หลัก,800
ปทุมธานี,สามโคก,กระแชง,12160,59,นอกพื้นที่หลัก,600
ปทุมธานี,สามโคก,คลองควาย,12160,61,นอกพื้นที่หลัก,700
ปทุมธานี,สามโคก,ท้ายเกาะ,12160,61,นอกพื้นที่หลัก,700
ปทุมธานี,สามโคก,บางกระบือ,12160,61,นอกพื้นที่หลัก,700
ปทุมธานี,สามโคก,บางเตย,12160,61,นอกพื้นที่หลัก,700
ปทุมธานี,สามโคก,บางโพธิ์เหนือ,12160,61,นอกพื้นที่หลัก,700
ปทุมธานี,สามโคก,บ้านงิ้ว,12160,61,นอกพื้นที่หลัก,700
ปทุมธานี,สามโคก,บ้านปทุม,12160,61,นอกพื้นที่หลัก,700
ปทุมธานี,สามโคก,สามโคก,12160,59,นอกพื้นที่หลัก,600
ปทุมธานี,สามโคก,เชียงรากน้อย,12160,61,นอกพื้นที่หลัก,700
ปทุมธานี,สามโคก,เชียงรากใหญ่,12160,63,นอกพื้นที่หลัก,700
ปทุมธานี,หนองเสือ,นพรัตน์,12170,102,นอกพื้นที่หลัก,1100
ปทุมธานี,หนองเสือ,บึงกาสาม,12170,95,นอกพื้นที่หลัก,1000
ปทุมธานี,หนองเสือ,บึงชำอ้อ,12170,91,นอกพื้นที่หลัก,1000
ปทุมธานี,หนองเสือ,บึงบอน,12170,76,นอกพื้นที่หลัก,800
ปทุมธานี,หนองเสือ,บึงบา,12170,90,นอกพื้นที่หลัก,900
ปทุมธานี,หนองเสือ,ศาลาครุ,12170,104,นอกพื้นที่หลัก,1100
ปทุมธานี,หนองเสือ,หนองสามวัง,12170,97,นอกพื้นที่หลัก,1000
ปทุมธานี,เมืองปทุมธานี,บางกะดี,12000,51,นอกพื้นที่หลัก,600
ปทุมธานี,เมืองปทุมธานี,บางขะแยง,12000,55,นอกพื้นที่หลัก,600
ปทุมธานี,เมืองปทุมธานี,บางคูวัด,12000,45,นอกพื้นที่หลัก,500
ปทุมธานี,เมืองปทุมธานี,บางปรอก,12000,55,นอกพื้นที่หลัก,600
ปทุมธานี,เมืองปทุมธานี,บางพูด,12000,55,นอกพื้นที่หลัก,600
ปทุมธานี,เมืองปทุมธานี,บางพูน,12000,55,นอกพื้นที่หลัก,600
ปทุมธานี,เมืองปทุมธานี,บางหลวง,12000,55,นอกพื้นที่หลัก,600
ปทุมธานี,เมืองปทุมธานี,บางเดื่อ,12000,55,นอกพื้นที่หลัก,600
ปทุมธานี,เมืองปทุมธานี,บ้านกระแชง,12000,55,นอกพื้นที่หลัก,600
ปทุมธานี,เมืองปทุมธานี,บ้านกลาง,12000,55,นอกพื้นที่หลัก,600
ปทุมธานี,เมืองปทุมธานี,บ้านฉาง,12000,56,นอกพื้นที่หลัก,600
ปทุมธานี,เมืองปทุมธานี,บ้านใหม่,12000,47,นอกพื้นที่หลัก,500
ปทุมธานี,เมืองปทุมธานี,สวนพริกไทย,12000,55,นอกพื้นที่หลัก,600
ปทุมธานี,เมืองปทุมธานี,หลักหก,12000,55,นอกพื้นที่หลัก,600
ปราจีนบุรี,กบินทร์บุรี,กบินทร์,25110,193,งานโครงการ,
ปราจีนบุรี,กบินทร์บุรี,นนทรี,25110,190,งานโครงการ,
ปราจีนบุรี,กบินทร์บุรี,นาแขม,25110,195,งานโครงการ,
ปราจีนบุรี,กบินทร์บุรี,บ่อทอง,25110,190,งานโครงการ,
ปราจีนบุรี,กบินทร์บุรี,บ้านนา,25110,190,งานโครงการ,
ปราจีนบุรี,กบินทร์บุรี,ย่านรี,25110,194,งานโครงการ,
ปราจีนบุรี,กบินทร์บุรี,ลาดตะเคียน,25110,190,งานโครงการ,
ปราจีนบุรี,กบินทร์บุรี,วังดาล,25110,190,งานโครงการ,
ปราจีนบุรี,กบินทร์บุรี,วังตะเคียน,25110,210,งานโครงการ,
ปราจีนบุรี,กบินทร์บุรี,วังท่าช้าง,25110,212,งานโครงการ,
ปราจีนบุรี,กบินทร์บุรี,หนองกี่,25110,209,งานโครงการ,
ปราจีนบุรี,กบินทร์บุรี,หาดนางแก้ว,25110,190,งานโครงการ,
ปราจีนบุรี,กบินทร์บุรี,เขาไม้แก้ว,25110,190,งานโครงการ,
ปราจีนบุรี,กบินทร์บุรี,เมืองเก่า,25240,190,งานโครงการ,
ปราจีนบุรี,นาดี,ทุ่งโพธิ์,25220,207,งานโครงการ,
ปราจีนบุรี,นาดี,นาดี,25220,207,งานโครงการ,
ปราจีนบุรี,นาดี,บุพราหมณ์,25220,207,งานโครงการ,
ปราจีนบุรี,นาดี,สะพานหิน,25220,207,งานโครงการ,
ปราจีนบุรี,นาดี,สำพันตา,25220,207,งานโครงการ,
ปราจีนบุรี,นาดี,แก่งดินสอ,25220,207,งานโครงการ,
ปราจีนบุรี,บ้านสร้าง,กระทุ่มแพ้ว,25150,124,นอกพื้นที่หลัก,1300
ปราจีนบุรี,บ้านสร้าง,บางกระเบา,25150,124,นอกพื้นที่หลัก,1300
ปราจีนบุรี,บ้านสร้าง,บางขาม,25150,124,นอกพื้นที่หลัก,1300
ปราจีนบุรี,บ้านสร้าง,บางปลาร้า,25150,129,นอกพื้นที่หลัก,1300
ปราจีนบุรี,บ้านสร้าง,บางพลวง,25150,124,นอกพื้นที่หลัก,1300
ปราจีนบุรี,บ้านสร้าง,บางยาง,25150,124,นอกพื้นที่หลัก,1300
ปราจีนบุรี,บ้านสร้าง,บางเตย,25150,124,นอกพื้นที่หลัก,1300
ปราจีนบุรี,บ้านสร้าง,บางแตน,25150,124,นอกพื้นที่หลัก,1300
ปราจีนบุรี,บ้านสร้าง,บ้านสร้าง,25150,124,นอกพื้นที่หลัก,1300
ปราจีนบุรี,ประจันตคาม,คำโตนด,25130,168,งานโครงการ,
ปราจีนบุรี,ประจันตคาม,ดงบัง,25130,178,งานโครงการ,
ปราจีนบุรี,ประจันตคาม,บุฝ้าย,25130,168,งานโครงการ,
ปราจีนบุรี,ประจันตคาม,บ้านหอย,25130,168,งานโครงการ,
ปราจีนบุรี,ประจันตคาม,ประจันตคาม,25130,168,งานโครงการ,
ปราจีนบุรี,ประจันตคาม,หนองแก้ว,25130,168,งานโครงการ,
ปราจีนบุรี,ประจันตคาม,หนองแสง,25130,174,งานโครงการ,
ปราจีนบุรี,ประจันตคาม,เกาะลอย,25130,168,งานโครงการ,
ปราจีนบุรี,ประจันตคาม,โพธิ์งาม,25130,168,งานโครงการ,
ปราจีนบุรี,ศรีมหาโพธิ,กรอกสมบูรณ์,25140,176,งานโครงการ,
ปราจีนบุรี,ศรีมหาโพธิ,ดงกระทงยาม,25140,152,งานโครงการ,
ปราจีนบุรี,ศรีมหาโพธิ,ท่าตูม,25140,167,งานโครงการ,
ปราจีนบุรี,ศรีมหาโพธิ,บางกุ้ง,25140,164,งานโครงการ,
ปราจีนบุรี,ศรีมหาโพธิ,บ้านทาม,25140,166,งานโครงการ,
ปราจีนบุรี,ศรีมหาโพธิ,ศรีมหาโพธิ,25140,161,งานโครงการ,
ปราจีนบุรี,ศรีมหาโพธิ,สัมพันธ์,25140,164,งานโครงการ,
ปราจีนบุรี,ศรีมหาโพธิ,หนองโพรง,25140,162,งานโครงการ,
ปราจีนบุรี,ศรีมหาโพธิ,หัวหว้า,25140,156,งานโครงการ,
ปราจีนบุรี,ศรีมหาโพธิ,หาดยาง,25140,164,งานโครงการ,
ปราจีนบุรี,ศรีมโหสถ,คู้ลำพัน,25190,145,นอกพื้นที่หลัก,1500
ปราจีนบุรี,ศรีมโหสถ,โคกปีบ,25190,145,นอกพื้นที่หลัก,1500
ปราจีนบุรี,ศรีมโหสถ,โคกไทย,25190,145,นอกพื้นที่หลัก,1500
ปราจีนบุรี,ศรีมโหสถ,ไผ่ชะเลือด,25190,145,นอกพื้นที่หลัก,1500
ปราจีนบุรี,เมืองปราจีนบุรี,ดงขี้เหล็ก,25000,147,นอกพื้นที่หลัก,1500
ปราจีนบุรี,เมืองปราจีนบุรี,ดงพระราม,25000,154,งานโครงการ,
ปราจีนบุรี,เมืองปราจีนบุรี,ท่างาม,25000,147,นอกพื้นที่หลัก,1500
ปราจีนบุรี,เมืองปราจีนบุรี,บางบริบูรณ์,25000,147,นอกพื้นที่หลัก,1500
ปราจีนบุรี,เมืองปราจีนบุรี,บางเดชะ,25000,147,นอกพื้นที่หลัก,1500
ปราจีนบุรี,เมืองปราจีนบุรี,บ้านพระ,25230,151,งานโครงการ,
ปราจีนบุรี,เมืองปราจีนบุรี,รอบเมือง,25000,147,นอกพื้นที่หลัก,1500
ปราจีนบุรี,เมืองปราจีนบุรี,วัดโบสถ์,25000,147,นอกพื้นที่หลัก,1500
ปราจีนบุรี,เมืองปราจีนบุรี,หน้าเมือง,25000,147,นอกพื้นที่หลัก,1500
ปราจีนบุรี,เมืองปราจีนบุรี,เนินหอม,25230,147,นอกพื้นที่หลัก,1500
ปราจีนบุรี,เมืองปราจีนบุรี,โคกไม้ลาย,25230,147,นอกพื้นที่หลัก,1500
ปราจีนบุรี,เมืองปราจีนบุรี,โนนห้อม,25000,147,นอกพื้นที่หลัก,1500
ปราจีนบุรี,เมืองปราจีนบุรี,ไม้เค็ด,25230,145,นอกพื้นที่หลัก,1500
พระนครศรีอยุธยา,ท่าเรือ,จำปา,13130,140,นอกพื้นที่หลัก,1400
พระนครศรีอยุธยา,ท่าเรือ,ท่าหลวง,13130,142,นอกพื้นที่หลัก,1500
พระนครศรีอยุธยา,ท่าเรือ,ท่าเจ้าสนุก,13130,139,นอกพื้นที่หลัก,1400
พระนครศรีอยุธยา,ท่าเรือ,ท่าเรือ,13130,141,นอกพื้นที่หลัก,1500
พระนครศรีอยุธยา,ท่าเรือ,บ้านร่อม,13130,140,นอกพื้นที่หลัก,1400
พระนครศรีอยุธยา,ท่าเรือ,ปากท่า,13130,130,นอกพื้นที่หลัก,1300
พระนครศรีอยุธยา,ท่าเรือ,วังแดง,13130,135,นอกพื้นที่หลัก,1400
พระนครศรีอยุธยา,ท่าเรือ,ศาลาลอย,13130,135,นอกพื้นที่หลัก,1400
พระนครศรีอยุธยา,ท่าเรือ,หนองขนาก,13130,135,นอกพื้นที่หลัก,1400
พระนครศรีอยุธยา,ท่าเรือ,โพธิ์เอน,13130,133,นอกพื้นที่หลัก,1400
พระนครศรีอยุธยา,นครหลวง,คลองสะแก,13260,122,นอกพื้นที่หลัก,1300
พระนครศรีอยุธยา,นครหลวง,ท่าช้าง,13260,122,นอกพื้นที่หลัก,1300
พระนครศรีอยุธยา,นครหลวง,นครหลวง,13260,122,นอกพื้นที่หลัก,1300
พระนครศรีอยุธยา,นครหลวง,บางพระครู,13260,122,นอกพื้นที่หลัก,1300
พระนครศรีอยุธยา,นครหลวง,บางระกำ,13260,122,นอกพื้นที่หลัก,1300
พระนครศรีอยุธยา,นครหลวง,บ่อโพง,13260,114,นอกพื้นที่หลัก,1200
พระนครศรีอยุธยา,นครหลวง,บ้านชุ้ง,13260,122,นอกพื้นที่หลัก,1300
พระนครศรีอยุธยา,นครหลวง,ปากจั่น,13260,119,นอกพื้นที่หลัก,1200
พระนครศรีอยุธยา,นครหลวง,พระนอน,13260,122,นอกพื้นที่หลัก,1300
พระนครศรีอยุธยา,นครหลวง,สามไถ,13260,122,นอกพื้นที่หลัก,1300
พระนครศรีอยุธยา,นครหลวง,หนองปลิง,13260,122,นอกพื้นที่หลัก,1300
พระนครศรีอยุธยา,นครหลวง,แม่ลา,13260,122,นอกพื้นที่หลัก,1300
พระนครศรีอยุธยา,บางซ้าย,บางซ้าย,13270,101,นอกพื้นที่หลัก,1100
พระนครศรีอยุธยา,บางซ้าย,ปลายกลัด,13270,110,นอกพื้นที่หลัก,1100
พระนครศรีอยุธยา,บางซ้าย,วังพัฒนา,13270,95,นอกพื้นที่หลัก,1000
พระนครศรีอยุธยา,บางซ้าย,เต่าเล่า,13270,101,นอกพื้นที่หลัก,1100
พระนครศรีอยุธยา,บางซ้าย,เทพมงคล,13270,101,นอกพื้นที่หลัก,1100
พระนครศรีอยุธยา,บางซ้าย,แก้วฟ้า,13270,101,นอกพื้นที่หลัก,1100
พระนครศรีอยุธยา,บางบาล,กบเจา,13250,104,นอกพื้นที่หลัก,1100
พระนครศรีอยุธยา,บางบาล,ทางช้าง,13250,107,นอกพื้นที่หลัก,1100
พระนครศรีอยุธยา,บางบาล,น้ำเต้า,13250,100,นอกพื้นที่หลัก,1000
พระนครศรีอยุธยา,บางบาล,บางชะนี,13250,107,นอกพื้นที่หลัก,1100
พระนครศรีอยุธยา,บางบาล,บางบาล,13250,107,นอกพื้นที่หลัก,1100
พระนครศรีอยุธยา,บางบาล,บางหลวง,13250,107,นอกพื้นที่หลัก,1100
พระนครศรีอยุธยา,บางบาล,บางหลวงโดด,13250,107,นอกพื้นที่หลัก,1100
พระนครศรีอยุธยา,บางบาล,บางหัก,13250,107,นอกพื้นที่หลัก,1100
พระนครศรีอยุธยา,บางบาล,บ้านกุ่ม,13250,107,นอกพื้นที่หลัก,1100
พระนครศรีอยุธยา,บางบาล,บ้านคลัง,13250,102,นอกพื้นที่หลัก,1100
พระนครศรีอยุธยา,บางบาล,พระขาว,13250,100,นอกพื้นที่หลัก,1000
พระนครศรีอยุธยา,บางบาล,มหาพราหมณ์,13250,107,นอกพื้นที่หลัก,1100
พระนครศรีอยุธยา,บางบาล,วัดตะกู,13250,107,นอกพื้นที่หลัก,1100
พระนครศรีอยุธยา,บางบาล,วัดยม,13250,107,นอกพื้นที่หลัก,1100
พระนครศรีอยุธยา,บางบาล,สะพานไทย,13250,107,นอกพื้นที่หลัก,1100
พระนครศรีอยุธยา,บางบาล,ไทรน้อย,13250,107,นอกพื้นที่หลัก,1100
พระนครศรีอยุธยา,บางปะหัน,ขยาย,13220,121,นอกพื้นที่หลัก,1300
พระนครศรีอยุธยา,บางปะหัน,ขวัญเมือง,13220,121,นอกพื้นที่หลัก,1300
พระนครศรีอยุธยา,บางปะหัน,ตานิม,13220,121,นอกพื้นที่หลัก,1300
พระนครศรีอยุธยา,บางปะหัน,ตาลเอน,13220,121,นอกพื้นที่หลัก,1300
พระนครศรีอยุธยา,บางปะหัน,ทับน้ำ,13220,121,นอกพื้นที่หลัก,1300
พระนครศรีอยุธยา,บางปะหัน,ทางกลาง,13220,121,นอกพื้นที่หลัก,1300
พระนครศรีอยุธยา,บางปะหัน,บางนางร้า,13220,121,นอกพื้นที่หลัก,1300
พระนครศรีอยุธยา,บางปะหัน,บางปะหัน,13220,121,นอกพื้นที่หลัก,1300
พระนครศรีอยุธยา,บางปะหัน,บางเดื่อ,13220,117,นอกพื้นที่หลัก,1200
พระนครศรีอยุธยา,บางปะหัน,บางเพลิง,13220,121,นอกพื้นที่หลัก,1300
พระนครศรีอยุธยา,บางปะหัน,บ้านขล้อ,13220,130,นอกพื้นที่หลัก,1300
พระนครศรีอยุธยา,บางปะหัน,บ้านม้า,13220,73,นอกพื้นที่หลัก,800
พระนครศรีอยุธยา,บางปะหัน,บ้านลี่,13220,119,นอกพื้นที่หลัก,1200
พระนครศรีอยุธยา,บางปะหัน,พุทเลา,13220,114,นอกพื้นที่หลัก,1200
พระนครศรีอยุธยา,บางปะหัน,หันสัง,13220,128,นอกพื้นที่หลัก,1300
พระนครศรีอยุธยา,บางปะหัน,เสาธง,13220,125,นอกพื้นที่หลัก,1300
พระนครศรีอยุธยา,บางปะหัน,โพธิ์สามต้น,13220,116,นอกพื้นที่หลัก,1200
พระนครศรีอยุธยา,บางปะอิน,ขนอนหลวง,13160,86,นอกพื้นที่หลัก,900
พระนครศรีอยุธยา,บางปะอิน,คลองจิก,13160,86,นอกพื้นที่หลัก,900
พระนครศรีอยุธยา,บางปะอิน,คุ้งลาน,13160,86,นอกพื้นที่หลัก,900
พระนครศรีอยุธยา,บางปะอิน,ตลาดเกรียบ,13160,94,นอกพื้นที่หลัก,1000
พระนครศรีอยุธยา,บางปะอิน,ตลิ่งชัน,13160,86,นอกพื้นที่หลัก,900
พระนครศรีอยุธยา,บางปะอิน,บางกระสั้น,13160,86,นอกพื้นที่หลัก,900
พระนครศรีอยุธยา,บางปะอิน,บางประแดง,13160,97,นอกพื้นที่หลัก,1000
พระนครศรีอยุธยา,บางปะอิน,บ้านกรด,13160,100,นอกพื้นที่หลัก,1000
พระนครศรีอยุธยา,บางปะอิน,บ้านพลับ,13160,86,นอกพื้นที่หลัก,900
พระนครศรีอยุธยา,บางปะอิน,บ้านสร้าง,13170,86,นอกพื้นที่หลัก,900
พระนครศรีอยุธยา,บางปะอิน,บ้านหว้า,13160,92,นอกพื้นที่หลัก,1000
พระนครศรีอยุธยา,บางปะอิน,บ้านเลน,13160,86,นอกพื้นที่หลัก,900
พระนครศรีอยุธยา,บางปะอิน,บ้านแป้ง,13160,86,นอกพื้นที่หลัก,900
พระนครศรีอยุธยา,บางปะอิน,บ้านโพ,13160,86,นอกพื้นที่หลัก,900
พระนครศรีอยุธยา,บางปะอิน,วัดยม,13160,86,นอกพื้นที่หลัก,900
พระนครศรีอยุธยา,บางปะอิน,สามเรือน,13160,99,นอกพื้นที่หลัก,1000
พระนครศรีอยุธยา,บางปะอิน,เกาะเกิด,13160,82,นอกพื้นที่หลัก,900
พระนครศรีอยุธยา,บางปะอิน,เชียงรากน้อย,13180,86,นอกพื้นที่หลัก,900
พระนครศรีอยุธยา,บางไทร,กกแก้วบูรพา,13190,83,นอกพื้นที่หลัก,900
พระนครศรีอยุธยา,บางไทร,กระแชง,13190,83,นอกพื้นที่หลัก,900
พระนครศรีอยุธยา,บางไทร,ช่างเหล็ก,13190,83,นอกพื้นที่หลัก,900
พระนครศรีอยุธยา,บางไทร,ช้างน้อย,13190,83,นอกพื้นที่หลัก,900
พระนครศรีอยุธยา,บางไทร,ช้างใหญ่,13290,83,นอกพื้นที่หลัก,900
พระนครศรีอยุธยา,บางไทร,บางพลี,13190,83,นอกพื้นที่หลัก,900
พระนครศรีอยุธยา,บางไทร,บางยี่โท,13190,83,นอกพื้นที่หลัก,900
พระนครศรีอยุธยา,บางไทร,บางไทร,13190,83,นอกพื้นที่หลัก,900
พระนครศรีอยุธยา,บางไทร,บ้านกลึง,13190,83,นอกพื้นที่หลัก,900
พระนครศรีอยุธยา,บางไทร,บ้านม้า,13190,73,นอกพื้นที่หลัก,800
พระนครศรีอยุธยา,บางไทร,บ้านเกาะ,13190,83,นอกพื้นที่หลัก,900
พระนครศรีอยุธยา,บางไทร,บ้านแป้ง,13190,83,นอกพื้นที่หลัก,900
พระนครศรีอยุธยา,บางไทร,ราชคราม,13290,83,นอกพื้นที่หลัก,900
พระนครศรีอยุธยา,บางไทร,สนามชัย,13190,83,นอกพื้นที่หลัก,900
พระนครศรีอยุธยา,บางไทร,หน้าไม้,13190,83,นอกพื้นที่หลัก,900
พระนครศรีอยุธยา,บางไทร,ห่อหมก,13190,83,นอกพื้นที่หลัก,900
พระนครศรีอยุธยา,บางไทร,เชียงรากน้อย,13290,83,นอกพื้นที่หลัก,900
พระนครศรีอยุธยา,บางไทร,แคตก,13190,83,นอกพื้นที่หลัก,900
พระนครศรีอยุธยา,บางไทร,แคออก,13190,83,นอกพื้นที่หลัก,900
พระนครศรีอยุธยา,บางไทร,โคกช้าง,13190,70,นอกพื้นที่หลัก,700
พระนครศรีอยุธยา,บางไทร,โพแตง,13290,83,นอกพื้นที่หลัก,900
พระนครศรีอยุธยา,บางไทร,ไผ่พระ,13190,83,นอกพื้นที่หลัก,900
พระนครศรีอยุธยา,บางไทร,ไม้ตรา,13190,74,นอกพื้นที่หลัก,800
พระนครศรีอยุธยา,บ้านแพรก,คลองน้อย,13240,149,นอกพื้นที่หลัก,1500
พระนครศรีอยุธยา,บ้านแพรก,บ้านแพรก,13240,149,นอกพื้นที่หลัก,1500
พระนครศรีอยุธยา,บ้านแพรก,บ้านใหม่,13240,109,นอกพื้นที่หลัก,1100
พระนครศรีอยุธยา,บ้านแพรก,สองห้อง,13240,149,นอกพื้นที่หลัก,1500
พระนครศรีอยุธยา,บ้านแพรก,สำพะเนียง,13240,146,นอกพื้นที่หลัก,1500
พระนครศรีอยุธยา,ผักไห่,กุฎี,13120,115,นอกพื้นที่หลัก,1200
พระนครศรีอยุธยา,ผักไห่,จักราช,13280,120,นอกพื้นที่หลัก,1200
พระนครศรีอยุธยา,ผักไห่,ดอนลาน,13280,120,นอกพื้นที่หลัก,1200
พระนครศรีอยุธยา,ผักไห่,ตาลาน,13120,120,นอกพื้นที่หลัก,1200
พระนครศรีอยุธยา,ผักไห่,ท่าดินแดง,13120,114,นอกพื้นที่หลัก,1200
พระนครศรีอยุธยา,ผักไห่,นาคู,13280,123,นอกพื้นที่หลัก,1300
พระนครศรีอยุธยา,ผักไห่,บ้านแค,13120,124,นอกพื้นที่หลัก,1300
พระนครศรีอยุธยา,ผักไห่,บ้านใหญ่,13120,120,นอกพื้นที่หลัก,1200
พระนครศรีอยุธยา,ผักไห่,ผักไห่,13120,120,นอกพื้นที่หลัก,1200
พระนครศรีอยุธยา,ผักไห่,ลาดชิด,13120,117,นอกพื้นที่หลัก,1200
พระนครศรีอยุธยา,ผักไห่,ลาดน้ำเค็ม,13120,124,นอกพื้นที่หลัก,1300
พระนครศรีอยุธยา,ผักไห่,ลำตะเคียน,13280,120,นอกพื้นที่หลัก,1200
พระนครศรีอยุธยา,ผักไห่,หนองน้ำใหญ่,13280,120,นอกพื้นที่หลัก,1200
พระนครศรีอยุธยา,ผักไห่,หน้าโคก,13120,125,นอกพื้นที่หลัก,1300
พระนครศรีอยุธยา,ผักไห่,อมฤต,13120,122,นอกพื้นที่หลัก,1300
พระนครศรีอยุธยา,ผักไห่,โคกช้าง,13120,70,นอกพื้นที่หลัก,700
พระนครศรีอยุธยา,พระนครศรีอยุธยา,กะมัง,13000,103,นอกพื้นที่หลัก,1100
พระนครศรีอยุธยา,พระนครศรีอยุธยา,คลองตะเคียน,13000,105,นอกพื้นที่หลัก,1100
พระนครศรีอยุธยา,พระนครศรีอยุธยา,คลองสระบัว,13000,105,นอกพื้นที่หลัก,1100
พระนครศรีอยุธยา,พระนครศรีอยุธยา,คลองสวนพลู,13000,104,นอกพื้นที่หลัก,1100
พระนครศรีอยุธยา,พระนครศรีอยุธยา,ท่าวาสุกรี,13000,105,นอกพื้นที่หลัก,1100
พระนครศรีอยุธยา,พระนครศรีอยุธยา,บ้านป้อม,13000,105,นอกพื้นที่หลัก,1100
พระนครศรีอยุธยา,พระนครศรีอยุธยา,บ้านรุน,13000,105,นอกพื้นที่หลัก,1100
พระนครศรีอยุธยา,พระนครศรีอยุธยา,บ้านเกาะ,13000,105,นอกพื้นที่หลัก,1100
พระนครศรีอยุธยา,พระนครศรีอยุธยา,บ้านใหม่,13000,109,นอกพื้นที่หลัก,1100
พระนครศรีอยุธยา,พระนครศรีอยุธยา,ประตูชัย,13000,105,นอกพื้นที่หลัก,1100
พระนครศรีอยุธยา,พระนครศรีอยุธยา,ปากกราน,13000,102,นอกพื้นที่หลัก,1100
พระนครศรีอยุธยา,พระนครศรีอยุธยา,ภูเขาทอง,13000,106,นอกพื้นที่หลัก,1100
พระนครศรีอยุธยา,พระนครศรีอยุธยา,ลุมพลี,13000,105,นอกพื้นที่หลัก,1100
พระนครศรีอยุธยา,พระนครศรีอยุธยา,วัดตูม,13000,105,นอกพื้นที่หลัก,1100
พระนครศรีอยุธยา,พระนครศรีอยุธยา,สวนพริก,13000,105,นอกพื้นที่หลัก,1100
พระนครศรีอยุธยา,พระนครศรีอยุธยา,สำเภาล่ม,13000,104,นอกพื้นที่หลัก,1100
พระนครศรีอยุธยา,พระนครศรีอยุธยา,หอรัตนไชย,13000,105,นอกพื้นที่หลัก,1100
พระนครศรีอยุธยา,พระนครศรีอยุธยา,หันตรา,13000,105,นอกพื้นที่หลัก,1100
พระนครศรีอยุธยา,พระนครศรีอยุธยา,หัวรอ,13000,107,นอกพื้นที่หลัก,1100
พระนครศรีอยุธยา,พระนครศรีอยุธยา,เกาะเรียน,13000,105,นอกพื้นที่หลัก,1100
พระนครศรีอยุธยา,พระนครศรีอยุธยา,ไผ่ลิง,13000,105,นอกพื้นที่หลัก,1100
พระนครศรีอยุธยา,ภาชี,กระจิว,13140,125,นอกพื้นที่หลัก,1300
พระนครศรีอยุธยา,ภาชี,ดอนหญ้านาง,13140,130,นอกพื้นที่หลัก,1300
พระนครศรีอยุธยา,ภาชี,พระแก้ว,13140,125,นอกพื้นที่หลัก,1300
พระนครศรีอยุธยา,ภาชี,ภาชี,13140,125,นอกพื้นที่หลัก,1300
พระนครศรีอยุธยา,ภาชี,ระโสม,13140,125,นอกพื้นที่หลัก,1300
พระนครศรีอยุธยา,ภาชี,หนองน้ำใส,13140,129,นอกพื้นที่หลัก,1300
พระนครศรีอยุธยา,ภาชี,โคกม่วง,13140,125,นอกพื้นที่หลัก,1300
พระนครศรีอยุธยา,ภาชี,ไผ่ล้อม,13140,125,นอกพื้นที่หลัก,1300
พระนครศรีอยุธยา,มหาราช,กะทุ่ม,13150,131,นอกพื้นที่หลัก,1400
พระนครศรีอยุธยา,มหาราช,ท่าตอ,13150,135,นอกพื้นที่หลัก,1400
พระนครศรีอยุธยา,มหาราช,น้ำเต้า,13150,100,นอกพื้นที่หลัก,1000
พระนครศรีอยุธยา,มหาราช,บางนา,13150,131,นอกพื้นที่หลัก,1400
พระนครศรีอยุธยา,มหาราช,บ้านขวาง,13150,138,นอกพื้นที่หลัก,1400
พระนครศรีอยุธยา,มหาราช,บ้านนา,13150,142,นอกพื้นที่หลัก,1500
พระนครศรีอยุธยา,มหาราช,บ้านใหม่,13150,109,นอกพื้นที่หลัก,1100
พระนครศรีอยุธยา,มหาราช,พิตเพียน,13150,131,นอกพื้นที่หลัก,1400
พระนครศรีอยุธยา,มหาราช,มหาราช,13150,131,นอกพื้นที่หลัก,1400
พระนครศรีอยุธยา,มหาราช,หัวไผ่,13150,131,นอกพื้นที่หลัก,1400
พระนครศรีอยุธยา,มหาราช,เจ้าปลุก,13150,131,นอกพื้นที่หลัก,1400
พระนครศรีอยุธยา,มหาราช,โรงช้าง,13150,131,นอกพื้นที่หลัก,1400
พระนครศรีอยุธยา,ลาดบัวหลวง,คลองพระยาบันลือ,13230,78,นอกพื้นที่หลัก,800
พระนครศรีอยุธยา,ลาดบัวหลวง,คู้สลอด,13230,78,นอกพื้นที่หลัก,800
พระนครศรีอยุธยา,ลาดบัวหลวง,พระยาบันลือ,13230,78,นอกพื้นที่หลัก,800
พระนครศรีอยุธยา,ลาดบัวหลวง,ลาดบัวหลวง,13230,78,นอกพื้นที่หลัก,800
พระนครศรีอยุธยา,ลาดบัวหลวง,สามเมือง,13230,78,นอกพื้นที่หลัก,800
พระนครศรีอยุธยา,ลาดบัวหลวง,สิงหนาท,13230,78,นอกพื้นที่หลัก,800
พระนครศรีอยุธยา,ลาดบัวหลวง,หลักชัย,13230,78,นอกพื้นที่หลัก,800
พระนครศรีอยุธยา,วังน้อย,ข้าวงาม,13170,94,นอกพื้นที่หลัก,1000
พระนครศรีอยุธยา,วังน้อย,ชะแมบ,13170,94,นอกพื้นที่หลัก,1000
พระนครศรีอยุธยา,วังน้อย,บ่อตาโล่,13170,94,นอกพื้นที่หลัก,1000
พระนครศรีอยุธยา,วังน้อย,พยอม,13170,94,นอกพื้นที่หลัก,1000
พระนครศรีอยุธยา,วังน้อย,ลำตาเสา,13170,94,นอกพื้นที่หลัก,1000
พระนครศรีอยุธยา,วังน้อย,ลำไทร,13170,94,นอกพื้นที่หลัก,1000
พระนครศรีอยุธยา,วังน้อย,วังจุฬา,13170,94,นอกพื้นที่หลัก,1000
พระนครศรีอยุธยา,วังน้อย,วังน้อย,13170,94,นอกพื้นที่หลัก,1000
พระนครศรีอยุธยา,วังน้อย,สนับทึบ,13170,94,นอกพื้นที่หลัก,1000
พระนครศรีอยุธยา,วังน้อย,หันตะเภา,13170,107,นอกพื้นที่หลัก,1100
พระนครศรีอยุธยา,อุทัย,ข้าวเม่า,13210,110,นอกพื้นที่หลัก,1100
พระนครศรีอยุธยา,อุทัย,คานหาม,13210,110,นอกพื้นที่หลัก,1100
พระนครศรีอยุธยา,อุทัย,ธนู,13210,110,นอกพื้นที่หลัก,1100
พระนครศรีอยุธยา,อุทัย,บ้านช้าง,13210,110,นอกพื้นที่หลัก,1100
พระนครศรีอยุธยา,อุทัย,บ้านหีบ,13210,110,นอกพื้นที่หลัก,1100
พระนครศรีอยุธยา,อุทัย,สามบัณฑิต,13210,110,นอกพื้นที่หลัก,1100
พระนครศรีอยุธยา,อุทัย,หนองน้ำส้ม,13210,110,นอกพื้นที่หลัก,1100
พระนครศรีอยุธยา,อุทัย,หนองไม้ซุง,13210,110,นอกพื้นที่หลัก,1100
พระนครศรีอยุธยา,อุทัย,อุทัย,13210,111,นอกพื้นที่หลัก,1200
พระนครศรีอยุธยา,อุทัย,เสนา,13210,100,นอกพื้นที่หลัก,1000
พระนครศรีอยุธยา,อุทัย,โพสาวหาญ,13210,110,นอกพื้นที่หลัก,1100
พระนครศรีอยุธยา,เสนา,ชายนา,13110,100,นอกพื้นที่หลัก,1000
พระนครศรีอยุธยา,เสนา,ดอนทอง,13110,100,นอกพื้นที่หลัก,1000
พระนครศรีอยุธยา,เสนา,บางนมโค,13110,100,นอกพื้นที่หลัก,1000
พระนครศรีอยุธยา,เสนา,บ้านกระทุ่ม,13110,100,นอกพื้นที่หลัก,1000
พระนครศรีอยุธยา,เสนา,บ้านหลวง,13110,100,นอกพื้นที่หลัก,1000
พระนครศรีอยุธยา,เสนา,บ้านแถว,13110,100,นอกพื้นที่หลัก,1000
พระนครศรีอยุธยา,เสนา,บ้านแพน,13110,100,นอกพื้นที่หลัก,1000
พระนครศรีอยุธยา,เสนา,บ้านโพธิ์,13110,103,นอกพื้นที่หลัก,1100
พระนครศรีอยุธยา,เสนา,มารวิชัย,13110,100,นอกพื้นที่หลัก,1000
พระนครศรีอยุธยา,เสนา,รางจรเข้,13110,100,นอกพื้นที่หลัก,1000
พระนครศรีอยุธยา,เสนา,ลาดงา,13110,100,นอกพื้นที่หลัก,1000
พระนครศรีอยุธยา,เสนา,สามกอ,13110,100,นอกพื้นที่หลัก,1000
พระนครศรีอยุธยา,เสนา,สามตุ่ม,13110,100,นอกพื้นที่หลัก,1000
พระนครศรีอยุธยา,เสนา,หัวเวียง,13110,100,นอกพื้นที่หลัก,1000
พระนครศรีอยุธยา,เสนา,เจ้าเจ็ด,13110,100,นอกพื้นที่หลัก,1000
พระนครศรีอยุธยา,เสนา,เจ้าเสด็จ,13110,100,นอกพื้นที่หลัก,1000
พระนครศรีอยุธยา,เสนา,เสนา,13110,100,นอกพื้นที่หลัก,1000
ระยอง,นิคมพัฒนา,นิคมพัฒนา,21180,168,งานโครงการ,
ระยอง,นิคมพัฒนา,พนานิคม,21180,168,งานโครงการ,
ระยอง,นิคมพัฒนา,มะขามคู่,21180,168,งานโครงการ,
ระยอง,นิคมพัฒนา,มาบข่า,21180,168,งานโครงการ,
ระยอง,บ้านค่าย,ชากบก,21120,182,งานโครงการ,
ระยอง,บ้านค่าย,ตาขัน,21120,182,งานโครงการ,
ระยอง,บ้านค่าย,บางบุตร,21120,182,งานโครงการ,
ระยอง,บ้านค่าย,บ้านค่าย,21120,182,งานโครงการ,
ระยอง,บ้านค่าย,หนองตะพาน,21120,182,งานโครงการ,
ระยอง,บ้านค่าย,หนองบัว,21120,182,งานโครงการ,
ระยอง,บ้านค่าย,หนองละลอก,21120,180,งานโครงการ,
ระยอง,บ้านฉาง,บ้านฉาง,21130,168,งานโครงการ,
ระยอง,บ้านฉาง,พลา,21130,168,งานโครงการ,
ระยอง,บ้านฉาง,สำนักท้อน,21130,168,งานโครงการ,
ระยอง,ปลวกแดง,ตาสิทธิ์,21140,154,งานโครงการ,
ระยอง,ปลวกแดง,ปลวกแดง,21140,154,งานโครงการ,
ระยอง,ปลวกแดง,มาบยางพร,21140,154,งานโครงการ,
ระยอง,ปลวกแดง,ละหาร,21140,154,งานโครงการ,
ระยอง,ปลวกแดง,หนองไร่,21140,154,งานโครงการ,
ระยอง,ปลวกแดง,แม่น้ำคู้,21140,154,งานโครงการ,
ระยอง,วังจันทร์,ชุมแสง,21210,192,งานโครงการ,
ระยอง,วังจันทร์,ป่ายุบใน,21210,192,งานโครงการ,
ระยอง,วังจันทร์,พลงตาเอี่ยม,21210,192,งานโครงการ,
ระยอง,วังจันทร์,วังจันทร์,21210,192,งานโครงการ,
ระยอง,เขาชะเมา,ชำฆ้อ,21110,209,งานโครงการ,
ระยอง,เขาชะเมา,น้ำเป็น,21110,209,งานโครงการ,
ระยอง,เขาชะเมา,ห้วยทับมอญ,21110,209,งานโครงการ,
ระยอง,เขาชะเมา,เขาน้อย,21110,209,งานโครงการ,
ระยอง,เมืองระยอง,กะเฉด,21100,193,งานโครงการ,
ระยอง,เมืองระยอง,ตะพง,21000,193,งานโครงการ,
ระยอง,เมืองระยอง,ทับมา,21000,193,งานโครงการ,
ระยอง,เมืองระยอง,ท่าประดู่,21000,193,งานโครงการ,
ระยอง,เมืองระยอง,นาตาขวัญ,21000,193,งานโครงการ,
ระยอง,เมืองระยอง,น้ำคอก,21000,193,งานโครงการ,
ระยอง,เมืองระยอง,บ้านแลง,21000,195,งานโครงการ,
ระยอง,เมืองระยอง,ปากน้ำ,21000,193,งานโครงการ,
ระยอง,เมืองระยอง,มาบตาพุด,21150,193,งานโครงการ,
ระยอง,เมืองระยอง,สำนักทอง,21100,193,งานโครงการ,
ระยอง,เมืองระยอง,ห้วยโป่ง,21150,193,งานโครงการ,
ระยอง,เมืองระยอง,เชิงเนิน,21000,195,งานโครงการ,
ระยอง,เมืองระยอง,เนินพระ,21000,186,งานโครงการ,
ระยอง,เมืองระยอง,เพ,21160,193,งานโครงการ,
ระยอง,เมืองระยอง,แกลง,21160,193,งานโครงการ,
ระยอง,แกลง,กระแสบน,21110,212,งานโครงการ,
ระยอง,แกลง,กร่ำ,21190,222,งานโครงการ,
ระยอง,แกลง,กองดิน,22160,235,งานโครงการ,
ระยอง,แกลง,คลองปูน,21170,233,งานโครงการ,
ระยอง,แกลง,ชากพง,21190,222,งานโครงการ,
ระยอง,แกลง,ชากโดน,21110,222,งานโครงการ,
ระยอง,แกลง,ทางเกวียน,21110,215,งานโครงการ,
ระยอง,แกลง,ทุ่งควายกิน,21110,230,งานโครงการ,
ระยอง,แกลง,บ้านนา,21110,219,งานโครงการ,
ระยอง,แกลง,ปากน้ำกระแส,21170,234,งานโครงการ,
ระยอง,แกลง,พังราด,21110,241,งานโครงการ,
ระยอง,แกลง,วังหว้า,21110,220,งานโครงการ,
ระยอง,แกลง,สองสลึง,21110,217,งานโครงการ,
ระยอง,แกลง,ห้วยยาง,21110,219,งานโครงการ,
ระยอง,แกลง,เนินฆ้อ,21110,222,งานโครงการ,
ราชบุรี,จอมบึง,จอมบึง,70150,125,นอกพื้นที่หลัก,1300
ราชบุรี,จอมบึง,ด่านทับตะโก,70150,124,นอกพื้นที่หลัก,1300
ราชบุรี,จอมบึง,ปากช่อง,70150,110,นอกพื้นที่หลัก,1100
ราชบุรี,จอมบึง,รางบัว,70150,124,นอกพื้นที่หลัก,1300
ราชบุรี,จอมบึง,เบิกไพร,70150,124,นอกพื้นที่หลัก,1300
ราชบุรี,จอมบึง,แก้มอ้น,70150,124,นอกพื้นที่หลัก,1300
ราชบุรี,ดำเนินสะดวก,ขุนพิทักษ์,70130,71,นอกพื้นที่หลัก,800
ราชบุรี,ดำเนินสะดวก,ดอนกรวย,70130,74,นอกพื้นที่หลัก,800
ราชบุรี,ดำเนินสะดวก,ดอนคลัง,70130,74,นอกพื้นที่หลัก,800
ราชบุรี,ดำเนินสะดวก,ดอนไผ่,70130,74,นอกพื้นที่หลัก,800
ราชบุรี,ดำเนินสะดวก,ดำเนินสะดวก,70130,74,นอกพื้นที่หลัก,800
ราชบุรี,ดำเนินสะดวก,ตาหลวง,70130,74,นอกพื้นที่หลัก,800
ราชบุรี,ดำเนินสะดวก,ท่านัด,70130,74,นอกพื้นที่หลัก,800
ราชบุรี,ดำเนินสะดวก,บัวงาม,70210,61,นอกพื้นที่หลัก,700
ราชบุรี,ดำเนินสะดวก,บ้านไร่,70130,74,นอกพื้นที่หลัก,800
ราชบุรี,ดำเนินสะดวก,ประสาทสิทธิ์,70210,61,นอกพื้นที่หลัก,700
ราชบุรี,ดำเนินสะดวก,ศรีสุราษฎร์,70130,74,นอกพื้นที่หลัก,800
ราชบุรี,ดำเนินสะดวก,สี่หมื่น,70130,74,นอกพื้นที่หลัก,800
ราชบุรี,ดำเนินสะดวก,แพงพวย,70130,74,นอกพื้นที่หลัก,800
ราชบุรี,บางแพ,ดอนคา,70160,74,นอกพื้นที่หลัก,800
ราชบุรี,บางแพ,ดอนใหญ่,70160,63,นอกพื้นที่หลัก,700
ราชบุรี,บางแพ,บางแพ,70160,74,นอกพื้นที่หลัก,800
ราชบุรี,บางแพ,วังเย็น,70160,74,นอกพื้นที่หลัก,800
ราชบุรี,บางแพ,วัดแก้ว,70160,76,นอกพื้นที่หลัก,800
ราชบุรี,บางแพ,หัวโพ,70160,74,นอกพื้นที่หลัก,800
ราชบุรี,บางแพ,โพหัก,70160,63,นอกพื้นที่หลัก,700
ราชบุรี,บ้านคา,บ้านคา,70180,155,งานโครงการ,
ราชบุรี,บ้านคา,บ้านบึง,70180,155,งานโครงการ,
ราชบุรี,บ้านคา,หนองพันจันทร์,70180,155,งานโครงการ,
ราชบุรี,บ้านโป่ง,กรับใหญ่,70190,92,นอกพื้นที่หลัก,1000
ราชบุรี,บ้านโป่ง,คุ้งพยอม,70110,86,นอกพื้นที่หลัก,900
ราชบุรี,บ้านโป่ง,ดอนกระเบื้อง,70110,79,นอกพื้นที่หลัก,800
ราชบุรี,บ้านโป่ง,ท่าผา,70110,86,นอกพื้นที่หลัก,900
ราชบุรี,บ้านโป่ง,นครชุมน์,70110,87,นอกพื้นที่หลัก,900
ราชบุรี,บ้านโป่ง,บ้านม่วง,70110,89,นอกพื้นที่หลัก,900
ราชบุรี,บ้านโป่ง,บ้านโป่ง,70110,86,นอกพื้นที่หลัก,900
ราชบุรี,บ้านโป่ง,ปากแรต,70110,84,นอกพื้นที่หลัก,900
ราชบุรี,บ้านโป่ง,ลาดบัวขาว,70110,92,นอกพื้นที่หลัก,1000
ราชบุรี,บ้านโป่ง,สวนกล้วย,70110,86,นอกพื้นที่หลัก,900
ราชบุรี,บ้านโป่ง,หนองกบ,70110,77,นอกพื้นที่หลัก,800
ราชบุรี,บ้านโป่ง,หนองปลาหมอ,70110,98,นอกพื้นที่หลัก,1000
ราชบุรี,บ้านโป่ง,หนองอ้อ,70110,86,นอกพื้นที่หลัก,900
ราชบุรี,บ้านโป่ง,เขาขลุง,70110,107,นอกพื้นที่หลัก,1100
ราชบุรี,บ้านโป่ง,เบิกไพร,70110,86,นอกพื้นที่หลัก,900
ราชบุรี,ปากท่อ,ดอนทราย,70140,99,นอกพื้นที่หลัก,1000
ราชบุรี,ปากท่อ,ทุ่งหลวง,70140,99,นอกพื้นที่หลัก,1000
ราชบุรี,ปากท่อ,บ่อกระดาน,70140,99,นอกพื้นที่หลัก,1000
ราชบุรี,ปากท่อ,ปากท่อ,70140,98,นอกพื้นที่หลัก,1000
ราชบุรี,ปากท่อ,ป่าไก่,70140,99,นอกพื้นที่หลัก,1000
ราชบุรี,ปากท่อ,ยางหัก,70140,99,นอกพื้นที่หลัก,1000
ราชบุรี,ปากท่อ,วังมะนาว,70140,102,นอกพื้นที่หลัก,1100
ราชบุรี,ปากท่อ,วัดยางงาม,70140,99,นอกพื้นที่หลัก,1000
ราชบุรี,ปากท่อ,วันดาว,70140,99,นอกพื้นที่หลัก,1000
ราชบุรี,ปากท่อ,หนองกระทุ่ม,70140,99,นอกพื้นที่หลัก,1000
ราชบุรี,ปากท่อ,ห้วยยางโทน,70140,99,นอกพื้นที่หลัก,1000
ราชบุรี,ปากท่อ,อ่างหิน,70140,115,นอกพื้นที่หลัก,1200
ราชบุรี,วัดเพลง,จอมประทัด,70170,87,นอกพื้นที่หลัก,900
ราชบุรี,วัดเพลง,วัดเพลง,70170,87,นอกพื้นที่หลัก,900
ราชบุรี,วัดเพลง,เกาะศาลพระ,70170,87,นอกพื้นที่หลัก,900
ราชบุรี,สวนผึ้ง,ตะนาวศรี,70180,162,งานโครงการ,
ราชบุรี,สวนผึ้ง,ท่าเคย,70180,155,งานโครงการ,
ราชบุรี,สวนผึ้ง,ป่าหวาย,70180,162,งานโครงการ,
ราชบุรี,สวนผึ้ง,สวนผึ้ง,70180,162,งานโครงการ,
ราชบุรี,เมืองราชบุรี,คุ้งกระถิน,70000,94,นอกพื้นที่หลัก,1000
ราชบุรี,เมืองราชบุรี,คุ้งน้ำวน,70000,81,นอกพื้นที่หลัก,900
ราชบุรี,เมืองราชบุรี,คูบัว,70000,94,นอกพื้นที่หลัก,1000
ราชบุรี,เมืองราชบุรี,ดอนตะโก,70000,94,นอกพื้นที่หลัก,1000
ราชบุรี,เมืองราชบุรี,ดอนแร่,70000,94,นอกพื้นที่หลัก,1000
ราชบุรี,เมืองราชบุรี,ท่าราบ,70000,92,นอกพื้นที่หลัก,1000
ราชบุรี,เมืองราชบุรี,น้ำพุ,70000,94,นอกพื้นที่หลัก,1000
ราชบุรี,เมืองราชบุรี,บางป่า,70000,94,นอกพื้นที่หลัก,1000
ราชบุรี,เมืองราชบุรี,บ้านไร่,70000,94,นอกพื้นที่หลัก,1000
ราชบุรี,เมืองราชบุรี,พงสวาย,70000,94,นอกพื้นที่หลัก,1000
ราชบุรี,เมืองราชบุรี,พิกุลทอง,70000,94,นอกพื้นที่หลัก,1000
ราชบุรี,เมืองราชบุรี,สามเรือน,70000,94,นอกพื้นที่หลัก,1000
ราชบุรี,เมืองราชบุรี,หนองกลางนา,70000,95,นอกพื้นที่หลัก,1000
ราชบุรี,เมืองราชบุรี,หน้าเมือง,70000,94,นอกพื้นที่หลัก,1000
ราชบุรี,เมืองราชบุรี,หลุมดิน,70000,93,นอกพื้นที่หลัก,1000
ราชบุรี,เมืองราชบุรี,หินกอง,70000,106,นอกพื้นที่หลัก,1100
ราชบุรี,เมืองราชบุรี,ห้วยไผ่,70000,102,นอกพื้นที่หลัก,1100
ราชบุรี,เมืองราชบุรี,อ่างทอง,70000,94,นอกพื้นที่หลัก,1000
ราชบุรี,เมืองราชบุรี,เกาะพลับพลา,70000,101,นอกพื้นที่หลัก,1100
ราชบุรี,เมืองราชบุรี,เขาแร้ง,70000,101,นอกพื้นที่หลัก,1100
ราชบุรี,เมืองราชบุรี,เจดีย์หัก,70000,96,นอกพื้นที่หลัก,1000
ราชบุรี,เมืองราชบุรี,โคกหม้อ,70000,94,นอกพื้นที่หลัก,1000
ราชบุรี,โพธาราม,คลองข่อย,70120,90,นอกพื้นที่หลัก,900
ราชบุรี,โพธาราม,คลองตาคต,70120,86,นอกพื้นที่หลัก,900
ราชบุรี,โพธาราม,ชำแระ,70120,91,นอกพื้นที่หลัก,1000
ราชบุรี,โพธาราม,ดอนกระเบื้อง,70120,79,นอกพื้นที่หลัก,800
ราชบุรี,โพธาราม,ดอนทราย,70120,86,นอกพื้นที่หลัก,900
ราชบุรี,โพธาราม,ท่าชุมพล,70120,86,นอกพื้นที่หลัก,900
ราชบุรี,โพธาราม,ธรรมเสน,70120,86,นอกพื้นที่หลัก,900
ราชบุรี,โพธาราม,นางแก้ว,70120,86,นอกพื้นที่หลัก,900
ราชบุรี,โพธาราม,บางโตนด,70120,86,นอกพื้นที่หลัก,900
ราชบุรี,โพธาราม,บ้านฆ้อง,70120,86,นอกพื้นที่หลัก,900
ราชบุรี,โพธาราม,บ้านสิงห์,70120,86,นอกพื้นที่หลัก,900
ราชบุรี,โพธาราม,บ้านเลือก,70120,80,นอกพื้นที่หลัก,800
ราชบุรี,โพธาราม,สร้อยฟ้า,70120,86,นอกพื้นที่หลัก,900
ราชบุรี,โพธาราม,หนองกวาง,70120,123,นอกพื้นที่หลัก,1300
ราชบุรี,โพธาราม,หนองโพ,70120,77,นอกพื้นที่หลัก,800
ราชบุรี,โพธาราม,เขาชะงุ้ม,70120,102,นอกพื้นที่หลัก,1100
ราชบุรี,โพธาราม,เจ็ดเสมียน,70120,89,นอกพื้นที่หลัก,900
ราชบุรี,โพธาราม,เตาปูน,70120,86,นอกพื้นที่หลัก,900
ราชบุรี,โพธาราม,โพธาราม,70120,86,นอกพื้นที่หลัก,900
สมุทรปราการ,บางบ่อ,คลองด่าน,10550,62,นอกพื้นที่หลัก,700
สมุทรปราการ,บางบ่อ,คลองนิยมยาตรา,10560,72,นอกพื้นที่หลัก,800
สมุทรปราการ,บางบ่อ,คลองสวน,10560,59,นอกพื้นที่หลัก,600
สมุทรปราการ,บางบ่อ,บางบ่อ,10560,60,นอกพื้นที่หลัก,600
สมุทรปราการ,บางบ่อ,บางพลีน้อย,10560,69,นอกพื้นที่หลัก,700
สมุทรปราการ,บางบ่อ,บางเพรียง,10560,58,นอกพื้นที่หลัก,600
สมุทรปราการ,บางบ่อ,บ้านระกาศ,10560,59,นอกพื้นที่หลัก,600
สมุทรปราการ,บางบ่อ,เปร็ง,10560,64,นอกพื้นที่หลัก,700
สมุทรปราการ,บางพลี,บางปลา,10540,46,นอกพื้นที่หลัก,500
สมุทรปราการ,บางพลี,บางพลีใหญ่,10540,39,นอกพื้นที่หลัก,400
สมุทรปราการ,บางพลี,บางแก้ว,10540,33,นอกพื้นที่หลัก,400
สมุทรปราการ,บางพลี,บางโฉลง,10540,46,นอกพื้นที่หลัก,500
สมุทรปราการ,บางพลี,ราชาเทวะ,10540,40,นอกพื้นที่หลัก,400
สมุทรปราการ,บางพลี,หนองปรือ,10540,50,นอกพื้นที่หลัก,500
สมุทรปราการ,บางเสาธง,บางเสาธง,10570,58,นอกพื้นที่หลัก,600
สมุทรปราการ,บางเสาธง,ศีรษะจรเข้น้อย,10570,52,นอกพื้นที่หลัก,600
สมุทรปราการ,บางเสาธง,ศีรษะจรเข้ใหญ่,10570,53,นอกพื้นที่หลัก,600
สมุทรปราการ,พระประแดง,ตลาด,10130,14,นอกพื้นที่หลัก,300
สมุทรปราการ,พระประแดง,ทรงคนอง,10130,14,นอกพื้นที่หลัก,300
สมุทรปราการ,พระประแดง,บางกระสอบ,10130,18,นอกพื้นที่หลัก,300
สมุทรปราการ,พระประแดง,บางกอบัว,10130,20,นอกพื้นที่หลัก,300
สมุทรปราการ,พระประแดง,บางกะเจ้า,10130,18,นอกพื้นที่หลัก,300
สมุทรปราการ,พระประแดง,บางครุ,10130,14,นอกพื้นที่หลัก,300
สมุทรปราการ,พระประแดง,บางจาก,10130,14,นอกพื้นที่หลัก,300
สมุทรปราการ,พระประแดง,บางน้ำผึ้ง,10130,20,นอกพื้นที่หลัก,300
สมุทรปราการ,พระประแดง,บางพึ่ง,10130,14,นอกพื้นที่หลัก,300
สมุทรปราการ,พระประแดง,บางยอ,10130,17,นอกพื้นที่หลัก,300
สมุทรปราการ,พระประแดง,บางหญ้าแพรก,10130,14,นอกพื้นที่หลัก,300
สมุทรปราการ,พระประแดง,บางหัวเสือ,10130,14,นอกพื้นที่หลัก,300
สมุทรปราการ,พระประแดง,สำโรง,10130,14,นอกพื้นที่หลัก,300
สมุทรปราการ,พระประแดง,สำโรงกลาง,10130,14,นอกพื้นที่หลัก,300
สมุทรปราการ,พระประแดง,สำโรงใต้,10130,14,นอกพื้นที่หลัก,300
สมุทรปราการ,พระสมุทรเจดีย์,นาเกลือ,10290,23,นอกพื้นที่หลัก,300
สมุทรปราการ,พระสมุทรเจดีย์,บ้านคลองสวน,10290,23,นอกพื้นที่หลัก,300
สมุทรปราการ,พระสมุทรเจดีย์,ปากคลองบางปลากด,10290,23,นอกพื้นที่หลัก,300
สมุทรปราการ,พระสมุทรเจดีย์,แหลมฟ้าผ่า,10290,23,นอกพื้นที่หลัก,300
สมุทรปราการ,พระสมุทรเจดีย์,ในคลองบางปลากด,10290,23,นอกพื้นที่หลัก,300
สมุทรปราการ,เมืองสมุทรปราการ,ท้ายบ้าน,10280,25,นอกพื้นที่หลัก,300
สมุทรปราการ,เมืองสมุทรปราการ,ท้ายบ้านใหม่,10280,25,นอกพื้นที่หลัก,300
สมุทรปราการ,เมืองสมุทรปราการ,บางด้วน,10270,22,นอกพื้นที่หลัก,300
สมุทรปราการ,เมืองสมุทรปราการ,บางปู,10270,25,นอกพื้นที่หลัก,300
สมุทรปราการ,เมืองสมุทรปราการ,บางปูใหม่,10280,25,นอกพื้นที่หลัก,300
สมุทรปราการ,เมืองสมุทรปราการ,บางเมือง,10270,25,นอกพื้นที่หลัก,300
สมุทรปราการ,เมืองสมุทรปราการ,บางเมืองใหม่,10270,25,นอกพื้นที่หลัก,300
สมุทรปราการ,เมืองสมุทรปราการ,บางโปรง,10270,19,นอกพื้นที่หลัก,300
สมุทรปราการ,เมืองสมุทรปราการ,ปากน้ำ,10270,25,นอกพื้นที่หลัก,300
สมุทรปราการ,เมืองสมุทรปราการ,สำโรงเหนือ,10270,25,นอกพื้นที่หลัก,300
สมุทรปราการ,เมืองสมุทรปราการ,เทพารักษ์,10270,32,นอกพื้นที่หลัก,400
สมุทรปราการ,เมืองสมุทรปราการ,แพรกษา,10280,33,นอกพื้นที่หลัก,400
สมุทรปราการ,เมืองสมุทรปราการ,แพรกษาใหม่,10280,35,นอกพื้นที่หลัก,400
สมุทรสงคราม,บางคนที,กระดังงา,75120,78,นอกพื้นที่หลัก,800
สมุทรสงคราม,บางคนที,จอมปลวก,75120,74,นอกพื้นที่หลัก,800
สมุทรสงคราม,บางคนที,ดอนมะโนรา,75120,68,นอกพื้นที่หลัก,700
สมุทรสงคราม,บางคนที,บางกระบือ,75120,75,นอกพื้นที่หลัก,800
สมุทรสงคราม,บางคนที,บางกุ้ง,75120,80,นอกพื้นที่หลัก,800
สมุทรสงคราม,บางคนที,บางคนที,75120,78,นอกพื้นที่หลัก,800
สมุทรสงคราม,บางคนที,บางนกแขวก,75120,80,นอกพื้นที่หลัก,800
สมุทรสงคราม,บางคนที,บางพรม,75120,78,นอกพื้นที่หลัก,800
สมุทรสงคราม,บางคนที,บางยี่รงค์,75120,80,นอกพื้นที่หลัก,800
สมุทรสงคราม,บางคนที,บางสะแก,75120,83,นอกพื้นที่หลัก,900
สมุทรสงคราม,บางคนที,บ้านปราโมทย์,75120,85,นอกพื้นที่หลัก,900
สมุทรสงคราม,บางคนที,ยายแพง,75120,75,นอกพื้นที่หลัก,800
สมุทรสงคราม,บางคนที,โรงหีบ,75120,80,นอกพื้นที่หลัก,800
สมุทรสงคราม,อัมพวา,ท่าคา,75110,72,นอกพื้นที่หลัก,800
สมุทรสงคราม,อัมพวา,บางช้าง,75110,76,นอกพื้นที่หลัก,800
สมุทรสงคราม,อัมพวา,บางนางลี่,75110,84,นอกพื้นที่หลัก,900
สมุทรสงคราม,อัมพวา,บางแค,75110,84,นอกพื้นที่หลัก,900
สมุทรสงคราม,อัมพวา,ปลายโพงพาง,75110,86,นอกพื้นที่หลัก,900
สมุทรสงคราม,อัมพวา,ยี่สาร,75110,95,นอกพื้นที่หลัก,1000
สมุทรสงคราม,อัมพวา,วัดประดู่,75110,92,นอกพื้นที่หลัก,1000
สมุทรสงคราม,อัมพวา,สวนหลวง,75110,82,นอกพื้นที่หลัก,900
สมุทรสงคราม,อัมพวา,อัมพวา,75110,79,นอกพื้นที่หลัก,800
สมุทรสงคราม,อัมพวา,เหมืองใหม่,75110,86,นอกพื้นที่หลัก,900
สมุทรสงคราม,อัมพวา,แควอ้อม,75110,81,นอกพื้นที่หลัก,900
สมุทรสงคราม,อัมพวา,แพรกหนามแดง,75110,92,นอกพื้นที่หลัก,1000
สมุทรสงคราม,เมืองสมุทรสงคราม,คลองเขิน,75000,75,นอกพื้นที่หลัก,800
สมุทรสงคราม,เมืองสมุทรสงคราม,คลองโคน,75000,86,นอกพื้นที่หลัก,900
สมุทรสงคราม,เมืองสมุทรสงคราม,ท้ายหาด,75000,79,นอกพื้นที่หลัก,800
สมุทรสงคราม,เมืองสมุทรสงคราม,นางตะเคียน,75000,69,นอกพื้นที่หลัก,700
สมุทรสงคราม,เมืองสมุทรสงคราม,บางขันแตก,75000,83,นอกพื้นที่หลัก,900
สมุทรสงคราม,เมืองสมุทรสงคราม,บางจะเกร็ง,75000,77,นอกพื้นที่หลัก,800
สมุทรสงคราม,เมืองสมุทรสงคราม,บางแก้ว,75000,72,นอกพื้นที่หลัก,800
สมุทรสงคราม,เมืองสมุทรสงคราม,บ้านปรก,75000,76,นอกพื้นที่หลัก,800
สมุทรสงคราม,เมืองสมุทรสงคราม,ลาดใหญ่,75000,71,นอกพื้นที่หลัก,800
สมุทรสงคราม,เมืองสมุทรสงคราม,แม่กลอง,75000,74,นอกพื้นที่หลัก,800
สมุทรสงคราม,เมืองสมุทรสงคราม,แหลมใหญ่,75000,79,นอกพื้นที่หลัก,800
สมุทรสาคร,กระทุ่มแบน,คลองมะเดื่อ,74110,21,นอกพื้นที่หลัก,300
สมุทรสาคร,กระทุ่มแบน,ดอนไก่ดี,74110,27,นอกพื้นที่หลัก,300
สมุทรสาคร,กระทุ่มแบน,ตลาดกระทุ่มแบน,74110,25,นอกพื้นที่หลัก,300
สมุทรสาคร,กระทุ่มแบน,ท่าเสา,74110,29,นอกพื้นที่หลัก,300
สมุทรสาคร,กระทุ่มแบน,ท่าไม้,74110,25,นอกพื้นที่หลัก,300
สมุทรสาคร,กระทุ่มแบน,บางยาง,74110,33,นอกพื้นที่หลัก,400
สมุทรสาคร,กระทุ่มแบน,สวนหลวง,74110,25,นอกพื้นที่หลัก,300
สมุทรสาคร,กระทุ่มแบน,หนองนกไข่,74110,36,นอกพื้นที่หลัก,400
สมุทรสาคร,กระทุ่มแบน,อ้อมน้อย,74130,25,นอกพื้นที่หลัก,300
สมุทรสาคร,กระทุ่มแบน,แคราย,74110,19,นอกพื้นที่หลัก,300
สมุทรสาคร,บ้านแพ้ว,คลองตัน,74120,39,นอกพื้นที่หลัก,400
สมุทรสาคร,บ้านแพ้ว,บ้านแพ้ว,74120,51,นอกพื้นที่หลัก,600
สมุทรสาคร,บ้านแพ้ว,ยกกระบัตร,74120,50,นอกพื้นที่หลัก,500
สมุทรสาคร,บ้านแพ้ว,สวนส้ม,74120,39,นอกพื้นที่หลัก,400
สมุทรสาคร,บ้านแพ้ว,หนองบัว,74120,50,นอกพื้นที่หลัก,500
สมุทรสาคร,บ้านแพ้ว,หนองสองห้อง,74120,50,นอกพื้นที่หลัก,500
สมุทรสาคร,บ้านแพ้ว,หลักสอง,74120,47,นอกพื้นที่หลัก,500
สมุทรสาคร,บ้านแพ้ว,หลักสาม,74120,49,นอกพื้นที่หลัก,500
สมุทรสาคร,บ้านแพ้ว,อำแพง,74120,36,นอกพื้นที่หลัก,400
สมุทรสาคร,บ้านแพ้ว,เกษตรพัฒนา,74120,41,นอกพื้นที่หลัก,500
สมุทรสาคร,บ้านแพ้ว,เจ็ดริ้ว,74120,45,นอกพื้นที่หลัก,500
สมุทรสาคร,บ้านแพ้ว,โรงเข้,74120,58,นอกพื้นที่หลัก,600
สมุทรสาคร,เมืองสมุทรสาคร,กาหลง,74000,52,นอกพื้นที่หลัก,600
สมุทรสาคร,เมืองสมุทรสาคร,คอกกระบือ,74000,18,นอกพื้นที่หลัก,300
สมุทรสาคร,เมืองสมุทรสาคร,ชัยมงคล,74000,42,นอกพื้นที่หลัก,500
สมุทรสาคร,เมืองสมุทรสาคร,ท่าจีน,74000,34,นอกพื้นที่หลัก,400
สมุทรสาคร,เมืองสมุทรสาคร,ท่าฉลอม,74000,31,นอกพื้นที่หลัก,400
สมุทรสาคร,เมืองสมุทรสาคร,ท่าทราย,74000,30,นอกพื้นที่หลัก,300
สมุทรสาคร,เมืองสมุทรสาคร,นาดี,74000,25,นอกพื้นที่หลัก,300
สมุทรสาคร,เมืองสมุทรสาคร,นาโคก,74000,56,นอกพื้นที่หลัก,600
สมุทรสาคร,เมืองสมุทรสาคร,บางกระเจ้า,74000,41,นอกพื้นที่หลัก,500
สมุทรสาคร,เมืองสมุทรสาคร,บางน้ำจืด,74000,14,นอกพื้นที่หลัก,300
สมุทรสาคร,เมืองสมุทรสาคร,บางหญ้าแพรก,74000,35,นอกพื้นที่หลัก,400
สมุทรสาคร,เมืองสมุทรสาคร,บางโทรัด,74000,48,นอกพื้นที่หลัก,500
สมุทรสาคร,เมืองสมุทรสาคร,บ้านบ่อ,74000,45,นอกพื้นที่หลัก,500
สมุทรสาคร,เมืองสมุทรสาคร,บ้านเกาะ,74000,34,นอกพื้นที่หลัก,400
สมุทรสาคร,เมืองสมุทรสาคร,พันท้ายนรสิงห์,74000,24,นอกพื้นที่หลัก,300
สมุทรสาคร,เมืองสมุทรสาคร,มหาชัย,74000,30,นอกพื้นที่หลัก,300
สมุทรสาคร,เมืองสมุทรสาคร,โกรกกราก,74000,30,นอกพื้นที่หลัก,300
สมุทรสาคร,เมืองสมุทรสาคร,โคกขาม,74000,29,นอกพื้นที่หลัก,300
สระบุรี,ดอนพุด,ดงตะงาว,18210,142,นอกพื้นที่หลัก,1500
สระบุรี,ดอนพุด,ดอนพุด,18210,142,นอกพื้นที่หลัก,1500
สระบุรี,ดอนพุด,บ้านหลวง,18210,142,นอกพื้นที่หลัก,1500
สระบุรี,ดอนพุด,ไผ่หลิ่ว,18210,142,นอกพื้นที่หลัก,1500
สระบุรี,บ้านหมอ,ตลาดน้อย,18130,149,นอกพื้นที่หลัก,1500
สระบุรี,บ้านหมอ,บางโขมด,18130,149,นอกพื้นที่หลัก,1500
สระบุรี,บ้านหมอ,บ้านครัว,18270,149,นอกพื้นที่หลัก,1500
สระบุรี,บ้านหมอ,บ้านหมอ,18130,149,นอกพื้นที่หลัก,1500
สระบุรี,บ้านหมอ,สร่างโศก,18130,149,นอกพื้นที่หลัก,1500
สระบุรี,บ้านหมอ,หนองบัว,18130,152,งานโครงการ,
สระบุรี,บ้านหมอ,หรเทพ,18130,149,นอกพื้นที่หลัก,1500
สระบุรี,บ้านหมอ,โคกใหญ่,18130,149,นอกพื้นที่หลัก,1500
สระบุรี,บ้านหมอ,ไผ่ขวาง,18130,149,นอกพื้นที่หลัก,1500
สระบุรี,พระพุทธบาท,ขุนโขลน,18120,168,งานโครงการ,
สระบุรี,พระพุทธบาท,ธารเกษม,18120,168,งานโครงการ,
สระบุรี,พระพุทธบาท,นายาว,18120,168,งานโครงการ,
สระบุรี,พระพุทธบาท,พระพุทธบาท,18120,168,งานโครงการ,
สระบุรี,พระพุทธบาท,พุกร่าง,18120,168,งานโครงการ,
สระบุรี,พระพุทธบาท,พุคำจาน,18120,168,งานโครงการ,
สระบุรี,พระพุทธบาท,หนองแก,18120,168,งานโครงการ,
สระบุรี,พระพุทธบาท,ห้วยป่าหวาย,18120,168,งานโครงการ,
สระบุรี,พระพุทธบาท,เขาวง,18120,161,งานโครงการ,
สระบุรี,มวกเหล็ก,ซับสนุ่น,18220,185,งานโครงการ,
สระบุรี,มวกเหล็ก,มวกเหล็ก,18180,185,งานโครงการ,
สระบุรี,มวกเหล็ก,มิตรภาพ,18180,179,งานโครงการ,
สระบุรี,มวกเหล็ก,ลำพญากลาง,18180,185,งานโครงการ,
สระบุรี,มวกเหล็ก,ลำสมพุง,18180,185,งานโครงการ,
สระบุรี,มวกเหล็ก,หนองย่างเสือ,18180,185,งานโครงการ,
สระบุรี,วังม่วง,คำพราน,18220,204,งานโครงการ,
สระบุรี,วังม่วง,วังม่วง,18220,204,งานโครงการ,
สระบุรี,วังม่วง,แสลงพัน,18220,204,งานโครงการ,
สระบุรี,วิหารแดง,คลองเรือ,18150,130,นอกพื้นที่หลัก,1300
สระบุรี,วิหารแดง,บ้านลำ,18150,130,นอกพื้นที่หลัก,1300
สระบุรี,วิหารแดง,วิหารแดง,18150,130,นอกพื้นที่หลัก,1300
สระบุรี,วิหารแดง,หนองสรวง,18150,130,นอกพื้นที่หลัก,1300
สระบุรี,วิหารแดง,หนองหมู,18150,130,นอกพื้นที่หลัก,1300
สระบุรี,วิหารแดง,เจริญธรรม,18150,134,นอกพื้นที่หลัก,1400
สระบุรี,หนองแค,กุ่มหัก,18140,119,นอกพื้นที่หลัก,1200
สระบุรี,หนองแค,คชสิทธิ์,18250,119,นอกพื้นที่หลัก,1200
สระบุรี,หนองแค,บัวลอย,18230,126,นอกพื้นที่หลัก,1300
สระบุรี,หนองแค,หนองจรเข้,18140,119,นอกพื้นที่หลัก,1200
สระบุรี,หนองแค,หนองจิก,18230,119,นอกพื้นที่หลัก,1200
สระบุรี,หนองแค,หนองนาก,18230,119,นอกพื้นที่หลัก,1200
สระบุรี,หนองแค,หนองปลาหมอ,18140,119,นอกพื้นที่หลัก,1200
สระบุรี,หนองแค,หนองปลิง,18140,119,นอกพื้นที่หลัก,1200
สระบุรี,หนองแค,หนองแขม,18140,119,นอกพื้นที่หลัก,1200
สระบุรี,หนองแค,หนองแค,18140,119,นอกพื้นที่หลัก,1200
สระบุรี,หนองแค,หนองโรง,18140,119,นอกพื้นที่หลัก,1200
สระบุรี,หนองแค,หนองไข่น้ำ,18140,119,นอกพื้นที่หลัก,1200
สระบุรี,หนองแค,ห้วยขมิ้น,18230,119,นอกพื้นที่หลัก,1200
สระบุรี,หนองแค,ห้วยทราย,18230,133,นอกพื้นที่หลัก,1400
สระบุรี,หนองแค,โคกตูม,18250,124,นอกพื้นที่หลัก,1300
สระบุรี,หนองแค,โคกแย้,18230,119,นอกพื้นที่หลัก,1200
สระบุรี,หนองแค,โพนทอง,18250,119,นอกพื้นที่หลัก,1200
สระบุรี,หนองแค,ไผ่ต่ำ,18140,119,นอกพื้นที่หลัก,1200
สระบุรี,หนองแซง,ม่วงหวาน,18170,134,นอกพื้นที่หลัก,1400
สระบุรี,หนองแซง,หนองกบ,18170,134,นอกพื้นที่หลัก,1400
สระบุรี,หนองแซง,หนองควายโซ,18170,134,นอกพื้นที่หลัก,1400
สระบุรี,หนองแซง,หนองสีดา,18170,139,นอกพื้นที่หลัก,1400
สระบุรี,หนองแซง,หนองหัวโพ,18170,134,นอกพื้นที่หลัก,1400
สระบุรี,หนองแซง,หนองแซง,18170,134,นอกพื้นที่หลัก,1400
สระบุรี,หนองแซง,เขาดิน,18170,134,นอกพื้นที่หลัก,1400
สระบุรี,หนองแซง,โคกสะอาด,18170,134,นอกพื้นที่หลัก,1400
สระบุรี,หนองแซง,ไก่เส่า,18170,134,นอกพื้นที่หลัก,1400
สระบุรี,หนองโดน,ดอนทอง,18190,152,งานโครงการ,
สระบุรี,หนองโดน,บ้านกลับ,18190,163,งานโครงการ,
สระบุรี,หนองโดน,บ้านโปร่ง,18190,158,งานโครงการ,
สระบุรี,หนองโดน,หนองโดน,18190,158,งานโครงการ,
สระบุรี,เฉลิมพระเกียรติ,บ้านแก้ง,18000,158,งานโครงการ,
สระบุรี,เฉลิมพระเกียรติ,ผึ้งรวง,18000,158,งานโครงการ,
สระบุรี,เฉลิมพระเกียรติ,พุแค,18240,158,งานโครงการ,
สระบุรี,เฉลิมพระเกียรติ,หน้าพระลาน,18240,158,งานโครงการ,
สระบุรี,เฉลิมพระเกียรติ,ห้วยบง,18000,158,งานโครงการ,
สระบุรี,เฉลิมพระเกียรติ,เขาดินพัฒนา,18000,158,งานโครงการ,
สระบุรี,เมืองสระบุรี,กุดนกเปล้า,18000,147,นอกพื้นที่หลัก,1500
สระบุรี,เมืองสระบุรี,ดาวเรือง,18000,147,นอกพื้นที่หลัก,1500
สระบุรี,เมืองสระบุรี,ตลิ่งชัน,18000,154,งานโครงการ,
สระบุรี,เมืองสระบุรี,ตะกุด,18000,147,นอกพื้นที่หลัก,1500
สระบุรี,เมืองสระบุรี,นาโฉง,18000,147,นอกพื้นที่หลัก,1500
สระบุรี,เมืองสระบุรี,ปากข้าวสาร,18000,147,นอกพื้นที่หลัก,1500
สระบุรี,เมืองสระบุรี,ปากเพรียว,18000,147,นอกพื้นที่หลัก,1500
สระบุรี,เมืองสระบุรี,หนองปลาไหล,18000,141,นอกพื้นที่หลัก,1500
สระบุรี,เมืองสระบุรี,หนองยาว,18000,147,นอกพื้นที่หลัก,1500
สระบุรี,เมืองสระบุรี,หนองโน,18000,147,นอกพื้นที่หลัก,1500
สระบุรี,เมืองสระบุรี,โคกสว่าง,18000,147,นอกพื้นที่หลัก,1500
สระบุรี,เสาไห้,งิ้วงาม,18160,146,นอกพื้นที่หลัก,1500
สระบุรี,เสาไห้,ต้นตาล,18160,146,นอกพื้นที่หลัก,1500
สระบุรี,เสาไห้,ท่าช้าง,18160,146,นอกพื้นที่หลัก,1500
สระบุรี,เสาไห้,บ้านยาง,18160,146,นอกพื้นที่หลัก,1500
สระบุรี,เสาไห้,พระยาทด,18160,146,นอกพื้นที่หลัก,1500
สระบุรี,เสาไห้,ม่วงงาม,18160,146,นอกพื้นที่หลัก,1500
สระบุรี,เสาไห้,ศาลารีไทย,18160,146,นอกพื้นที่หลัก,1500
สระบุรี,เสาไห้,สวนดอกไม้,18160,146,นอกพื้นที่หลัก,1500
สระบุรี,เสาไห้,หัวปลวก,18160,146,นอกพื้นที่หลัก,1500
สระบุรี,เสาไห้,เมืองเก่า,18160,146,นอกพื้นที่หลัก,1500
สระบุรี,เสาไห้,เริงราง,18160,146,นอกพื้นที่หลัก,1500
สระบุรี,เสาไห้,เสาไห้,18160,145,นอกพื้นที่หลัก,1500
สระบุรี,แก่งคอย,ชะอม,18110,160,งานโครงการ,
สระบุรี,แก่งคอย,ชำผักแพว,18110,160,งานโครงการ,
สระบุรี,แก่งคอย,ตาลเดี่ยว,18110,160,งานโครงการ,
สระบุรี,แก่งคอย,ทับกวาง,18260,160,งานโครงการ,
สระบุรี,แก่งคอย,ท่าคล้อ,18110,175,งานโครงการ,
สระบุรี,แก่งคอย,ท่าตูม,18110,160,งานโครงการ,
สระบุรี,แก่งคอย,ท่ามะปราง,18110,160,งานโครงการ,
สระบุรี,แก่งคอย,บ้านธาตุ,18110,160,งานโครงการ,
สระบุรี,แก่งคอย,บ้านป่า,18110,160,งานโครงการ,
สระบุรี,แก่งคอย,สองคอน,18110,161,งานโครงการ,
สระบุรี,แก่งคอย,หินซ้อน,18110,160,งานโครงการ,
สระบุรี,แก่งคอย,ห้วยแห้ง,18110,160,งานโครงการ,
สระบุรี,แก่งคอย,เตาปูน,18110,157,งานโครงการ,
สระบุรี,แก่งคอย,แก่งคอย,18110,160,งานโครงการ,
สิงห์บุรี,ค่ายบางระจัน,คอทราย,16150,172,งานโครงการ,
สิงห์บุรี,ค่ายบางระจัน,ท่าข้าม,16150,172,งานโครงการ,
สิงห์บุรี,ค่ายบางระจัน,บางระจัน,16150,171,งานโครงการ,
สิงห์บุรี,ค่ายบางระจัน,หนองกระทุ่ม,16150,176,งานโครงการ,
สิงห์บุรี,ค่ายบางระจัน,โพทะเล,16150,178,งานโครงการ,
สิงห์บุรี,ค่ายบางระจัน,โพสังโฆ,16150,172,งานโครงการ,
สิงห์บุรี,ท่าช้าง,ถอนสมอ,16140,165,งานโครงการ,
สิงห์บุรี,ท่าช้าง,พิกุลทอง,16140,165,งานโครงการ,
สิงห์บุรี,ท่าช้าง,วิหารขาว,16140,165,งานโครงการ,
สิงห์บุรี,ท่าช้าง,โพประจักษ์,16140,165,งานโครงการ,
สิงห์บุรี,บางระจัน,บ้านจ่า,16130,185,งานโครงการ,
สิงห์บุรี,บางระจัน,พักทัน,16130,191,งานโครงการ,
สิงห์บุรี,บางระจัน,สระแจง,16130,184,งานโครงการ,
สิงห์บุรี,บางระจัน,สิงห์,16130,185,งานโครงการ,
สิงห์บุรี,บางระจัน,เชิงกลัด,16130,185,งานโครงการ,
สิงห์บุรี,บางระจัน,แม่ลา,16130,193,งานโครงการ,
สิงห์บุรี,บางระจัน,โพชนไก่,16130,185,งานโครงการ,
สิงห์บุรี,บางระจัน,ไม้ดัด,16130,185,งานโครงการ,
สิงห์บุรี,พรหมบุรี,บางน้ำเชี่ยว,16120,169,งานโครงการ,
สิงห์บุรี,พรหมบุรี,บ้านหม้อ,16120,169,งานโครงการ,
สิงห์บุรี,พรหมบุรี,บ้านแป้ง,16120,171,งานโครงการ,
สิงห์บุรี,พรหมบุรี,พรหมบุรี,16160,178,งานโครงการ,
สิงห์บุรี,พรหมบุรี,พระงาม,16120,169,งานโครงการ,
สิงห์บุรี,พรหมบุรี,หัวป่า,16120,169,งานโครงการ,
สิงห์บุรี,พรหมบุรี,โรงช้าง,16120,169,งานโครงการ,
สิงห์บุรี,อินทร์บุรี,งิ้วราย,16110,202,งานโครงการ,
สิงห์บุรี,อินทร์บุรี,ชีน้ำร้าย,16110,202,งานโครงการ,
สิงห์บุรี,อินทร์บุรี,ทองเอน,16110,204,งานโครงการ,
สิงห์บุรี,อินทร์บุรี,ทับยา,16110,202,งานโครงการ,
สิงห์บุรี,อินทร์บุรี,ท่างาม,16110,205,งานโครงการ,
สิงห์บุรี,อินทร์บุรี,น้ำตาล,16110,195,งานโครงการ,
สิงห์บุรี,อินทร์บุรี,ประศุก,16110,202,งานโครงการ,
สิงห์บุรี,อินทร์บุรี,ห้วยชัน,16110,200,งานโครงการ,
สิงห์บุรี,อินทร์บุรี,อินทร์บุรี,16110,202,งานโครงการ,
สิงห์บุรี,อินทร์บุรี,โพธิ์ชัย,16110,200,งานโครงการ,
สิงห์บุรี,เมืองสิงห์บุรี,จักรสีห์,16000,184,งานโครงการ,
สิงห์บุรี,เมืองสิงห์บุรี,ต้นโพธิ์,16000,180,งานโครงการ,
สิงห์บุรี,เมืองสิงห์บุรี,บางกระบือ,16000,187,งานโครงการ,
สิงห์บุรี,เมืองสิงห์บุรี,บางพุทรา,16000,184,งานโครงการ,
สิงห์บุรี,เมืองสิงห์บุรี,บางมัญ,16000,184,งานโครงการ,
สิงห์บุรี,เมืองสิงห์บุรี,ม่วงหมู่,16000,180,งานโครงการ,
สิงห์บุรี,เมืองสิงห์บุรี,หัวไผ่,16000,194,งานโครงการ,
สิงห์บุรี,เมืองสิงห์บุรี,โพกรวม,16000,184,งานโครงการ,
สุพรรณบุรี,ดอนเจดีย์,ดอนเจดีย์,72170,156,งานโครงการ,
สุพรรณบุรี,ดอนเจดีย์,ทะเลบก,72250,158,งานโครงการ,
สุพรรณบุรี,ดอนเจดีย์,สระกระโจม,72250,167,งานโครงการ,
สุพรรณบุรี,ดอนเจดีย์,หนองสาหร่าย,72170,163,งานโครงการ,
สุพรรณบุรี,ดอนเจดีย์,ไร่รถ,72170,154,งานโครงการ,
สุพรรณบุรี,ด่านช้าง,ด่านช้าง,72180,207,งานโครงการ,
สุพรรณบุรี,ด่านช้าง,นิคมกระเสียว,72180,219,งานโครงการ,
สุพรรณบุรี,ด่านช้าง,วังคัน,72180,207,งานโครงการ,
สุพรรณบุรี,ด่านช้าง,วังยาว,72180,207,งานโครงการ,
สุพรรณบุรี,ด่านช้าง,หนองมะค่าโมง,72180,207,งานโครงการ,
สุพรรณบุรี,ด่านช้าง,ห้วยขมิ้น,72180,207,งานโครงการ,
สุพรรณบุรี,ด่านช้าง,องค์พระ,72180,207,งานโครงการ,
สุพรรณบุรี,บางปลาม้า,กฤษณา,72150,118,นอกพื้นที่หลัก,1200
สุพรรณบุรี,บางปลาม้า,จรเข้ใหญ่,72150,118,นอกพื้นที่หลัก,1200
สุพรรณบุรี,บางปลาม้า,ตะค่า,72150,118,นอกพื้นที่หลัก,1200
สุพรรณบุรี,บางปลาม้า,บางปลาม้า,72150,122,นอกพื้นที่หลัก,1300
สุพรรณบุรี,บางปลาม้า,บางใหญ่,72150,118,นอกพื้นที่หลัก,1200
สุพรรณบุรี,บางปลาม้า,บ้านแหลม,72150,114,นอกพื้นที่หลัก,1200
สุพรรณบุรี,บางปลาม้า,มะขามล้ม,72150,121,นอกพื้นที่หลัก,1300
สุพรรณบุรี,บางปลาม้า,วังน้ำเย็น,72150,125,นอกพื้นที่หลัก,1300
สุพรรณบุรี,บางปลาม้า,วัดดาว,72150,118,นอกพื้นที่หลัก,1200
สุพรรณบุรี,บางปลาม้า,วัดโบสถ์,72150,115,นอกพื้นที่หลัก,1200
สุพรรณบุรี,บางปลาม้า,สาลี,72150,118,นอกพื้นที่หลัก,1200
สุพรรณบุรี,บางปลาม้า,องครักษ์,72150,118,นอกพื้นที่หลัก,1200
สุพรรณบุรี,บางปลาม้า,โคกคราม,72150,118,นอกพื้นที่หลัก,1200
สุพรรณบุรี,บางปลาม้า,ไผ่กองดิน,72150,118,นอกพื้นที่หลัก,1200
สุพรรณบุรี,ศรีประจันต์,ดอนปรู,72140,160,งานโครงการ,
สุพรรณบุรี,ศรีประจันต์,บางงาม,72140,152,งานโครงการ,
สุพรรณบุรี,ศรีประจันต์,บ้านกร่าง,72140,152,งานโครงการ,
สุพรรณบุรี,ศรีประจันต์,ปลายนา,72140,150,นอกพื้นที่หลัก,1500
สุพรรณบุรี,ศรีประจันต์,มดแดง,72140,150,นอกพื้นที่หลัก,1500
สุพรรณบุรี,ศรีประจันต์,วังน้ำซับ,72140,155,งานโครงการ,
สุพรรณบุรี,ศรีประจันต์,วังยาง,72140,150,นอกพื้นที่หลัก,1500
สุพรรณบุรี,ศรีประจันต์,วังหว้า,72140,150,นอกพื้นที่หลัก,1500
สุพรรณบุรี,ศรีประจันต์,ศรีประจันต์,72140,150,นอกพื้นที่หลัก,1500
สุพรรณบุรี,สองพี่น้อง,ดอนมะนาว,72110,104,นอกพื้นที่หลัก,1100
สุพรรณบุรี,สองพี่น้อง,ต้นตาล,72110,104,นอกพื้นที่หลัก,1100
สุพรรณบุรี,สองพี่น้อง,ทุ่งคอก,72190,102,นอกพื้นที่หลัก,1100
สุพรรณบุรี,สองพี่น้อง,บางตะเคียน,72110,95,นอกพื้นที่หลัก,1000
สุพรรณบุรี,สองพี่น้อง,บางตาเถร,72110,104,นอกพื้นที่หลัก,1100
สุพรรณบุรี,สองพี่น้อง,บางพลับ,72110,104,นอกพื้นที่หลัก,1100
สุพรรณบุรี,สองพี่น้อง,บางเลน,72110,89,นอกพื้นที่หลัก,900
สุพรรณบุรี,สองพี่น้อง,บ่อสุพรรณ,72190,107,นอกพื้นที่หลัก,1100
สุพรรณบุรี,สองพี่น้อง,บ้านกุ่ม,72110,100,นอกพื้นที่หลัก,1000
สุพรรณบุรี,สองพี่น้อง,บ้านช้าง,72110,104,นอกพื้นที่หลัก,1100
สุพรรณบุรี,สองพี่น้อง,ศรีสำราญ,72110,104,นอกพื้นที่หลัก,1100
สุพรรณบุรี,สองพี่น้อง,สองพี่น้อง,72110,104,นอกพื้นที่หลัก,1100
สุพรรณบุรี,สองพี่น้อง,หนองบ่อ,72110,112,นอกพื้นที่หลัก,1200
สุพรรณบุรี,สองพี่น้อง,หัวโพธิ์,72110,104,นอกพื้นที่หลัก,1100
สุพรรณบุรี,สองพี่น้อง,เนินพระปรางค์,72110,104,นอกพื้นที่หลัก,1100
สุพรรณบุรี,สามชุก,กระเสียว,72130,171,งานโครงการ,
สุพรรณบุรี,สามชุก,บ้านสระ,72130,166,งานโครงการ,
สุพรรณบุรี,สามชุก,ย่านยาว,72130,171,งานโครงการ,
สุพรรณบุรี,สามชุก,วังลึก,72130,171,งานโครงการ,
สุพรรณบุรี,สามชุก,สามชุก,72130,171,งานโครงการ,
สุพรรณบุรี,สามชุก,หนองผักนาก,72130,171,งานโครงการ,
สุพรรณบุรี,สามชุก,หนองสะเดา,72130,185,งานโครงการ,
สุพรรณบุรี,หนองหญ้าไซ,ทัพหลวง,72240,184,งานโครงการ,
สุพรรณบุรี,หนองหญ้าไซ,หนองขาม,72240,184,งานโครงการ,
สุพรรณบุรี,หนองหญ้าไซ,หนองราชวัตร,72240,184,งานโครงการ,
สุพรรณบุรี,หนองหญ้าไซ,หนองหญ้าไซ,72240,184,งานโครงการ,
สุพรรณบุรี,หนองหญ้าไซ,หนองโพธิ์,72240,184,งานโครงการ,
สุพรรณบุรี,หนองหญ้าไซ,แจงงาม,72240,184,งานโครงการ,
สุพรรณบุรี,อู่ทอง,กระจัน,72160,133,นอกพื้นที่หลัก,1400
สุพรรณบุรี,อู่ทอง,จรเข้สามพัน,72160,130,นอกพื้นที่หลัก,1300
สุพรรณบุรี,อู่ทอง,ดอนคา,72160,142,นอกพื้นที่หลัก,1500
สุพรรณบุรี,อู่ทอง,ดอนมะเกลือ,72220,133,นอกพื้นที่หลัก,1400
สุพรรณบุรี,อู่ทอง,บ้านดอน,72160,122,นอกพื้นที่หลัก,1300
สุพรรณบุรี,อู่ทอง,บ้านโข้ง,72160,133,นอกพื้นที่หลัก,1400
สุพรรณบุรี,อู่ทอง,พลับพลาไชย,72160,133,นอกพื้นที่หลัก,1400
สุพรรณบุรี,อู่ทอง,ยุ้งทะลาย,72160,133,นอกพื้นที่หลัก,1400
สุพรรณบุรี,อู่ทอง,สระพังลาน,72220,133,นอกพื้นที่หลัก,1400
สุพรรณบุรี,อู่ทอง,สระยายโสม,72220,122,นอกพื้นที่หลัก,1300
สุพรรณบุรี,อู่ทอง,หนองโอ่ง,72160,138,นอกพื้นที่หลัก,1400
สุพรรณบุรี,อู่ทอง,อู่ทอง,72160,133,นอกพื้นที่หลัก,1400
สุพรรณบุรี,อู่ทอง,เจดีย์,72160,133,นอกพื้นที่หลัก,1400
สุพรรณบุรี,เดิมบางนางบวช,ทุ่งคลี,72120,185,งานโครงการ,
สุพรรณบุรี,เดิมบางนางบวช,นางบวช,72120,185,งานโครงการ,
สุพรรณบุรี,เดิมบางนางบวช,บ่อกรุ,72120,185,งานโครงการ,
สุพรรณบุรี,เดิมบางนางบวช,ปากน้ำ,72120,185,งานโครงการ,
สุพรรณบุรี,เดิมบางนางบวช,ป่าสะแก,72120,185,งานโครงการ,
สุพรรณบุรี,เดิมบางนางบวช,ยางนอน,72120,185,งานโครงการ,
สุพรรณบุรี,เดิมบางนางบวช,วังศรีราช,72120,185,งานโครงการ,
สุพรรณบุรี,เดิมบางนางบวช,หนองกระทุ่ม,72120,185,งานโครงการ,
สุพรรณบุรี,เดิมบางนางบวช,หัวนา,72120,194,งานโครงการ,
สุพรรณบุรี,เดิมบางนางบวช,หัวเขา,72120,185,งานโครงการ,
สุพรรณบุรี,เดิมบางนางบวช,เขาดิน,72120,185,งานโครงการ,
สุพรรณบุรี,เดิมบางนางบวช,เขาพระ,72120,187,งานโครงการ,
สุพรรณบุรี,เดิมบางนางบวช,เดิมบาง,72120,185,งานโครงการ,
สุพรรณบุรี,เดิมบางนางบวช,โคกช้าง,72120,185,งานโครงการ,
สุพรรณบุรี,เมืองสุพรรณบุรี,ดอนกำยาน,72000,131,นอกพื้นที่หลัก,1400
สุพรรณบุรี,เมืองสุพรรณบุรี,ดอนตาล,72000,131,นอกพื้นที่หลัก,1400
สุพรรณบุรี,เมืองสุพรรณบุรี,ดอนมะสังข์,72000,131,นอกพื้นที่หลัก,1400
สุพรรณบุรี,เมืองสุพรรณบุรี,ดอนโพธิ์ทอง,72000,131,นอกพื้นที่หลัก,1400
สุพรรณบุรี,เมืองสุพรรณบุรี,ตลิ่งชัน,72230,131,นอกพื้นที่หลัก,1400
สุพรรณบุรี,เมืองสุพรรณบุรี,ทับตีเหล็ก,72000,126,นอกพื้นที่หลัก,1300
สุพรรณบุรี,เมืองสุพรรณบุรี,ท่าพี่เลี้ยง,72000,131,นอกพื้นที่หลัก,1400
สุพรรณบุรี,เมืองสุพรรณบุรี,ท่าระหัด,72000,126,นอกพื้นที่หลัก,1300
สุพรรณบุรี,เมืองสุพรรณบุรี,บางกุ้ง,72210,134,นอกพื้นที่หลัก,1400
สุพรรณบุรี,เมืองสุพรรณบุรี,บ้านโพธิ์,72000,138,นอกพื้นที่หลัก,1400
สุพรรณบุรี,เมืองสุพรรณบุรี,พิหารแดง,72000,131,นอกพื้นที่หลัก,1400
สุพรรณบุรี,เมืองสุพรรณบุรี,รั้วใหญ่,72000,132,นอกพื้นที่หลัก,1400
สุพรรณบุรี,เมืองสุพรรณบุรี,ศาลาขาว,72210,131,นอกพื้นที่หลัก,1400
สุพรรณบุรี,เมืองสุพรรณบุรี,สนามคลี,72230,131,นอกพื้นที่หลัก,1400
สุพรรณบุรี,เมืองสุพรรณบุรี,สนามชัย,72000,133,นอกพื้นที่หลัก,1400
สุพรรณบุรี,เมืองสุพรรณบุรี,สระแก้ว,72230,131,นอกพื้นที่หลัก,1400
สุพรรณบุรี,เมืองสุพรรณบุรี,สวนแตง,72210,130,นอกพื้นที่หลัก,1300
สุพรรณบุรี,เมืองสุพรรณบุรี,โคกโคเฒ่า,72000,131,นอกพื้นที่หลัก,1400
สุพรรณบุรี,เมืองสุพรรณบุรี,โพธิ์พระยา,72000,138,นอกพื้นที่หลัก,1400
สุพรรณบุรี,เมืองสุพรรณบุรี,ไผ่ขวาง,72000,131,นอกพื้นที่หลัก,1400
อ่างทอง,ป่าโมก,นรสิงห์,14130,127,นอกพื้นที่หลัก,1300
อ่างทอง,ป่าโมก,บางปลากด,14130,124,นอกพื้นที่หลัก,1300
อ่างทอง,ป่าโมก,บางเสด็จ,14130,119,นอกพื้นที่หลัก,1200
อ่างทอง,ป่าโมก,ป่าโมก,14130,124,นอกพื้นที่หลัก,1300
อ่างทอง,ป่าโมก,สายทอง,14130,128,นอกพื้นที่หลัก,1300
อ่างทอง,ป่าโมก,เอกราช,14130,124,นอกพื้นที่หลัก,1300
อ่างทอง,ป่าโมก,โผงเผง,14130,119,นอกพื้นที่หลัก,1200
อ่างทอง,ป่าโมก,โรงช้าง,14130,125,นอกพื้นที่หลัก,1300
อ่างทอง,วิเศษชัยชาญ,คลองขนาก,14110,129,นอกพื้นที่หลัก,1300
อ่างทอง,วิเศษชัยชาญ,ตลาดใหม่,14110,135,นอกพื้นที่หลัก,1400
อ่างทอง,วิเศษชัยชาญ,ท่าช้าง,14110,135,นอกพื้นที่หลัก,1400
อ่างทอง,วิเศษชัยชาญ,บางจัก,14110,127,นอกพื้นที่หลัก,1300
อ่างทอง,วิเศษชัยชาญ,ม่วงเตี้ย,14110,140,นอกพื้นที่หลัก,1400
อ่างทอง,วิเศษชัยชาญ,ยี่ล้น,14110,140,นอกพื้นที่หลัก,1400
อ่างทอง,วิเศษชัยชาญ,ศาลเจ้าโรงทอง,14110,143,นอกพื้นที่หลัก,1500
อ่างทอง,วิเศษชัยชาญ,สาวร้องไห้,14110,134,นอกพื้นที่หลัก,1400
อ่างทอง,วิเศษชัยชาญ,สี่ร้อย,14110,140,นอกพื้นที่หลัก,1400
อ่างทอง,วิเศษชัยชาญ,หลักแก้ว,14110,131,นอกพื้นที่หลัก,1400
อ่างทอง,วิเศษชัยชาญ,หัวตะพาน,14110,138,นอกพื้นที่หลัก,1400
อ่างทอง,วิเศษชัยชาญ,ห้วยคันแหลน,14110,136,นอกพื้นที่หลัก,1400
อ่างทอง,วิเศษชัยชาญ,ไผ่จำศิล,14110,140,นอกพื้นที่หลัก,1400
อ่างทอง,วิเศษชัยชาญ,ไผ่ดำพัฒนา,14110,130,นอกพื้นที่หลัก,1300
อ่างทอง,วิเศษชัยชาญ,ไผ่วง,14110,130,นอกพื้นที่หลัก,1300
อ่างทอง,สามโก้,มงคลธรรมนิมิต,14160,144,นอกพื้นที่หลัก,1500
อ่างทอง,สามโก้,ราษฎรพัฒนา,14160,144,นอกพื้นที่หลัก,1500
อ่างทอง,สามโก้,สามโก้,14160,144,นอกพื้นที่หลัก,1500
อ่างทอง,สามโก้,อบทม,14160,142,นอกพื้นที่หลัก,1500
อ่างทอง,สามโก้,โพธิ์ม่วงพันธ์,14160,139,นอกพื้นที่หลัก,1400
อ่างทอง,เมืองอ่างทอง,คลองวัว,14000,135,นอกพื้นที่หลัก,1400
อ่างทอง,เมืองอ่างทอง,จำปาหล่อ,14000,133,นอกพื้นที่หลัก,1400
อ่างทอง,เมืองอ่างทอง,ตลาดกรวด,14000,143,นอกพื้นที่หลัก,1500
อ่างทอง,เมืองอ่างทอง,ตลาดหลวง,14000,139,นอกพื้นที่หลัก,1400
อ่างทอง,เมืองอ่างทอง,บางแก้ว,14000,139,นอกพื้นที่หลัก,1400
อ่างทอง,เมืองอ่างทอง,บ้านรี,14000,139,นอกพื้นที่หลัก,1400
อ่างทอง,เมืองอ่างทอง,บ้านอิฐ,14000,138,นอกพื้นที่หลัก,1400
อ่างทอง,เมืองอ่างทอง,บ้านแห,14000,135,นอกพื้นที่หลัก,1400
อ่างทอง,เมืองอ่างทอง,ป่างิ้ว,14000,142,นอกพื้นที่หลัก,1500
อ่างทอง,เมืองอ่างทอง,มหาดไทย,14000,139,นอกพื้นที่หลัก,1400
อ่างทอง,เมืองอ่างทอง,ย่านซื่อ,14000,144,นอกพื้นที่หลัก,1500
อ่างทอง,เมืองอ่างทอง,ศาลาแดง,14000,139,นอกพื้นที่หลัก,1400
อ่างทอง,เมืองอ่างทอง,หัวไผ่,14000,139,นอกพื้นที่หลัก,1400
อ่างทอง,เมืองอ่างทอง,โพสะ,14000,139,นอกพื้นที่หลัก,1400
อ่างทอง,แสวงหา,จำลอง,14150,163,งานโครงการ,
อ่างทอง,แสวงหา,บ้านพราน,14150,157,งานโครงการ,
อ่างทอง,แสวงหา,วังน้ำเย็น,14150,163,งานโครงการ,
อ่างทอง,แสวงหา,ศรีพราน,14150,160,งานโครงการ,
อ่างทอง,แสวงหา,สีบัวทอง,14150,170,งานโครงการ,
อ่างทอง,แสวงหา,ห้วยไผ่,14150,168,งานโครงการ,
อ่างทอง,แสวงหา,แสวงหา,14150,164,งานโครงการ,
อ่างทอง,โพธิ์ทอง,คำหยาด,14120,150,นอกพื้นที่หลัก,1500
อ่างทอง,โพธิ์ทอง,ทางพระ,14120,153,งานโครงการ,
อ่างทอง,โพธิ์ทอง,บางพลับ,14120,149,นอกพื้นที่หลัก,1500
อ่างทอง,โพธิ์ทอง,บางระกำ,14120,151,งานโครงการ,
อ่างทอง,โพธิ์ทอง,บางเจ้าฉ่า,14120,156,งานโครงการ,
อ่างทอง,โพธิ์ทอง,บ่อแร่,14120,151,งานโครงการ,
อ่างทอง,โพธิ์ทอง,ยางช้าย,14120,151,งานโครงการ,
อ่างทอง,โพธิ์ทอง,รำมะสัก,14120,156,งานโครงการ,
อ่างทอง,โพธิ์ทอง,สามง่าม,14120,151,งานโครงการ,
อ่างทอง,โพธิ์ทอง,หนองแม่ไก่,14120,157,งานโครงการ,
อ่างทอง,โพธิ์ทอง,องครักษ์,14120,162,งานโครงการ,
อ่างทอง,โพธิ์ทอง,อินทประมูล,14120,148,นอกพื้นที่หลัก,1500
อ่างทอง,โพธิ์ทอง,อ่างแก้ว,14120,149,นอกพื้นที่หลัก,1500
อ่างทอง,โพธิ์ทอง,โคกพุทรา,14120,151,งานโครงการ,
อ่างทอง,โพธิ์ทอง,โพธิ์รังนก,14120,151,งานโครงการ,
อ่างทอง,ไชโย,จรเข้ร้อง,14140,148,นอกพื้นที่หลัก,1500
อ่างทอง,ไชโย,ชะไว,14140,148,นอกพื้นที่หลัก,1500
อ่างทอง,ไชโย,ชัยฤทธิ์,14140,147,นอกพื้นที่หลัก,1500
อ่างทอง,ไชโย,ตรีณรงค์,14140,148,นอกพื้นที่หลัก,1500
อ่างทอง,ไชโย,ราชสถิตย์,14140,151,งานโครงการ,
อ่างทอง,ไชโย,หลักฟ้า,14140,148,นอกพื้นที่หลัก,1500
อ่างทอง,ไชโย,เทวราช,14140,147,นอกพื้นที่หลัก,1500
อ่างทอง,ไชโย,ไชยภูมิ,14140,148,นอกพื้นที่หลัก,1500
อ่างทอง,ไชโย,ไชโย,14140,158,งานโครงการ,
เพชรบุรี,ชะอำ,ชะอำ,76120,147,นอกพื้นที่หลัก,1500
เพชรบุรี,ชะอำ,ดอนขุนห้วย,76120,147,นอกพื้นที่หลัก,1500
เพชรบุรี,ชะอำ,นายาง,76120,147,นอกพื้นที่หลัก,1500
เพชรบุรี,ชะอำ,บางเก่า,76120,135,นอกพื้นที่หลัก,1400
เพชรบุรี,ชะอำ,สามพระยา,76120,147,นอกพื้นที่หลัก,1500
เพชรบุรี,ชะอำ,หนองศาลา,76120,147,นอกพื้นที่หลัก,1500
เพชรบุรี,ชะอำ,ห้วยทรายเหนือ,76120,147,นอกพื้นที่หลัก,1500
เพชรบุรี,ชะอำ,เขาใหญ่,76120,147,นอกพื้นที่หลัก,1500
เพชรบุรี,ชะอำ,ไร่ใหม่พัฒนา,76120,147,นอกพื้นที่หลัก,1500
เพชรบุรี,ท่ายาง,กลัดหลวง,76130,131,นอกพื้นที่หลัก,1400
เพชรบุรี,ท่ายาง,ท่าคอย,76130,131,นอกพื้นที่หลัก,1400
เพชรบุรี,ท่ายาง,ท่ายาง,76130,132,นอกพื้นที่หลัก,1400
เพชรบุรี,ท่ายาง,ท่าแลง,76130,131,นอกพื้นที่หลัก,1400
เพชรบุรี,ท่ายาง,ท่าไม้รวก,76130,131,นอกพื้นที่หลัก,1400
เพชรบุรี,ท่ายาง,บ้านในดง,76130,131,นอกพื้นที่หลัก,1400
เพชรบุรี,ท่ายาง,ปึกเตียน,76130,131,นอกพื้นที่หลัก,1400
เพชรบุรี,ท่ายาง,มาบปลาเค้า,76130,131,นอกพื้นที่หลัก,1400
เพชรบุรี,ท่ายาง,ยางหย่อง,76130,131,นอกพื้นที่หลัก,1400
เพชรบุรี,ท่ายาง,วังไคร้,76130,131,นอกพื้นที่หลัก,1400
เพชรบุรี,ท่ายาง,หนองจอก,76130,128,นอกพื้นที่หลัก,1300
เพชรบุรี,ท่ายาง,เขากระปุก,76130,131,นอกพื้นที่หลัก,1400
เพชรบุรี,บ้านลาด,ตำหรุ,76150,122,นอกพื้นที่หลัก,1300
เพชรบุรี,บ้านลาด,ถ้ำรงค์,76150,122,นอกพื้นที่หลัก,1300
เพชรบุรี,บ้านลาด,ท่าช้าง,76150,120,นอกพื้นที่หลัก,1200
เพชรบุรี,บ้านลาด,ท่าเสน,76150,120,นอกพื้นที่หลัก,1200
เพชรบุรี,บ้านลาด,บ้านทาน,76150,120,นอกพื้นที่หลัก,1200
เพชรบุรี,บ้านลาด,บ้านลาด,76150,120,นอกพื้นที่หลัก,1200
เพชรบุรี,บ้านลาด,บ้านหาด,76150,120,นอกพื้นที่หลัก,1200
เพชรบุรี,บ้านลาด,ลาดโพธิ์,76150,120,นอกพื้นที่หลัก,1200
เพชรบุรี,บ้านลาด,สมอพลือ,76150,115,นอกพื้นที่หลัก,1200
เพชรบุรี,บ้านลาด,สะพานไกร,76150,120,นอกพื้นที่หลัก,1200
เพชรบุรี,บ้านลาด,หนองกระเจ็ด,76150,120,นอกพื้นที่หลัก,1200
เพชรบุรี,บ้านลาด,หนองกะปุ,76150,120,นอกพื้นที่หลัก,1200
เพชรบุรี,บ้านลาด,ห้วยข้อง,76150,120,นอกพื้นที่หลัก,1200
เพชรบุรี,บ้านลาด,ห้วยลึก,76150,120,นอกพื้นที่หลัก,1200
เพชรบุรี,บ้านลาด,โรงเข้,76150,120,นอกพื้นที่หลัก,1200
เพชรบุรี,บ้านลาด,ไร่มะขาม,76150,120,นอกพื้นที่หลัก,1200
เพชรบุรี,บ้านลาด,ไร่สะท้อน,76150,120,นอกพื้นที่หลัก,1200
เพชรบุรี,บ้านลาด,ไร่โคก,76150,120,นอกพื้นที่หลัก,1200
เพชรบุรี,บ้านแหลม,ท่าแร้ง,76110,97,นอกพื้นที่หลัก,1000
เพชรบุรี,บ้านแหลม,ท่าแร้งออก,76110,97,นอกพื้นที่หลัก,1000
เพชรบุรี,บ้านแหลม,บางขุนไทร,76110,97,นอกพื้นที่หลัก,1000
เพชรบุรี,บ้านแหลม,บางครก,76110,100,นอกพื้นที่หลัก,1000
เพชรบุรี,บ้านแหลม,บางตะบูน,76110,94,นอกพื้นที่หลัก,1000
เพชรบุรี,บ้านแหลม,บางตะบูนออก,76110,97,นอกพื้นที่หลัก,1000
เพชรบุรี,บ้านแหลม,บางแก้ว,76110,100,นอกพื้นที่หลัก,1000
เพชรบุรี,บ้านแหลม,บ้านแหลม,76110,95,นอกพื้นที่หลัก,1000
เพชรบุรี,บ้านแหลม,ปากทะเล,76110,95,นอกพื้นที่หลัก,1000
เพชรบุรี,บ้านแหลม,แหลมผักเบี้ย,76100,108,นอกพื้นที่หลัก,1100
เพชรบุรี,หนองหญ้าปล้อง,ท่าตะคร้อ,76160,132,นอกพื้นที่หลัก,1400
เพชรบุรี,หนองหญ้าปล้อง,ยางน้ำกลัดเหนือ,76160,136,นอกพื้นที่หลัก,1400
เพชรบุรี,หนองหญ้าปล้อง,ยางน้ำกลัดใต้,76160,140,นอกพื้นที่หลัก,1400
เพชรบุรี,หนองหญ้าปล้อง,หนองหญ้าปล้อง,76160,132,นอกพื้นที่หลัก,1400
เพชรบุรี,เขาย้อย,ทับคาง,76140,110,นอกพื้นที่หลัก,1100
เพชรบุรี,เขาย้อย,บางเค็ม,76140,110,นอกพื้นที่หลัก,1100
เพชรบุรี,เขาย้อย,สระพัง,76140,110,นอกพื้นที่หลัก,1100
เพชรบุรี,เขาย้อย,หนองชุมพล,76140,110,นอกพื้นที่หลัก,1100
เพชรบุรี,เขาย้อย,หนองชุมพลเหนือ,76140,106,นอกพื้นที่หลัก,1100
เพชรบุรี,เขาย้อย,หนองปรง,76140,110,นอกพื้นที่หลัก,1100
เพชรบุรี,เขาย้อย,หนองปลาไหล,76140,110,นอกพื้นที่หลัก,1100
เพชรบุรี,เขาย้อย,ห้วยท่าช้าง,76140,110,นอกพื้นที่หลัก,1100
เพชรบุรี,เขาย้อย,ห้วยโรง,76140,110,นอกพื้นที่หลัก,1100
เพชรบุรี,เขาย้อย,เขาย้อย,76140,110,นอกพื้นที่หลัก,1100
เพชรบุรี,เมืองเพชรบุรี,คลองกระแชง,76000,110,นอกพื้นที่หลัก,1100
เพชรบุรี,เมืองเพชรบุรี,ช่องสะแก,76000,110,นอกพื้นที่หลัก,1100
เพชรบุรี,เมืองเพชรบุรี,ดอนยาง,76000,119,นอกพื้นที่หลัก,1200
เพชรบุรี,เมืองเพชรบุรี,ต้นมะพร้าว,76000,115,นอกพื้นที่หลัก,1200
เพชรบุรี,เมืองเพชรบุรี,ต้นมะม่วง,76000,113,นอกพื้นที่หลัก,1200
เพชรบุรี,เมืองเพชรบุรี,ท่าราบ,76000,110,นอกพื้นที่หลัก,1100
เพชรบุรี,เมืองเพชรบุรี,ธงชัย,76000,110,นอกพื้นที่หลัก,1100
เพชรบุรี,เมืองเพชรบุรี,นาพันสาม,76000,111,นอกพื้นที่หลัก,1200
เพชรบุรี,เมืองเพชรบุรี,นาวุ้ง,76000,110,นอกพื้นที่หลัก,1100
เพชรบุรี,เมืองเพชรบุรี,บางจาก,76000,110,นอกพื้นที่หลัก,1100
เพชรบุรี,เมืองเพชรบุรี,บางจาน,76000,110,นอกพื้นที่หลัก,1100
เพชรบุรี,เมืองเพชรบุรี,บ้านกุ่ม,76000,107,นอกพื้นที่หลัก,1100
เพชรบุรี,เมืองเพชรบุรี,บ้านหม้อ,76000,114,นอกพื้นที่หลัก,1200
เพชรบุรี,เมืองเพชรบุรี,วังตะโก,76000,110,นอกพื้นที่หลัก,1100
เพชรบุรี,เมืองเพชรบุรี,สำมะโรง,76000,111,นอกพื้นที่หลัก,1200
เพชรบุรี,เมืองเพชรบุรี,หนองขนาน,76000,115,นอกพื้นที่หลัก,1200
เพชรบุรี,เมืองเพชรบุรี,หนองพลับ,76000,110,นอกพื้นที่หลัก,1100
เพชรบุรี,เมืองเพชรบุรี,หนองโสน,76000,106,นอกพื้นที่หลัก,1100
เพชรบุรี,เมืองเพชรบุรี,หัวสะพาน,76000,110,นอกพื้นที่หลัก,1100
เพชรบุรี,เมืองเพชรบุรี,หาดเจ้าสำราญ,76100,113,นอกพื้นที่หลัก,1200
เพชรบุรี,เมืองเพชรบุรี,เวียงคอย,76000,110,นอกพื้นที่หลัก,1100
เพชรบุรี,เมืองเพชรบุรี,โพพระ,76000,105,นอกพื้นที่หลัก,1100
เพชรบุรี,เมืองเพชรบุรี,โพไร่หวาน,76000,112,นอกพื้นที่หลัก,1200
เพชรบุรี,เมืองเพชรบุรี,ไร่ส้ม,76000,112,นอกพื้นที่หลัก,1200
เพชรบุรี,แก่งกระจาน,ป่าเด็ง,76170,208,งานโครงการ,
เพชรบุรี,แก่งกระจาน,พุสวรรค์,76170,162,งานโครงการ,
เพชรบุรี,แก่งกระจาน,วังจันทร์,76170,162,งานโครงการ,
เพชรบุรี,แก่งกระจาน,สองพี่น้อง,76170,162,งานโครงการ,
เพชรบุรี,แก่งกระจาน,ห้วยแม่เพรียง,76170,162,งานโครงการ,
เพชรบุรี,แก่งกระจาน,แก่งกระจาน,76170,162,งานโครงการ,
